Iniciando população a partir do ID 189545
Total já inserido: 139888
Fonte de dados: BigQuery (pncp-466018.pncp_data.itens)
Destino: BigQuery (pncp-466018.pncp_data.resultados)

Processando lote de 100 itens (ID 189549 a 189677)...
✅ Lote processado: 100 resultados inseridos/atualizados
📊 Total acumulado: 139988 resultados
🔖 Checkpoint salvo: último ID = 189677

Processando lote de 100 itens (ID 189678 a 189799)...
✅ Lote processado: 100 resultados inseridos/atualizados
📊 Total acumulado: 140088 resultados
🔖 Checkpoint salvo: último ID = 189799

Processando lote de 100 itens (ID 189800 a 189920)...
✅ Lote processado: 100 resultados inseridos/atualizados
📊 Total acumulado: 140188 resultados
🔖 Checkpoint salvo: último ID = 189920

Processando lote de 100 itens (ID 189921 a 190027)...
✅ Lote processado: 100 resultados inseridos/atualizados
📊 Total acumulado: 140288 resultados
🔖 Checkpoint salvo: último ID = 190027

Processando lote de 100 itens (ID 190028 a 190142)...
✅ Lote processado: 100 resultados inseridos/atualizados
📊 Total acumulado: 140388 resultados
🔖 Checkpoint salvo: último ID = 190142

Processando lote de 100 itens (ID 190143 a 190263)...
✅ Lote processado: 100 resultados inseridos/atualizados
📊 Total acumulado: 140488 resultados
🔖 Checkpoint salvo: último ID = 190263

Processando lote de 100 itens (ID 190264 a 190372)...
✅ Lote processado: 100 resultados inseridos/atualizados
📊 Total acumulado: 140588 resultados
🔖 Checkpoint salvo: último ID = 190372

Processando lote de 100 itens (ID 190373 a 190490)...
✅ Lote processado: 100 resultados inseridos/atualizados
📊 Total acumulado: 140688 resultados
🔖 Checkpoint salvo: último ID = 190490

Processando lote de 100 itens (ID 190491 a 190601)...
✅ Lote processado: 100 resultados inseridos/atualizados
📊 Total acumulado: 140788 resultados
🔖 Checkpoint salvo: último ID = 190601

Processando lote de 100 itens (ID 190602 a 190809)...
✅ Lote processado: 100 resultados inseridos/atualizados
📊 Total acumulado: 140888 resultados
🔖 Checkpoint salvo: último ID = 190809

Processando lote de 100 itens (ID 190810 a 190931)...
✅ Lote processado: 100 resultados inseridos/atualizados
📊 Total acumulado: 140988 resultados
🔖 Checkpoint salvo: último ID = 190931

Processando lote de 100 itens (ID 190932 a 191125)...
✅ Lote processado: 100 resultados inseridos/atualizados
📊 Total acumulado: 141088 resultados
🔖 Checkpoint salvo: último ID = 191125

Processando lote de 100 itens (ID 191127 a 191304)...
✅ Lote processado: 100 resultados inseridos/atualizados
📊 Total acumulado: 141188 resultados
🔖 Checkpoint salvo: último ID = 191304

Processando lote de 100 itens (ID 191305 a 191425)...
✅ Lote processado: 100 resultados inseridos/atualizados
📊 Total acumulado: 141288 resultados
🔖 Checkpoint salvo: último ID = 191425

Processando lote de 100 itens (ID 191426 a 191537)...
✅ Lote processado: 100 resultados inseridos/atualizados
📊 Total acumulado: 141388 resultados
🔖 Checkpoint salvo: último ID = 191537

Processando lote de 100 itens (ID 191538 a 191637)...
✅ Lote processado: 100 resultados inseridos/atualizados
📊 Total acumulado: 141488 resultados
🔖 Checkpoint salvo: último ID = 191637

Processando lote de 100 itens (ID 191638 a 191737)...
✅ Lote processado: 100 resultados inseridos/atualizados
📊 Total acumulado: 141588 resultados
🔖 Checkpoint salvo: último ID = 191737

Processando lote de 100 itens (ID 191738 a 191838)...
✅ Lote processado: 100 resultados inseridos/atualizados
📊 Total acumulado: 141688 resultados
🔖 Checkpoint salvo: último ID = 191838

Processando lote de 100 itens (ID 191839 a 191938)...
✅ Lote processado: 100 resultados inseridos/atualizados
📊 Total acumulado: 141788 resultados
🔖 Checkpoint salvo: último ID = 191938

Processando lote de 100 itens (ID 191939 a 192145)...
✅ Lote processado: 100 resultados inseridos/atualizados
📊 Total acumulado: 141888 resultados
🔖 Checkpoint salvo: último ID = 192145

Processando lote de 100 itens (ID 192146 a 192384)...
✅ Lote processado: 100 resultados inseridos/atualizados
📊 Total acumulado: 141988 resultados
🔖 Checkpoint salvo: último ID = 192384

Processando lote de 100 itens (ID 192386 a 192512)...
✅ Lote processado: 100 resultados inseridos/atualizados
📊 Total acumulado: 142088 resultados
🔖 Checkpoint salvo: último ID = 192512

Processando lote de 100 itens (ID 192513 a 192637)...
✅ Lote processado: 100 resultados inseridos/atualizados
📊 Total acumulado: 142188 resultados
🔖 Checkpoint salvo: último ID = 192637

Processando lote de 100 itens (ID 192638 a 192822)...
✅ Lote processado: 100 resultados inseridos/atualizados
📊 Total acumulado: 142288 resultados
🔖 Checkpoint salvo: último ID = 192822

Processando lote de 100 itens (ID 192823 a 192952)...
✅ Lote processado: 100 resultados inseridos/atualizados
📊 Total acumulado: 142388 resultados
🔖 Checkpoint salvo: último ID = 192952

Processando lote de 100 itens (ID 192953 a 193096)...
✅ Lote processado: 100 resultados inseridos/atualizados
📊 Total acumulado: 142488 resultados
🔖 Checkpoint salvo: último ID = 193096

Processando lote de 100 itens (ID 193097 a 193206)...
✅ Lote processado: 100 resultados inseridos/atualizados
📊 Total acumulado: 142588 resultados
🔖 Checkpoint salvo: último ID = 193206

Processando lote de 100 itens (ID 193208 a 193314)...
✅ Lote processado: 100 resultados inseridos/atualizados
📊 Total acumulado: 142688 resultados
🔖 Checkpoint salvo: último ID = 193314

Processando lote de 100 itens (ID 193315 a 193418)...
✅ Lote processado: 100 resultados inseridos/atualizados
📊 Total acumulado: 142788 resultados
🔖 Checkpoint salvo: último ID = 193418

Processando lote de 100 itens (ID 193419 a 193541)...
✅ Lote processado: 100 resultados inseridos/atualizados
📊 Total acumulado: 142888 resultados
🔖 Checkpoint salvo: último ID = 193541

Processando lote de 100 itens (ID 193542 a 193653)...
✅ Lote processado: 100 resultados inseridos/atualizados
📊 Total acumulado: 142988 resultados
🔖 Checkpoint salvo: último ID = 193653

Processando lote de 100 itens (ID 193654 a 193773)...
✅ Lote processado: 100 resultados inseridos/atualizados
📊 Total acumulado: 143088 resultados
🔖 Checkpoint salvo: último ID = 193773

Processando lote de 100 itens (ID 193776 a 193929)...
✅ Lote processado: 100 resultados inseridos/atualizados
📊 Total acumulado: 143188 resultados
🔖 Checkpoint salvo: último ID = 193929

Processando lote de 100 itens (ID 193931 a 194142)...
✅ Lote processado: 100 resultados inseridos/atualizados
📊 Total acumulado: 143288 resultados
🔖 Checkpoint salvo: último ID = 194142

Processando lote de 100 itens (ID 194144 a 194347)...
✅ Lote processado: 101 resultados inseridos/atualizados
📊 Total acumulado: 143389 resultados
🔖 Checkpoint salvo: último ID = 194347

Processando lote de 100 itens (ID 194350 a 194561)...
Erro ao inserir lote no BigQuery: 400 GET https://bigquery.googleapis.com/bigquery/v2/projects/pncp-466018/queries/45daf5b0-ed9a-4596-b406-3a2ca302de03?maxResults=0&location=southamerica-east1&prettyPrint=false: UPDATE/MERGE must match at most one source row for each target row

Location: southamerica-east1
Job ID: 45daf5b0-ed9a-4596-b406-3a2ca302de03

✅ Lote processado: 0 resultados inseridos/atualizados
📊 Total acumulado: 143389 resultados
🔖 Checkpoint salvo: último ID = 194561

Processando lote de 100 itens (ID 194562 a 194739)...
✅ Lote processado: 100 resultados inseridos/atualizados
📊 Total acumulado: 143489 resultados
🔖 Checkpoint salvo: último ID = 194739

Processando lote de 100 itens (ID 194740 a 194849)...
✅ Lote processado: 101 resultados inseridos/atualizados
📊 Total acumulado: 143590 resultados
🔖 Checkpoint salvo: último ID = 194849

Processando lote de 100 itens (ID 194850 a 194978)...
✅ Lote processado: 100 resultados inseridos/atualizados
📊 Total acumulado: 143690 resultados
🔖 Checkpoint salvo: último ID = 194978

Processando lote de 100 itens (ID 194979 a 195166)...
✅ Lote processado: 100 resultados inseridos/atualizados
📊 Total acumulado: 143790 resultados
🔖 Checkpoint salvo: último ID = 195166

Processando lote de 100 itens (ID 195169 a 195342)...
✅ Lote processado: 100 resultados inseridos/atualizados
📊 Total acumulado: 143890 resultados
🔖 Checkpoint salvo: último ID = 195342

Processando lote de 100 itens (ID 195344 a 195487)...
✅ Lote processado: 100 resultados inseridos/atualizados
📊 Total acumulado: 143990 resultados
🔖 Checkpoint salvo: último ID = 195487

Processando lote de 100 itens (ID 195488 a 195608)...
✅ Lote processado: 100 resultados inseridos/atualizados
📊 Total acumulado: 144090 resultados
🔖 Checkpoint salvo: último ID = 195608

Processando lote de 100 itens (ID 195609 a 195737)...
✅ Lote processado: 100 resultados inseridos/atualizados
📊 Total acumulado: 144190 resultados
🔖 Checkpoint salvo: último ID = 195737

Processando lote de 100 itens (ID 195738 a 195855)...
✅ Lote processado: 100 resultados inseridos/atualizados
📊 Total acumulado: 144290 resultados
🔖 Checkpoint salvo: último ID = 195855

Processando lote de 100 itens (ID 195856 a 195974)...
✅ Lote processado: 100 resultados inseridos/atualizados
📊 Total acumulado: 144390 resultados
🔖 Checkpoint salvo: último ID = 195974

Processando lote de 100 itens (ID 195975 a 196082)...
✅ Lote processado: 100 resultados inseridos/atualizados
📊 Total acumulado: 144490 resultados
🔖 Checkpoint salvo: último ID = 196082

Processando lote de 100 itens (ID 196083 a 196201)...
✅ Lote processado: 100 resultados inseridos/atualizados
📊 Total acumulado: 144590 resultados
🔖 Checkpoint salvo: último ID = 196201

Processando lote de 100 itens (ID 196202 a 196317)...
✅ Lote processado: 100 resultados inseridos/atualizados
📊 Total acumulado: 144690 resultados
🔖 Checkpoint salvo: último ID = 196317

Processando lote de 100 itens (ID 196318 a 196495)...
✅ Lote processado: 100 resultados inseridos/atualizados
📊 Total acumulado: 144790 resultados
🔖 Checkpoint salvo: último ID = 196495

Processando lote de 100 itens (ID 196497 a 196658)...
✅ Lote processado: 100 resultados inseridos/atualizados
📊 Total acumulado: 144890 resultados
🔖 Checkpoint salvo: último ID = 196658

Processando lote de 100 itens (ID 196659 a 196774)...
✅ Lote processado: 100 resultados inseridos/atualizados
📊 Total acumulado: 144990 resultados
🔖 Checkpoint salvo: último ID = 196774

Processando lote de 100 itens (ID 196775 a 196889)...
✅ Lote processado: 102 resultados inseridos/atualizados
📊 Total acumulado: 145092 resultados
🔖 Checkpoint salvo: último ID = 196889

Processando lote de 100 itens (ID 196890 a 197023)...
✅ Lote processado: 100 resultados inseridos/atualizados
📊 Total acumulado: 145192 resultados
🔖 Checkpoint salvo: último ID = 197023

Processando lote de 100 itens (ID 197028 a 197198)...
✅ Lote processado: 100 resultados inseridos/atualizados
📊 Total acumulado: 145292 resultados
🔖 Checkpoint salvo: último ID = 197198

Processando lote de 100 itens (ID 197199 a 197348)...
✅ Lote processado: 100 resultados inseridos/atualizados
📊 Total acumulado: 145392 resultados
🔖 Checkpoint salvo: último ID = 197348

Processando lote de 100 itens (ID 197349 a 197512)...
✅ Lote processado: 100 resultados inseridos/atualizados
📊 Total acumulado: 145492 resultados
🔖 Checkpoint salvo: último ID = 197512

Processando lote de 100 itens (ID 197513 a 197631)...
✅ Lote processado: 105 resultados inseridos/atualizados
📊 Total acumulado: 145597 resultados
🔖 Checkpoint salvo: último ID = 197631

Processando lote de 100 itens (ID 197632 a 197741)...
✅ Lote processado: 105 resultados inseridos/atualizados
📊 Total acumulado: 145702 resultados
🔖 Checkpoint salvo: último ID = 197741

Processando lote de 100 itens (ID 197742 a 197842)...
✅ Lote processado: 100 resultados inseridos/atualizados
📊 Total acumulado: 145802 resultados
🔖 Checkpoint salvo: último ID = 197842

Processando lote de 100 itens (ID 197844 a 197953)...
✅ Lote processado: 100 resultados inseridos/atualizados
📊 Total acumulado: 145902 resultados
🔖 Checkpoint salvo: último ID = 197953

Processando lote de 100 itens (ID 197954 a 198097)...
✅ Lote processado: 100 resultados inseridos/atualizados
📊 Total acumulado: 146002 resultados
🔖 Checkpoint salvo: último ID = 198097

Processando lote de 100 itens (ID 198098 a 198197)...
✅ Lote processado: 103 resultados inseridos/atualizados
📊 Total acumulado: 146105 resultados
🔖 Checkpoint salvo: último ID = 198197

Processando lote de 100 itens (ID 198198 a 198297)...
✅ Lote processado: 103 resultados inseridos/atualizados
📊 Total acumulado: 146208 resultados
🔖 Checkpoint salvo: último ID = 198297

Processando lote de 100 itens (ID 198298 a 198397)...
✅ Lote processado: 100 resultados inseridos/atualizados
📊 Total acumulado: 146308 resultados
🔖 Checkpoint salvo: último ID = 198397

Processando lote de 100 itens (ID 198398 a 198512)...
✅ Lote processado: 100 resultados inseridos/atualizados
📊 Total acumulado: 146408 resultados
🔖 Checkpoint salvo: último ID = 198512

Processando lote de 100 itens (ID 198513 a 198658)...
✅ Lote processado: 101 resultados inseridos/atualizados
📊 Total acumulado: 146509 resultados
🔖 Checkpoint salvo: último ID = 198658

Processando lote de 100 itens (ID 198659 a 198817)...
✅ Lote processado: 101 resultados inseridos/atualizados
📊 Total acumulado: 146610 resultados
🔖 Checkpoint salvo: último ID = 198817

Processando lote de 100 itens (ID 198818 a 198988)...
✅ Lote processado: 100 resultados inseridos/atualizados
📊 Total acumulado: 146710 resultados
🔖 Checkpoint salvo: último ID = 198988

Processando lote de 100 itens (ID 198989 a 199088)...
✅ Lote processado: 100 resultados inseridos/atualizados
📊 Total acumulado: 146810 resultados
🔖 Checkpoint salvo: último ID = 199088

Processando lote de 100 itens (ID 199089 a 199216)...
✅ Lote processado: 100 resultados inseridos/atualizados
📊 Total acumulado: 146910 resultados
🔖 Checkpoint salvo: último ID = 199216

Processando lote de 100 itens (ID 199217 a 199332)...
✅ Lote processado: 100 resultados inseridos/atualizados
📊 Total acumulado: 147010 resultados
🔖 Checkpoint salvo: último ID = 199332

Processando lote de 100 itens (ID 199333 a 199435)...
✅ Lote processado: 100 resultados inseridos/atualizados
📊 Total acumulado: 147110 resultados
🔖 Checkpoint salvo: último ID = 199435

Processando lote de 100 itens (ID 199436 a 199539)...
✅ Lote processado: 100 resultados inseridos/atualizados
📊 Total acumulado: 147210 resultados
🔖 Checkpoint salvo: último ID = 199539

Processando lote de 100 itens (ID 199540 a 199642)...
✅ Lote processado: 100 resultados inseridos/atualizados
📊 Total acumulado: 147310 resultados
🔖 Checkpoint salvo: último ID = 199642

Processando lote de 100 itens (ID 199643 a 199777)...
✅ Lote processado: 100 resultados inseridos/atualizados
📊 Total acumulado: 147410 resultados
🔖 Checkpoint salvo: último ID = 199777

Processando lote de 100 itens (ID 199778 a 199877)...
✅ Lote processado: 100 resultados inseridos/atualizados
📊 Total acumulado: 147510 resultados
🔖 Checkpoint salvo: último ID = 199877

Processando lote de 100 itens (ID 199878 a 200014)...
✅ Lote processado: 100 resultados inseridos/atualizados
📊 Total acumulado: 147610 resultados
🔖 Checkpoint salvo: último ID = 200014

Processando lote de 100 itens (ID 200015 a 200204)...
✅ Lote processado: 100 resultados inseridos/atualizados
📊 Total acumulado: 147710 resultados
🔖 Checkpoint salvo: último ID = 200204

Processando lote de 100 itens (ID 200205 a 200304)...
✅ Lote processado: 100 resultados inseridos/atualizados
📊 Total acumulado: 147810 resultados
🔖 Checkpoint salvo: último ID = 200304

Processando lote de 100 itens (ID 200305 a 200418)...
✅ Lote processado: 100 resultados inseridos/atualizados
📊 Total acumulado: 147910 resultados
🔖 Checkpoint salvo: último ID = 200418

Processando lote de 100 itens (ID 200419 a 200526)...
✅ Lote processado: 100 resultados inseridos/atualizados
📊 Total acumulado: 148010 resultados
🔖 Checkpoint salvo: último ID = 200526

Processando lote de 100 itens (ID 200527 a 200658)...
✅ Lote processado: 100 resultados inseridos/atualizados
📊 Total acumulado: 148110 resultados
🔖 Checkpoint salvo: último ID = 200658

Processando lote de 100 itens (ID 200659 a 200789)...
✅ Lote processado: 100 resultados inseridos/atualizados
📊 Total acumulado: 148210 resultados
🔖 Checkpoint salvo: último ID = 200789

Processando lote de 100 itens (ID 200791 a 200951)...
✅ Lote processado: 101 resultados inseridos/atualizados
📊 Total acumulado: 148311 resultados
🔖 Checkpoint salvo: último ID = 200951

Processando lote de 100 itens (ID 200952 a 201063)...
✅ Lote processado: 100 resultados inseridos/atualizados
📊 Total acumulado: 148411 resultados
🔖 Checkpoint salvo: último ID = 201063

Processando lote de 100 itens (ID 201064 a 201200)...
✅ Lote processado: 100 resultados inseridos/atualizados
📊 Total acumulado: 148511 resultados
🔖 Checkpoint salvo: último ID = 201200

Processando lote de 100 itens (ID 201201 a 201310)...
✅ Lote processado: 100 resultados inseridos/atualizados
📊 Total acumulado: 148611 resultados
🔖 Checkpoint salvo: último ID = 201310

Processando lote de 100 itens (ID 201311 a 201429)...
✅ Lote processado: 100 resultados inseridos/atualizados
📊 Total acumulado: 148711 resultados
🔖 Checkpoint salvo: último ID = 201429

Processando lote de 100 itens (ID 201430 a 201541)...
✅ Lote processado: 101 resultados inseridos/atualizados
📊 Total acumulado: 148812 resultados
🔖 Checkpoint salvo: último ID = 201541

Processando lote de 100 itens (ID 201542 a 201690)...
✅ Lote processado: 100 resultados inseridos/atualizados
📊 Total acumulado: 148912 resultados
🔖 Checkpoint salvo: último ID = 201690

Processando lote de 100 itens (ID 201691 a 201808)...
✅ Lote processado: 100 resultados inseridos/atualizados
📊 Total acumulado: 149012 resultados
🔖 Checkpoint salvo: último ID = 201808

Processando lote de 100 itens (ID 201809 a 201987)...
✅ Lote processado: 100 resultados inseridos/atualizados
📊 Total acumulado: 149112 resultados
🔖 Checkpoint salvo: último ID = 201987

Processando lote de 100 itens (ID 201988 a 202093)...
✅ Lote processado: 91 resultados inseridos/atualizados
📊 Total acumulado: 149203 resultados
🔖 Checkpoint salvo: último ID = 202093

Processando lote de 100 itens (ID 202094 a 202193)...
✅ Lote processado: 94 resultados inseridos/atualizados
📊 Total acumulado: 149297 resultados
🔖 Checkpoint salvo: último ID = 202193

Processando lote de 100 itens (ID 202194 a 202316)...
✅ Lote processado: 100 resultados inseridos/atualizados
📊 Total acumulado: 149397 resultados
🔖 Checkpoint salvo: último ID = 202316

Processando lote de 100 itens (ID 202317 a 202416)...
✅ Lote processado: 100 resultados inseridos/atualizados
📊 Total acumulado: 149497 resultados
🔖 Checkpoint salvo: último ID = 202416

Processando lote de 100 itens (ID 202417 a 202516)...
✅ Lote processado: 100 resultados inseridos/atualizados
📊 Total acumulado: 149597 resultados
🔖 Checkpoint salvo: último ID = 202516

Processando lote de 100 itens (ID 202517 a 202689)...
✅ Lote processado: 100 resultados inseridos/atualizados
📊 Total acumulado: 149697 resultados
🔖 Checkpoint salvo: último ID = 202689

Processando lote de 100 itens (ID 202690 a 202925)...
✅ Lote processado: 100 resultados inseridos/atualizados
📊 Total acumulado: 149797 resultados
🔖 Checkpoint salvo: último ID = 202925

Processando lote de 100 itens (ID 202926 a 203025)...
✅ Lote processado: 100 resultados inseridos/atualizados
📊 Total acumulado: 149897 resultados
🔖 Checkpoint salvo: último ID = 203025

Processando lote de 100 itens (ID 203026 a 203125)...
✅ Lote processado: 100 resultados inseridos/atualizados
📊 Total acumulado: 149997 resultados
🔖 Checkpoint salvo: último ID = 203125

Processando lote de 100 itens (ID 203126 a 203281)...
✅ Lote processado: 100 resultados inseridos/atualizados
📊 Total acumulado: 150097 resultados
🔖 Checkpoint salvo: último ID = 203281

Processando lote de 100 itens (ID 203282 a 203395)...
✅ Lote processado: 101 resultados inseridos/atualizados
📊 Total acumulado: 150198 resultados
🔖 Checkpoint salvo: último ID = 203395

Processando lote de 100 itens (ID 203396 a 203503)...
✅ Lote processado: 100 resultados inseridos/atualizados
📊 Total acumulado: 150298 resultados
🔖 Checkpoint salvo: último ID = 203503

Processando lote de 100 itens (ID 203504 a 203616)...
✅ Lote processado: 100 resultados inseridos/atualizados
📊 Total acumulado: 150398 resultados
🔖 Checkpoint salvo: último ID = 203616

Processando lote de 100 itens (ID 203617 a 203729)...
✅ Lote processado: 100 resultados inseridos/atualizados
📊 Total acumulado: 150498 resultados
🔖 Checkpoint salvo: último ID = 203729

Processando lote de 100 itens (ID 203730 a 203845)...
✅ Lote processado: 100 resultados inseridos/atualizados
📊 Total acumulado: 150598 resultados
🔖 Checkpoint salvo: último ID = 203845

Processando lote de 100 itens (ID 203846 a 203962)...
✅ Lote processado: 100 resultados inseridos/atualizados
📊 Total acumulado: 150698 resultados
🔖 Checkpoint salvo: último ID = 203962

Processando lote de 100 itens (ID 203963 a 204078)...
✅ Lote processado: 100 resultados inseridos/atualizados
📊 Total acumulado: 150798 resultados
🔖 Checkpoint salvo: último ID = 204078

Processando lote de 100 itens (ID 204079 a 204224)...
✅ Lote processado: 100 resultados inseridos/atualizados
📊 Total acumulado: 150898 resultados
🔖 Checkpoint salvo: último ID = 204224

Processando lote de 100 itens (ID 204226 a 204348)...
✅ Lote processado: 100 resultados inseridos/atualizados
📊 Total acumulado: 150998 resultados
🔖 Checkpoint salvo: último ID = 204348

Processando lote de 100 itens (ID 204349 a 204530)...
✅ Lote processado: 100 resultados inseridos/atualizados
📊 Total acumulado: 151098 resultados
🔖 Checkpoint salvo: último ID = 204530

Processando lote de 100 itens (ID 204531 a 204662)...
✅ Lote processado: 100 resultados inseridos/atualizados
📊 Total acumulado: 151198 resultados
🔖 Checkpoint salvo: último ID = 204662

Processando lote de 100 itens (ID 204663 a 204768)...
✅ Lote processado: 100 resultados inseridos/atualizados
📊 Total acumulado: 151298 resultados
🔖 Checkpoint salvo: último ID = 204768

Processando lote de 100 itens (ID 204769 a 204896)...
✅ Lote processado: 100 resultados inseridos/atualizados
📊 Total acumulado: 151398 resultados
🔖 Checkpoint salvo: último ID = 204896

Processando lote de 100 itens (ID 204897 a 205006)...
✅ Lote processado: 100 resultados inseridos/atualizados
📊 Total acumulado: 151498 resultados
🔖 Checkpoint salvo: último ID = 205006

Processando lote de 100 itens (ID 205007 a 205111)...
✅ Lote processado: 100 resultados inseridos/atualizados
📊 Total acumulado: 151598 resultados
🔖 Checkpoint salvo: último ID = 205111

Processando lote de 100 itens (ID 205112 a 205229)...
✅ Lote processado: 100 resultados inseridos/atualizados
📊 Total acumulado: 151698 resultados
🔖 Checkpoint salvo: último ID = 205229

Processando lote de 100 itens (ID 205231 a 205368)...
✅ Lote processado: 100 resultados inseridos/atualizados
📊 Total acumulado: 151798 resultados
🔖 Checkpoint salvo: último ID = 205368

Processando lote de 100 itens (ID 205369 a 205484)...
✅ Lote processado: 100 resultados inseridos/atualizados
📊 Total acumulado: 151898 resultados
🔖 Checkpoint salvo: último ID = 205484

Processando lote de 100 itens (ID 205485 a 205595)...
✅ Lote processado: 100 resultados inseridos/atualizados
📊 Total acumulado: 151998 resultados
🔖 Checkpoint salvo: último ID = 205595

Processando lote de 100 itens (ID 205596 a 205715)...
✅ Lote processado: 105 resultados inseridos/atualizados
📊 Total acumulado: 152103 resultados
🔖 Checkpoint salvo: último ID = 205715

Processando lote de 100 itens (ID 205716 a 205816)...
✅ Lote processado: 106 resultados inseridos/atualizados
📊 Total acumulado: 152209 resultados
🔖 Checkpoint salvo: último ID = 205816

Processando lote de 100 itens (ID 205817 a 205917)...
✅ Lote processado: 100 resultados inseridos/atualizados
📊 Total acumulado: 152309 resultados
🔖 Checkpoint salvo: último ID = 205917

Processando lote de 100 itens (ID 205918 a 206020)...
✅ Lote processado: 100 resultados inseridos/atualizados
📊 Total acumulado: 152409 resultados
🔖 Checkpoint salvo: último ID = 206020

Processando lote de 100 itens (ID 206021 a 206121)...
✅ Lote processado: 101 resultados inseridos/atualizados
📊 Total acumulado: 152510 resultados
🔖 Checkpoint salvo: último ID = 206121

Processando lote de 100 itens (ID 206122 a 206223)...
✅ Lote processado: 105 resultados inseridos/atualizados
📊 Total acumulado: 152615 resultados
🔖 Checkpoint salvo: último ID = 206223

Processando lote de 100 itens (ID 206224 a 206325)...
✅ Lote processado: 100 resultados inseridos/atualizados
📊 Total acumulado: 152715 resultados
🔖 Checkpoint salvo: último ID = 206325

Processando lote de 100 itens (ID 206326 a 206466)...
✅ Lote processado: 100 resultados inseridos/atualizados
📊 Total acumulado: 152815 resultados
🔖 Checkpoint salvo: último ID = 206466

Processando lote de 100 itens (ID 206467 a 206572)...
✅ Lote processado: 100 resultados inseridos/atualizados
📊 Total acumulado: 152915 resultados
🔖 Checkpoint salvo: último ID = 206572

Processando lote de 100 itens (ID 206573 a 206673)...
✅ Lote processado: 100 resultados inseridos/atualizados
📊 Total acumulado: 153015 resultados
🔖 Checkpoint salvo: último ID = 206673

Processando lote de 100 itens (ID 206674 a 206848)...
✅ Lote processado: 100 resultados inseridos/atualizados
📊 Total acumulado: 153115 resultados
🔖 Checkpoint salvo: último ID = 206848

Processando lote de 100 itens (ID 206849 a 207185)...
✅ Lote processado: 100 resultados inseridos/atualizados
📊 Total acumulado: 153215 resultados
🔖 Checkpoint salvo: último ID = 207185

Processando lote de 100 itens (ID 207187 a 207369)...
✅ Lote processado: 100 resultados inseridos/atualizados
📊 Total acumulado: 153315 resultados
🔖 Checkpoint salvo: último ID = 207369

Processando lote de 100 itens (ID 207370 a 207482)...
✅ Lote processado: 100 resultados inseridos/atualizados
📊 Total acumulado: 153415 resultados
🔖 Checkpoint salvo: último ID = 207482

Processando lote de 100 itens (ID 207483 a 207621)...
✅ Lote processado: 100 resultados inseridos/atualizados
📊 Total acumulado: 153515 resultados
🔖 Checkpoint salvo: último ID = 207621

Processando lote de 100 itens (ID 207622 a 207784)...
✅ Lote processado: 103 resultados inseridos/atualizados
📊 Total acumulado: 153618 resultados
🔖 Checkpoint salvo: último ID = 207784

Processando lote de 100 itens (ID 207785 a 207969)...
✅ Lote processado: 100 resultados inseridos/atualizados
📊 Total acumulado: 153718 resultados
🔖 Checkpoint salvo: último ID = 207969

Processando lote de 100 itens (ID 207979 a 208241)...
✅ Lote processado: 100 resultados inseridos/atualizados
📊 Total acumulado: 153818 resultados
🔖 Checkpoint salvo: último ID = 208241

Processando lote de 100 itens (ID 208244 a 208476)...
✅ Lote processado: 104 resultados inseridos/atualizados
📊 Total acumulado: 153922 resultados
🔖 Checkpoint salvo: último ID = 208476

Processando lote de 100 itens (ID 208477 a 208726)...
✅ Lote processado: 100 resultados inseridos/atualizados
📊 Total acumulado: 154022 resultados
🔖 Checkpoint salvo: último ID = 208726

Processando lote de 100 itens (ID 208744 a 209226)...
✅ Lote processado: 102 resultados inseridos/atualizados
📊 Total acumulado: 154124 resultados
🔖 Checkpoint salvo: último ID = 209226

Processando lote de 100 itens (ID 209232 a 209362)...
✅ Lote processado: 100 resultados inseridos/atualizados
📊 Total acumulado: 154224 resultados
🔖 Checkpoint salvo: último ID = 209362

Processando lote de 100 itens (ID 209363 a 209479)...
✅ Lote processado: 100 resultados inseridos/atualizados
📊 Total acumulado: 154324 resultados
🔖 Checkpoint salvo: último ID = 209479

Processando lote de 100 itens (ID 209480 a 209597)...
✅ Lote processado: 100 resultados inseridos/atualizados
📊 Total acumulado: 154424 resultados
🔖 Checkpoint salvo: último ID = 209597

Processando lote de 100 itens (ID 209598 a 209709)...
✅ Lote processado: 111 resultados inseridos/atualizados
📊 Total acumulado: 154535 resultados
🔖 Checkpoint salvo: último ID = 209709

Processando lote de 100 itens (ID 209710 a 209810)...
✅ Lote processado: 102 resultados inseridos/atualizados
📊 Total acumulado: 154637 resultados
🔖 Checkpoint salvo: último ID = 209810

Processando lote de 100 itens (ID 209811 a 209982)...
✅ Lote processado: 100 resultados inseridos/atualizados
📊 Total acumulado: 154737 resultados
🔖 Checkpoint salvo: último ID = 209982

Processando lote de 100 itens (ID 209983 a 210088)...
✅ Lote processado: 100 resultados inseridos/atualizados
📊 Total acumulado: 154837 resultados
🔖 Checkpoint salvo: último ID = 210088

Processando lote de 100 itens (ID 210089 a 210276)...
✅ Lote processado: 117 resultados inseridos/atualizados
📊 Total acumulado: 154954 resultados
🔖 Checkpoint salvo: último ID = 210276

Processando lote de 100 itens (ID 210277 a 210430)...
✅ Lote processado: 100 resultados inseridos/atualizados
📊 Total acumulado: 155054 resultados
🔖 Checkpoint salvo: último ID = 210430

Processando lote de 100 itens (ID 210431 a 210553)...
✅ Lote processado: 100 resultados inseridos/atualizados
📊 Total acumulado: 155154 resultados
🔖 Checkpoint salvo: último ID = 210553

Processando lote de 100 itens (ID 210554 a 210691)...
✅ Lote processado: 100 resultados inseridos/atualizados
📊 Total acumulado: 155254 resultados
🔖 Checkpoint salvo: último ID = 210691

Processando lote de 100 itens (ID 210692 a 210878)...
✅ Lote processado: 100 resultados inseridos/atualizados
📊 Total acumulado: 155354 resultados
🔖 Checkpoint salvo: último ID = 210878

Processando lote de 100 itens (ID 210880 a 210998)...
✅ Lote processado: 105 resultados inseridos/atualizados
📊 Total acumulado: 155459 resultados
🔖 Checkpoint salvo: último ID = 210998

Processando lote de 100 itens (ID 211000 a 211209)...
✅ Lote processado: 100 resultados inseridos/atualizados
📊 Total acumulado: 155559 resultados
🔖 Checkpoint salvo: último ID = 211209

Processando lote de 100 itens (ID 211213 a 211393)...
✅ Lote processado: 100 resultados inseridos/atualizados
📊 Total acumulado: 155659 resultados
🔖 Checkpoint salvo: último ID = 211393

Processando lote de 100 itens (ID 211395 a 211508)...
✅ Lote processado: 100 resultados inseridos/atualizados
📊 Total acumulado: 155759 resultados
🔖 Checkpoint salvo: último ID = 211508

Processando lote de 100 itens (ID 211509 a 211625)...
✅ Lote processado: 100 resultados inseridos/atualizados
📊 Total acumulado: 155859 resultados
🔖 Checkpoint salvo: último ID = 211625

Processando lote de 100 itens (ID 211626 a 211759)...
✅ Lote processado: 100 resultados inseridos/atualizados
📊 Total acumulado: 155959 resultados
🔖 Checkpoint salvo: último ID = 211759

Processando lote de 100 itens (ID 211760 a 211875)...
✅ Lote processado: 100 resultados inseridos/atualizados
📊 Total acumulado: 156059 resultados
🔖 Checkpoint salvo: último ID = 211875

Processando lote de 100 itens (ID 211876 a 212112)...
✅ Lote processado: 100 resultados inseridos/atualizados
📊 Total acumulado: 156159 resultados
🔖 Checkpoint salvo: último ID = 212112

Processando lote de 100 itens (ID 212114 a 212339)...
✅ Lote processado: 100 resultados inseridos/atualizados
📊 Total acumulado: 156259 resultados
🔖 Checkpoint salvo: último ID = 212339

Processando lote de 100 itens (ID 212340 a 212471)...
✅ Lote processado: 100 resultados inseridos/atualizados
📊 Total acumulado: 156359 resultados
🔖 Checkpoint salvo: último ID = 212471

Processando lote de 100 itens (ID 212472 a 212576)...
✅ Lote processado: 100 resultados inseridos/atualizados
📊 Total acumulado: 156459 resultados
🔖 Checkpoint salvo: último ID = 212576

Processando lote de 100 itens (ID 212577 a 212705)...
✅ Lote processado: 100 resultados inseridos/atualizados
📊 Total acumulado: 156559 resultados
🔖 Checkpoint salvo: último ID = 212705

Processando lote de 100 itens (ID 212707 a 212914)...
✅ Lote processado: 100 resultados inseridos/atualizados
📊 Total acumulado: 156659 resultados
🔖 Checkpoint salvo: último ID = 212914

Processando lote de 100 itens (ID 212916 a 213126)...
✅ Lote processado: 100 resultados inseridos/atualizados
📊 Total acumulado: 156759 resultados
🔖 Checkpoint salvo: último ID = 213126

Processando lote de 100 itens (ID 213127 a 213326)...
✅ Lote processado: 100 resultados inseridos/atualizados
📊 Total acumulado: 156859 resultados
🔖 Checkpoint salvo: último ID = 213326

Processando lote de 100 itens (ID 213327 a 213432)...
✅ Lote processado: 100 resultados inseridos/atualizados
📊 Total acumulado: 156959 resultados
🔖 Checkpoint salvo: último ID = 213432

Processando lote de 100 itens (ID 213433 a 213542)...
✅ Lote processado: 100 resultados inseridos/atualizados
📊 Total acumulado: 157059 resultados
🔖 Checkpoint salvo: último ID = 213542

Processando lote de 100 itens (ID 213543 a 213683)...
✅ Lote processado: 100 resultados inseridos/atualizados
📊 Total acumulado: 157159 resultados
🔖 Checkpoint salvo: último ID = 213683

Processando lote de 100 itens (ID 213684 a 213794)...
✅ Lote processado: 100 resultados inseridos/atualizados
📊 Total acumulado: 157259 resultados
🔖 Checkpoint salvo: último ID = 213794

Processando lote de 100 itens (ID 213795 a 213897)...
✅ Lote processado: 100 resultados inseridos/atualizados
📊 Total acumulado: 157359 resultados
🔖 Checkpoint salvo: último ID = 213897

Processando lote de 100 itens (ID 213898 a 214687)...
✅ Lote processado: 100 resultados inseridos/atualizados
📊 Total acumulado: 157459 resultados
🔖 Checkpoint salvo: último ID = 214687

Processando lote de 100 itens (ID 214688 a 214807)...
✅ Lote processado: 100 resultados inseridos/atualizados
📊 Total acumulado: 157559 resultados
🔖 Checkpoint salvo: último ID = 214807

Processando lote de 100 itens (ID 214809 a 214924)...
✅ Lote processado: 100 resultados inseridos/atualizados
📊 Total acumulado: 157659 resultados
🔖 Checkpoint salvo: último ID = 214924

Processando lote de 100 itens (ID 214925 a 215062)...
✅ Lote processado: 103 resultados inseridos/atualizados
📊 Total acumulado: 157762 resultados
🔖 Checkpoint salvo: último ID = 215062

Processando lote de 100 itens (ID 215063 a 215197)...
✅ Lote processado: 100 resultados inseridos/atualizados
📊 Total acumulado: 157862 resultados
🔖 Checkpoint salvo: último ID = 215197

Processando lote de 100 itens (ID 215198 a 215316)...
✅ Lote processado: 100 resultados inseridos/atualizados
📊 Total acumulado: 157962 resultados
🔖 Checkpoint salvo: último ID = 215316

Processando lote de 100 itens (ID 215317 a 215447)...
✅ Lote processado: 101 resultados inseridos/atualizados
📊 Total acumulado: 158063 resultados
🔖 Checkpoint salvo: último ID = 215447

Processando lote de 100 itens (ID 215448 a 215578)...
✅ Lote processado: 101 resultados inseridos/atualizados
📊 Total acumulado: 158164 resultados
🔖 Checkpoint salvo: último ID = 215578

Processando lote de 100 itens (ID 215579 a 215916)...
✅ Lote processado: 100 resultados inseridos/atualizados
📊 Total acumulado: 158264 resultados
🔖 Checkpoint salvo: último ID = 215916

Processando lote de 100 itens (ID 215917 a 216020)...
✅ Lote processado: 102 resultados inseridos/atualizados
📊 Total acumulado: 158366 resultados
🔖 Checkpoint salvo: último ID = 216020

Processando lote de 100 itens (ID 216021 a 216124)...
✅ Lote processado: 105 resultados inseridos/atualizados
📊 Total acumulado: 158471 resultados
🔖 Checkpoint salvo: último ID = 216124

Processando lote de 100 itens (ID 216125 a 216413)...
✅ Lote processado: 101 resultados inseridos/atualizados
📊 Total acumulado: 158572 resultados
🔖 Checkpoint salvo: último ID = 216413

Processando lote de 100 itens (ID 216415 a 216610)...
✅ Lote processado: 100 resultados inseridos/atualizados
📊 Total acumulado: 158672 resultados
🔖 Checkpoint salvo: último ID = 216610

Processando lote de 100 itens (ID 216613 a 216774)...
✅ Lote processado: 100 resultados inseridos/atualizados
📊 Total acumulado: 158772 resultados
🔖 Checkpoint salvo: último ID = 216774

Processando lote de 100 itens (ID 216775 a 216923)...
✅ Lote processado: 100 resultados inseridos/atualizados
📊 Total acumulado: 158872 resultados
🔖 Checkpoint salvo: último ID = 216923

Processando lote de 100 itens (ID 216924 a 217049)...
✅ Lote processado: 100 resultados inseridos/atualizados
📊 Total acumulado: 158972 resultados
🔖 Checkpoint salvo: último ID = 217049

Processando lote de 100 itens (ID 217050 a 217168)...
✅ Lote processado: 101 resultados inseridos/atualizados
📊 Total acumulado: 159073 resultados
🔖 Checkpoint salvo: último ID = 217168

Processando lote de 100 itens (ID 217169 a 217312)...
✅ Lote processado: 100 resultados inseridos/atualizados
📊 Total acumulado: 159173 resultados
🔖 Checkpoint salvo: último ID = 217312

Processando lote de 100 itens (ID 217313 a 217431)...
✅ Lote processado: 101 resultados inseridos/atualizados
📊 Total acumulado: 159274 resultados
🔖 Checkpoint salvo: último ID = 217431

Processando lote de 100 itens (ID 217432 a 217573)...
✅ Lote processado: 100 resultados inseridos/atualizados
📊 Total acumulado: 159374 resultados
🔖 Checkpoint salvo: último ID = 217573

Processando lote de 100 itens (ID 217574 a 217700)...
✅ Lote processado: 100 resultados inseridos/atualizados
📊 Total acumulado: 159474 resultados
🔖 Checkpoint salvo: último ID = 217700

Processando lote de 100 itens (ID 217704 a 217869)...
✅ Lote processado: 103 resultados inseridos/atualizados
📊 Total acumulado: 159577 resultados
🔖 Checkpoint salvo: último ID = 217869

Processando lote de 100 itens (ID 217870 a 217969)...
✅ Lote processado: 103 resultados inseridos/atualizados
📊 Total acumulado: 159680 resultados
🔖 Checkpoint salvo: último ID = 217969

Processando lote de 100 itens (ID 217970 a 218113)...
✅ Lote processado: 100 resultados inseridos/atualizados
📊 Total acumulado: 159780 resultados
🔖 Checkpoint salvo: último ID = 218113

Processando lote de 100 itens (ID 218114 a 218231)...
✅ Lote processado: 100 resultados inseridos/atualizados
📊 Total acumulado: 159880 resultados
🔖 Checkpoint salvo: último ID = 218231

Processando lote de 100 itens (ID 218233 a 218353)...
✅ Lote processado: 100 resultados inseridos/atualizados
📊 Total acumulado: 159980 resultados
🔖 Checkpoint salvo: último ID = 218353

Processando lote de 100 itens (ID 218354 a 218477)...
✅ Lote processado: 100 resultados inseridos/atualizados
📊 Total acumulado: 160080 resultados
🔖 Checkpoint salvo: último ID = 218477

Processando lote de 100 itens (ID 218478 a 218652)...
✅ Lote processado: 100 resultados inseridos/atualizados
📊 Total acumulado: 160180 resultados
🔖 Checkpoint salvo: último ID = 218652

Processando lote de 100 itens (ID 218654 a 218813)...
✅ Lote processado: 100 resultados inseridos/atualizados
📊 Total acumulado: 160280 resultados
🔖 Checkpoint salvo: último ID = 218813

Processando lote de 100 itens (ID 218814 a 218963)...
✅ Lote processado: 100 resultados inseridos/atualizados
📊 Total acumulado: 160380 resultados
🔖 Checkpoint salvo: último ID = 218963

Processando lote de 100 itens (ID 218966 a 219082)...
✅ Lote processado: 100 resultados inseridos/atualizados
📊 Total acumulado: 160480 resultados
🔖 Checkpoint salvo: último ID = 219082

Processando lote de 100 itens (ID 219083 a 219182)...
✅ Lote processado: 100 resultados inseridos/atualizados
📊 Total acumulado: 160580 resultados
🔖 Checkpoint salvo: último ID = 219182

Processando lote de 100 itens (ID 219183 a 219332)...
✅ Lote processado: 100 resultados inseridos/atualizados
📊 Total acumulado: 160680 resultados
🔖 Checkpoint salvo: último ID = 219332

Processando lote de 100 itens (ID 219333 a 219434)...
✅ Lote processado: 100 resultados inseridos/atualizados
📊 Total acumulado: 160780 resultados
🔖 Checkpoint salvo: último ID = 219434

Processando lote de 100 itens (ID 219435 a 219543)...
✅ Lote processado: 96 resultados inseridos/atualizados
📊 Total acumulado: 160876 resultados
🔖 Checkpoint salvo: último ID = 219543

Processando lote de 100 itens (ID 219544 a 219724)...
✅ Lote processado: 89 resultados inseridos/atualizados
📊 Total acumulado: 160965 resultados
🔖 Checkpoint salvo: último ID = 219724

Processando lote de 100 itens (ID 219725 a 219965)...
✅ Lote processado: 100 resultados inseridos/atualizados
📊 Total acumulado: 161065 resultados
🔖 Checkpoint salvo: último ID = 219965

Processando lote de 100 itens (ID 219967 a 220148)...
✅ Lote processado: 100 resultados inseridos/atualizados
📊 Total acumulado: 161165 resultados
🔖 Checkpoint salvo: último ID = 220148

Processando lote de 100 itens (ID 220149 a 220258)...
✅ Lote processado: 100 resultados inseridos/atualizados
📊 Total acumulado: 161265 resultados
🔖 Checkpoint salvo: último ID = 220258

Processando lote de 100 itens (ID 220262 a 220399)...
✅ Lote processado: 101 resultados inseridos/atualizados
📊 Total acumulado: 161366 resultados
🔖 Checkpoint salvo: último ID = 220399

Processando lote de 100 itens (ID 220400 a 220573)...
✅ Lote processado: 102 resultados inseridos/atualizados
📊 Total acumulado: 161468 resultados
🔖 Checkpoint salvo: último ID = 220573

Processando lote de 100 itens (ID 220574 a 220713)...
✅ Lote processado: 100 resultados inseridos/atualizados
📊 Total acumulado: 161568 resultados
🔖 Checkpoint salvo: último ID = 220713

Processando lote de 100 itens (ID 220714 a 220867)...
✅ Lote processado: 100 resultados inseridos/atualizados
📊 Total acumulado: 161668 resultados
🔖 Checkpoint salvo: último ID = 220867

Processando lote de 100 itens (ID 220869 a 221019)...
✅ Lote processado: 100 resultados inseridos/atualizados
📊 Total acumulado: 161768 resultados
🔖 Checkpoint salvo: último ID = 221019

Processando lote de 100 itens (ID 221020 a 221149)...
✅ Lote processado: 100 resultados inseridos/atualizados
📊 Total acumulado: 161868 resultados
🔖 Checkpoint salvo: último ID = 221149

Processando lote de 100 itens (ID 221150 a 221324)...
✅ Lote processado: 100 resultados inseridos/atualizados
📊 Total acumulado: 161968 resultados
🔖 Checkpoint salvo: último ID = 221324

Processando lote de 100 itens (ID 221325 a 221488)...
✅ Lote processado: 100 resultados inseridos/atualizados
📊 Total acumulado: 162068 resultados
🔖 Checkpoint salvo: último ID = 221488

Processando lote de 100 itens (ID 221489 a 221619)...
✅ Lote processado: 100 resultados inseridos/atualizados
📊 Total acumulado: 162168 resultados
🔖 Checkpoint salvo: último ID = 221619

Processando lote de 100 itens (ID 221622 a 221757)...
✅ Lote processado: 100 resultados inseridos/atualizados
📊 Total acumulado: 162268 resultados
🔖 Checkpoint salvo: último ID = 221757

Processando lote de 100 itens (ID 221758 a 221859)...
✅ Lote processado: 100 resultados inseridos/atualizados
📊 Total acumulado: 162368 resultados
🔖 Checkpoint salvo: último ID = 221859

Processando lote de 100 itens (ID 221860 a 221968)...
✅ Lote processado: 100 resultados inseridos/atualizados
📊 Total acumulado: 162468 resultados
🔖 Checkpoint salvo: último ID = 221968

Processando lote de 100 itens (ID 221969 a 222070)...
✅ Lote processado: 100 resultados inseridos/atualizados
📊 Total acumulado: 162568 resultados
🔖 Checkpoint salvo: último ID = 222070

Processando lote de 100 itens (ID 222071 a 222210)...
✅ Lote processado: 100 resultados inseridos/atualizados
📊 Total acumulado: 162668 resultados
🔖 Checkpoint salvo: último ID = 222210

Processando lote de 100 itens (ID 222211 a 222327)...
✅ Lote processado: 100 resultados inseridos/atualizados
📊 Total acumulado: 162768 resultados
🔖 Checkpoint salvo: último ID = 222327

Processando lote de 100 itens (ID 222328 a 222468)...
✅ Lote processado: 99 resultados inseridos/atualizados
📊 Total acumulado: 162867 resultados
🔖 Checkpoint salvo: último ID = 222468

Processando lote de 100 itens (ID 222469 a 222577)...
✅ Lote processado: 100 resultados inseridos/atualizados
📊 Total acumulado: 162967 resultados
🔖 Checkpoint salvo: último ID = 222577

Processando lote de 100 itens (ID 222578 a 222682)...
✅ Lote processado: 100 resultados inseridos/atualizados
📊 Total acumulado: 163067 resultados
🔖 Checkpoint salvo: último ID = 222682

Processando lote de 100 itens (ID 222683 a 222802)...
✅ Lote processado: 100 resultados inseridos/atualizados
📊 Total acumulado: 163167 resultados
🔖 Checkpoint salvo: último ID = 222802

Processando lote de 100 itens (ID 222804 a 222913)...
✅ Lote processado: 100 resultados inseridos/atualizados
📊 Total acumulado: 163267 resultados
🔖 Checkpoint salvo: último ID = 222913

Processando lote de 100 itens (ID 222914 a 223026)...
✅ Lote processado: 100 resultados inseridos/atualizados
📊 Total acumulado: 163367 resultados
🔖 Checkpoint salvo: último ID = 223026

Processando lote de 100 itens (ID 223027 a 223146)...
✅ Lote processado: 100 resultados inseridos/atualizados
📊 Total acumulado: 163467 resultados
🔖 Checkpoint salvo: último ID = 223146

Processando lote de 100 itens (ID 223147 a 223249)...
✅ Lote processado: 100 resultados inseridos/atualizados
📊 Total acumulado: 163567 resultados
🔖 Checkpoint salvo: último ID = 223249

Processando lote de 100 itens (ID 223250 a 223369)...
✅ Lote processado: 100 resultados inseridos/atualizados
📊 Total acumulado: 163667 resultados
🔖 Checkpoint salvo: último ID = 223369

Processando lote de 100 itens (ID 223370 a 223490)...
✅ Lote processado: 100 resultados inseridos/atualizados
📊 Total acumulado: 163767 resultados
🔖 Checkpoint salvo: último ID = 223490

Processando lote de 100 itens (ID 223491 a 223648)...
✅ Lote processado: 100 resultados inseridos/atualizados
📊 Total acumulado: 163867 resultados
🔖 Checkpoint salvo: último ID = 223648

Processando lote de 100 itens (ID 223651 a 223762)...
✅ Lote processado: 100 resultados inseridos/atualizados
📊 Total acumulado: 163967 resultados
🔖 Checkpoint salvo: último ID = 223762

Processando lote de 100 itens (ID 223763 a 223866)...
✅ Lote processado: 100 resultados inseridos/atualizados
📊 Total acumulado: 164067 resultados
🔖 Checkpoint salvo: último ID = 223866

Processando lote de 100 itens (ID 223867 a 223972)...
✅ Lote processado: 100 resultados inseridos/atualizados
📊 Total acumulado: 164167 resultados
🔖 Checkpoint salvo: último ID = 223972

Processando lote de 100 itens (ID 223973 a 224076)...
✅ Lote processado: 100 resultados inseridos/atualizados
📊 Total acumulado: 164267 resultados
🔖 Checkpoint salvo: último ID = 224076

Processando lote de 100 itens (ID 224078 a 224200)...
✅ Lote processado: 100 resultados inseridos/atualizados
📊 Total acumulado: 164367 resultados
🔖 Checkpoint salvo: último ID = 224200

Processando lote de 100 itens (ID 224201 a 224373)...
✅ Lote processado: 100 resultados inseridos/atualizados
📊 Total acumulado: 164467 resultados
🔖 Checkpoint salvo: último ID = 224373

Processando lote de 100 itens (ID 224374 a 224479)...
✅ Lote processado: 100 resultados inseridos/atualizados
📊 Total acumulado: 164567 resultados
🔖 Checkpoint salvo: último ID = 224479

Processando lote de 100 itens (ID 224480 a 224608)...
✅ Lote processado: 100 resultados inseridos/atualizados
📊 Total acumulado: 164667 resultados
🔖 Checkpoint salvo: último ID = 224608

Processando lote de 100 itens (ID 224609 a 224782)...
✅ Lote processado: 100 resultados inseridos/atualizados
📊 Total acumulado: 164767 resultados
🔖 Checkpoint salvo: último ID = 224782

Processando lote de 100 itens (ID 224783 a 224891)...
✅ Lote processado: 100 resultados inseridos/atualizados
📊 Total acumulado: 164867 resultados
🔖 Checkpoint salvo: último ID = 224891

Processando lote de 100 itens (ID 224892 a 225069)...
✅ Lote processado: 100 resultados inseridos/atualizados
📊 Total acumulado: 164967 resultados
🔖 Checkpoint salvo: último ID = 225069

Processando lote de 100 itens (ID 225070 a 225247)...
✅ Lote processado: 100 resultados inseridos/atualizados
📊 Total acumulado: 165067 resultados
🔖 Checkpoint salvo: último ID = 225247

Processando lote de 100 itens (ID 225248 a 225358)...
✅ Lote processado: 100 resultados inseridos/atualizados
📊 Total acumulado: 165167 resultados
🔖 Checkpoint salvo: último ID = 225358

Processando lote de 100 itens (ID 225359 a 225461)...
✅ Lote processado: 100 resultados inseridos/atualizados
📊 Total acumulado: 165267 resultados
🔖 Checkpoint salvo: último ID = 225461

Processando lote de 100 itens (ID 225462 a 225576)...
✅ Lote processado: 100 resultados inseridos/atualizados
📊 Total acumulado: 165367 resultados
🔖 Checkpoint salvo: último ID = 225576

Processando lote de 100 itens (ID 225577 a 225731)...
✅ Lote processado: 100 resultados inseridos/atualizados
📊 Total acumulado: 165467 resultados
🔖 Checkpoint salvo: último ID = 225731

Processando lote de 100 itens (ID 225732 a 225884)...
✅ Lote processado: 100 resultados inseridos/atualizados
📊 Total acumulado: 165567 resultados
🔖 Checkpoint salvo: último ID = 225884

Processando lote de 100 itens (ID 225886 a 226000)...
✅ Lote processado: 102 resultados inseridos/atualizados
📊 Total acumulado: 165669 resultados
🔖 Checkpoint salvo: último ID = 226000

Processando lote de 100 itens (ID 226001 a 226108)...
✅ Lote processado: 100 resultados inseridos/atualizados
📊 Total acumulado: 165769 resultados
🔖 Checkpoint salvo: último ID = 226108

Processando lote de 100 itens (ID 226110 a 226209)...
✅ Lote processado: 100 resultados inseridos/atualizados
📊 Total acumulado: 165869 resultados
🔖 Checkpoint salvo: último ID = 226209

Processando lote de 100 itens (ID 226210 a 226419)...
✅ Lote processado: 100 resultados inseridos/atualizados
📊 Total acumulado: 165969 resultados
🔖 Checkpoint salvo: último ID = 226419

Processando lote de 100 itens (ID 226424 a 226557)...
✅ Lote processado: 124 resultados inseridos/atualizados
📊 Total acumulado: 166093 resultados
🔖 Checkpoint salvo: último ID = 226557

Processando lote de 100 itens (ID 226558 a 226681)...
✅ Lote processado: 110 resultados inseridos/atualizados
📊 Total acumulado: 166203 resultados
🔖 Checkpoint salvo: último ID = 226681

Processando lote de 100 itens (ID 226682 a 226781)...
✅ Lote processado: 100 resultados inseridos/atualizados
📊 Total acumulado: 166303 resultados
🔖 Checkpoint salvo: último ID = 226781

Processando lote de 100 itens (ID 226782 a 226881)...
✅ Lote processado: 100 resultados inseridos/atualizados
📊 Total acumulado: 166403 resultados
🔖 Checkpoint salvo: último ID = 226881

Processando lote de 100 itens (ID 226882 a 226994)...
✅ Lote processado: 102 resultados inseridos/atualizados
📊 Total acumulado: 166505 resultados
🔖 Checkpoint salvo: último ID = 226994

Processando lote de 100 itens (ID 226995 a 227133)...
✅ Lote processado: 100 resultados inseridos/atualizados
📊 Total acumulado: 166605 resultados
🔖 Checkpoint salvo: último ID = 227133

Processando lote de 100 itens (ID 227134 a 227258)...
✅ Lote processado: 100 resultados inseridos/atualizados
📊 Total acumulado: 166705 resultados
🔖 Checkpoint salvo: último ID = 227258

Processando lote de 100 itens (ID 227259 a 227380)...
✅ Lote processado: 100 resultados inseridos/atualizados
📊 Total acumulado: 166805 resultados
🔖 Checkpoint salvo: último ID = 227380

Processando lote de 100 itens (ID 227381 a 227503)...
✅ Lote processado: 101 resultados inseridos/atualizados
📊 Total acumulado: 166906 resultados
🔖 Checkpoint salvo: último ID = 227503

Processando lote de 100 itens (ID 227504 a 227608)...
✅ Lote processado: 103 resultados inseridos/atualizados
📊 Total acumulado: 167009 resultados
🔖 Checkpoint salvo: último ID = 227608

Processando lote de 100 itens (ID 227609 a 227772)...
✅ Lote processado: 100 resultados inseridos/atualizados
📊 Total acumulado: 167109 resultados
🔖 Checkpoint salvo: último ID = 227772

Processando lote de 100 itens (ID 227773 a 227872)...
✅ Lote processado: 100 resultados inseridos/atualizados
📊 Total acumulado: 167209 resultados
🔖 Checkpoint salvo: último ID = 227872

Processando lote de 100 itens (ID 227873 a 227975)...
✅ Lote processado: 100 resultados inseridos/atualizados
📊 Total acumulado: 167309 resultados
🔖 Checkpoint salvo: último ID = 227975

Processando lote de 100 itens (ID 227976 a 228087)...
✅ Lote processado: 100 resultados inseridos/atualizados
📊 Total acumulado: 167409 resultados
🔖 Checkpoint salvo: último ID = 228087

Processando lote de 100 itens (ID 228088 a 228192)...
✅ Lote processado: 100 resultados inseridos/atualizados
📊 Total acumulado: 167509 resultados
🔖 Checkpoint salvo: último ID = 228192

Processando lote de 100 itens (ID 228193 a 228297)...
✅ Lote processado: 100 resultados inseridos/atualizados
📊 Total acumulado: 167609 resultados
🔖 Checkpoint salvo: último ID = 228297

Processando lote de 100 itens (ID 228298 a 228402)...
✅ Lote processado: 101 resultados inseridos/atualizados
📊 Total acumulado: 167710 resultados
🔖 Checkpoint salvo: último ID = 228402

Processando lote de 100 itens (ID 228403 a 228510)...
✅ Lote processado: 100 resultados inseridos/atualizados
📊 Total acumulado: 167810 resultados
🔖 Checkpoint salvo: último ID = 228510

Processando lote de 100 itens (ID 228511 a 228616)...
✅ Lote processado: 101 resultados inseridos/atualizados
📊 Total acumulado: 167911 resultados
🔖 Checkpoint salvo: último ID = 228616

Processando lote de 100 itens (ID 228617 a 228748)...
✅ Lote processado: 100 resultados inseridos/atualizados
📊 Total acumulado: 168011 resultados
🔖 Checkpoint salvo: último ID = 228748

Processando lote de 100 itens (ID 228749 a 228852)...
✅ Lote processado: 100 resultados inseridos/atualizados
📊 Total acumulado: 168111 resultados
🔖 Checkpoint salvo: último ID = 228852

Processando lote de 100 itens (ID 228853 a 228957)...
✅ Lote processado: 100 resultados inseridos/atualizados
📊 Total acumulado: 168211 resultados
🔖 Checkpoint salvo: último ID = 228957

Processando lote de 100 itens (ID 228958 a 229069)...
✅ Lote processado: 100 resultados inseridos/atualizados
📊 Total acumulado: 168311 resultados
🔖 Checkpoint salvo: último ID = 229069

Processando lote de 100 itens (ID 229070 a 229213)...
✅ Lote processado: 100 resultados inseridos/atualizados
📊 Total acumulado: 168411 resultados
🔖 Checkpoint salvo: último ID = 229213

Processando lote de 100 itens (ID 229214 a 229348)...
✅ Lote processado: 100 resultados inseridos/atualizados
📊 Total acumulado: 168511 resultados
🔖 Checkpoint salvo: último ID = 229348

Processando lote de 100 itens (ID 229350 a 229735)...
✅ Lote processado: 100 resultados inseridos/atualizados
📊 Total acumulado: 168611 resultados
🔖 Checkpoint salvo: último ID = 229735

Processando lote de 100 itens (ID 229736 a 229852)...
✅ Lote processado: 100 resultados inseridos/atualizados
📊 Total acumulado: 168711 resultados
🔖 Checkpoint salvo: último ID = 229852

Processando lote de 100 itens (ID 229853 a 229952)...
✅ Lote processado: 100 resultados inseridos/atualizados
📊 Total acumulado: 168811 resultados
🔖 Checkpoint salvo: último ID = 229952

Processando lote de 100 itens (ID 229953 a 230101)...
✅ Lote processado: 100 resultados inseridos/atualizados
📊 Total acumulado: 168911 resultados
🔖 Checkpoint salvo: último ID = 230101

Processando lote de 100 itens (ID 230102 a 230201)...
✅ Lote processado: 100 resultados inseridos/atualizados
📊 Total acumulado: 169011 resultados
🔖 Checkpoint salvo: último ID = 230201

Processando lote de 100 itens (ID 230202 a 230340)...
✅ Lote processado: 100 resultados inseridos/atualizados
📊 Total acumulado: 169111 resultados
🔖 Checkpoint salvo: último ID = 230340

Processando lote de 100 itens (ID 230341 a 230462)...
✅ Lote processado: 100 resultados inseridos/atualizados
📊 Total acumulado: 169211 resultados
🔖 Checkpoint salvo: último ID = 230462

Processando lote de 100 itens (ID 230465 a 230580)...
✅ Lote processado: 100 resultados inseridos/atualizados
📊 Total acumulado: 169311 resultados
🔖 Checkpoint salvo: último ID = 230580

Processando lote de 100 itens (ID 230581 a 230721)...
✅ Lote processado: 100 resultados inseridos/atualizados
📊 Total acumulado: 169411 resultados
🔖 Checkpoint salvo: último ID = 230721

Processando lote de 100 itens (ID 230723 a 230890)...
✅ Lote processado: 100 resultados inseridos/atualizados
📊 Total acumulado: 169511 resultados
🔖 Checkpoint salvo: último ID = 230890

Processando lote de 100 itens (ID 230896 a 230997)...
✅ Lote processado: 100 resultados inseridos/atualizados
📊 Total acumulado: 169611 resultados
🔖 Checkpoint salvo: último ID = 230997

Processando lote de 100 itens (ID 230998 a 231130)...
✅ Lote processado: 100 resultados inseridos/atualizados
📊 Total acumulado: 169711 resultados
🔖 Checkpoint salvo: último ID = 231130

Processando lote de 100 itens (ID 231132 a 231320)...
✅ Lote processado: 100 resultados inseridos/atualizados
📊 Total acumulado: 169811 resultados
🔖 Checkpoint salvo: último ID = 231320

Processando lote de 100 itens (ID 231321 a 231546)...
✅ Lote processado: 101 resultados inseridos/atualizados
📊 Total acumulado: 169912 resultados
🔖 Checkpoint salvo: último ID = 231546

Processando lote de 100 itens (ID 231547 a 231814)...
✅ Lote processado: 100 resultados inseridos/atualizados
📊 Total acumulado: 170012 resultados
🔖 Checkpoint salvo: último ID = 231814

Processando lote de 100 itens (ID 231815 a 232078)...
✅ Lote processado: 100 resultados inseridos/atualizados
📊 Total acumulado: 170112 resultados
🔖 Checkpoint salvo: último ID = 232078

Processando lote de 100 itens (ID 232080 a 232372)...
✅ Lote processado: 100 resultados inseridos/atualizados
📊 Total acumulado: 170212 resultados
🔖 Checkpoint salvo: último ID = 232372

Processando lote de 100 itens (ID 232373 a 232481)...
✅ Lote processado: 100 resultados inseridos/atualizados
📊 Total acumulado: 170312 resultados
🔖 Checkpoint salvo: último ID = 232481

Processando lote de 100 itens (ID 232482 a 232606)...
✅ Lote processado: 100 resultados inseridos/atualizados
📊 Total acumulado: 170412 resultados
🔖 Checkpoint salvo: último ID = 232606

Processando lote de 100 itens (ID 232607 a 232718)...
✅ Lote processado: 100 resultados inseridos/atualizados
📊 Total acumulado: 170512 resultados
🔖 Checkpoint salvo: último ID = 232718

Processando lote de 100 itens (ID 232719 a 232840)...
✅ Lote processado: 100 resultados inseridos/atualizados
📊 Total acumulado: 170612 resultados
🔖 Checkpoint salvo: último ID = 232840

Processando lote de 100 itens (ID 232841 a 232964)...
✅ Lote processado: 100 resultados inseridos/atualizados
📊 Total acumulado: 170712 resultados
🔖 Checkpoint salvo: último ID = 232964

Processando lote de 100 itens (ID 232965 a 233064)...
✅ Lote processado: 101 resultados inseridos/atualizados
📊 Total acumulado: 170813 resultados
🔖 Checkpoint salvo: último ID = 233064

Processando lote de 100 itens (ID 233065 a 233164)...
✅ Lote processado: 100 resultados inseridos/atualizados
📊 Total acumulado: 170913 resultados
🔖 Checkpoint salvo: último ID = 233164

Processando lote de 100 itens (ID 233165 a 233277)...
✅ Lote processado: 100 resultados inseridos/atualizados
📊 Total acumulado: 171013 resultados
🔖 Checkpoint salvo: último ID = 233277

Processando lote de 100 itens (ID 233279 a 233605)...
✅ Lote processado: 103 resultados inseridos/atualizados
📊 Total acumulado: 171116 resultados
🔖 Checkpoint salvo: último ID = 233605

Processando lote de 100 itens (ID 233606 a 233705)...
✅ Lote processado: 100 resultados inseridos/atualizados
📊 Total acumulado: 171216 resultados
🔖 Checkpoint salvo: último ID = 233705

Processando lote de 100 itens (ID 233706 a 233821)...
✅ Lote processado: 100 resultados inseridos/atualizados
📊 Total acumulado: 171316 resultados
🔖 Checkpoint salvo: último ID = 233821

Processando lote de 100 itens (ID 233822 a 233927)...
✅ Lote processado: 105 resultados inseridos/atualizados
📊 Total acumulado: 171421 resultados
🔖 Checkpoint salvo: último ID = 233927

Processando lote de 100 itens (ID 233929 a 234055)...
✅ Lote processado: 105 resultados inseridos/atualizados
📊 Total acumulado: 171526 resultados
🔖 Checkpoint salvo: último ID = 234055

Processando lote de 100 itens (ID 234057 a 234223)...
✅ Lote processado: 100 resultados inseridos/atualizados
📊 Total acumulado: 171626 resultados
🔖 Checkpoint salvo: último ID = 234223

Processando lote de 100 itens (ID 234224 a 234346)...
✅ Lote processado: 101 resultados inseridos/atualizados
📊 Total acumulado: 171727 resultados
🔖 Checkpoint salvo: último ID = 234346

Processando lote de 100 itens (ID 234347 a 234446)...
✅ Lote processado: 100 resultados inseridos/atualizados
📊 Total acumulado: 171827 resultados
🔖 Checkpoint salvo: último ID = 234446

Processando lote de 100 itens (ID 234447 a 234550)...
✅ Lote processado: 100 resultados inseridos/atualizados
📊 Total acumulado: 171927 resultados
🔖 Checkpoint salvo: último ID = 234550

Processando lote de 100 itens (ID 234551 a 234653)...
✅ Lote processado: 100 resultados inseridos/atualizados
📊 Total acumulado: 172027 resultados
🔖 Checkpoint salvo: último ID = 234653

Processando lote de 100 itens (ID 234654 a 234756)...
✅ Lote processado: 100 resultados inseridos/atualizados
📊 Total acumulado: 172127 resultados
🔖 Checkpoint salvo: último ID = 234756

Processando lote de 100 itens (ID 234757 a 234878)...
✅ Lote processado: 136 resultados inseridos/atualizados
📊 Total acumulado: 172263 resultados
🔖 Checkpoint salvo: último ID = 234878

Processando lote de 100 itens (ID 234879 a 235025)...
✅ Lote processado: 112 resultados inseridos/atualizados
📊 Total acumulado: 172375 resultados
🔖 Checkpoint salvo: último ID = 235025

Processando lote de 100 itens (ID 235027 a 235144)...
✅ Lote processado: 100 resultados inseridos/atualizados
📊 Total acumulado: 172475 resultados
🔖 Checkpoint salvo: último ID = 235144

Processando lote de 100 itens (ID 235146 a 235252)...
✅ Lote processado: 101 resultados inseridos/atualizados
📊 Total acumulado: 172576 resultados
🔖 Checkpoint salvo: último ID = 235252

Processando lote de 100 itens (ID 235253 a 235356)...
✅ Lote processado: 103 resultados inseridos/atualizados
📊 Total acumulado: 172679 resultados
🔖 Checkpoint salvo: último ID = 235356

Processando lote de 100 itens (ID 235359 a 235512)...
✅ Lote processado: 100 resultados inseridos/atualizados
📊 Total acumulado: 172779 resultados
🔖 Checkpoint salvo: último ID = 235512

Processando lote de 100 itens (ID 235513 a 235643)...
✅ Lote processado: 102 resultados inseridos/atualizados
📊 Total acumulado: 172881 resultados
🔖 Checkpoint salvo: último ID = 235643

Processando lote de 100 itens (ID 235644 a 235754)...
✅ Lote processado: 101 resultados inseridos/atualizados
📊 Total acumulado: 172982 resultados
🔖 Checkpoint salvo: último ID = 235754

Processando lote de 100 itens (ID 235755 a 235865)...
✅ Lote processado: 101 resultados inseridos/atualizados
📊 Total acumulado: 173083 resultados
🔖 Checkpoint salvo: último ID = 235865

Processando lote de 100 itens (ID 235866 a 236047)...
✅ Lote processado: 100 resultados inseridos/atualizados
📊 Total acumulado: 173183 resultados
🔖 Checkpoint salvo: último ID = 236047

Processando lote de 100 itens (ID 236050 a 236182)...
✅ Lote processado: 100 resultados inseridos/atualizados
📊 Total acumulado: 173283 resultados
🔖 Checkpoint salvo: último ID = 236182

Processando lote de 100 itens (ID 236183 a 236288)...
✅ Lote processado: 100 resultados inseridos/atualizados
📊 Total acumulado: 173383 resultados
🔖 Checkpoint salvo: último ID = 236288

Processando lote de 100 itens (ID 236289 a 236394)...
✅ Lote processado: 100 resultados inseridos/atualizados
📊 Total acumulado: 173483 resultados
🔖 Checkpoint salvo: último ID = 236394

Processando lote de 100 itens (ID 236395 a 236500)...
✅ Lote processado: 100 resultados inseridos/atualizados
📊 Total acumulado: 173583 resultados
🔖 Checkpoint salvo: último ID = 236500

Processando lote de 100 itens (ID 236501 a 236625)...
✅ Lote processado: 100 resultados inseridos/atualizados
📊 Total acumulado: 173683 resultados
🔖 Checkpoint salvo: último ID = 236625

Processando lote de 100 itens (ID 236627 a 236777)...
✅ Lote processado: 100 resultados inseridos/atualizados
📊 Total acumulado: 173783 resultados
🔖 Checkpoint salvo: último ID = 236777

Processando lote de 100 itens (ID 236778 a 236902)...
✅ Lote processado: 100 resultados inseridos/atualizados
📊 Total acumulado: 173883 resultados
🔖 Checkpoint salvo: último ID = 236902

Processando lote de 100 itens (ID 236903 a 237027)...
✅ Lote processado: 100 resultados inseridos/atualizados
📊 Total acumulado: 173983 resultados
🔖 Checkpoint salvo: último ID = 237027

Processando lote de 100 itens (ID 237029 a 237254)...
✅ Lote processado: 100 resultados inseridos/atualizados
📊 Total acumulado: 174083 resultados
🔖 Checkpoint salvo: último ID = 237254

Processando lote de 100 itens (ID 237259 a 237365)...
✅ Lote processado: 100 resultados inseridos/atualizados
📊 Total acumulado: 174183 resultados
🔖 Checkpoint salvo: último ID = 237365

Processando lote de 100 itens (ID 237366 a 237465)...
✅ Lote processado: 100 resultados inseridos/atualizados
📊 Total acumulado: 174283 resultados
🔖 Checkpoint salvo: último ID = 237465

Processando lote de 100 itens (ID 237466 a 237566)...
✅ Lote processado: 100 resultados inseridos/atualizados
📊 Total acumulado: 174383 resultados
🔖 Checkpoint salvo: último ID = 237566

Processando lote de 100 itens (ID 237567 a 237686)...
✅ Lote processado: 100 resultados inseridos/atualizados
📊 Total acumulado: 174483 resultados
🔖 Checkpoint salvo: último ID = 237686

Processando lote de 100 itens (ID 237687 a 237826)...
✅ Lote processado: 100 resultados inseridos/atualizados
📊 Total acumulado: 174583 resultados
🔖 Checkpoint salvo: último ID = 237826

Processando lote de 100 itens (ID 237827 a 238008)...
✅ Lote processado: 100 resultados inseridos/atualizados
📊 Total acumulado: 174683 resultados
🔖 Checkpoint salvo: último ID = 238008

Processando lote de 100 itens (ID 238012 a 238175)...
✅ Lote processado: 100 resultados inseridos/atualizados
📊 Total acumulado: 174783 resultados
🔖 Checkpoint salvo: último ID = 238175

Processando lote de 100 itens (ID 238178 a 238329)...
✅ Lote processado: 104 resultados inseridos/atualizados
📊 Total acumulado: 174887 resultados
🔖 Checkpoint salvo: último ID = 238329

Processando lote de 100 itens (ID 238330 a 238430)...
✅ Lote processado: 100 resultados inseridos/atualizados
📊 Total acumulado: 174987 resultados
🔖 Checkpoint salvo: último ID = 238430

Processando lote de 100 itens (ID 238431 a 238609)...
✅ Lote processado: 100 resultados inseridos/atualizados
📊 Total acumulado: 175087 resultados
🔖 Checkpoint salvo: último ID = 238609

Processando lote de 100 itens (ID 238610 a 238784)...
✅ Lote processado: 100 resultados inseridos/atualizados
📊 Total acumulado: 175187 resultados
🔖 Checkpoint salvo: último ID = 238784

Processando lote de 100 itens (ID 238785 a 238987)...
✅ Lote processado: 100 resultados inseridos/atualizados
📊 Total acumulado: 175287 resultados
🔖 Checkpoint salvo: último ID = 238987

Processando lote de 100 itens (ID 238988 a 239093)...
✅ Lote processado: 100 resultados inseridos/atualizados
📊 Total acumulado: 175387 resultados
🔖 Checkpoint salvo: último ID = 239093

Processando lote de 100 itens (ID 239094 a 239205)...
✅ Lote processado: 100 resultados inseridos/atualizados
📊 Total acumulado: 175487 resultados
🔖 Checkpoint salvo: último ID = 239205

Processando lote de 100 itens (ID 239206 a 239343)...
✅ Lote processado: 100 resultados inseridos/atualizados
📊 Total acumulado: 175587 resultados
🔖 Checkpoint salvo: último ID = 239343

Processando lote de 100 itens (ID 239347 a 239571)...
✅ Lote processado: 100 resultados inseridos/atualizados
📊 Total acumulado: 175687 resultados
🔖 Checkpoint salvo: último ID = 239571

Processando lote de 100 itens (ID 239572 a 239765)...
✅ Lote processado: 100 resultados inseridos/atualizados
📊 Total acumulado: 175787 resultados
🔖 Checkpoint salvo: último ID = 239765

Processando lote de 100 itens (ID 239768 a 239920)...
✅ Lote processado: 100 resultados inseridos/atualizados
📊 Total acumulado: 175887 resultados
🔖 Checkpoint salvo: último ID = 239920

Processando lote de 100 itens (ID 239921 a 240041)...
✅ Lote processado: 100 resultados inseridos/atualizados
📊 Total acumulado: 175987 resultados
🔖 Checkpoint salvo: último ID = 240041

Processando lote de 100 itens (ID 240042 a 240164)...
✅ Lote processado: 100 resultados inseridos/atualizados
📊 Total acumulado: 176087 resultados
🔖 Checkpoint salvo: último ID = 240164

Processando lote de 100 itens (ID 240166 a 240288)...
✅ Lote processado: 100 resultados inseridos/atualizados
📊 Total acumulado: 176187 resultados
🔖 Checkpoint salvo: último ID = 240288

Processando lote de 100 itens (ID 240290 a 240412)...
✅ Lote processado: 100 resultados inseridos/atualizados
📊 Total acumulado: 176287 resultados
🔖 Checkpoint salvo: último ID = 240412

Processando lote de 100 itens (ID 240413 a 240514)...
✅ Lote processado: 100 resultados inseridos/atualizados
📊 Total acumulado: 176387 resultados
🔖 Checkpoint salvo: último ID = 240514

Processando lote de 100 itens (ID 240515 a 240614)...
✅ Lote processado: 100 resultados inseridos/atualizados
📊 Total acumulado: 176487 resultados
🔖 Checkpoint salvo: último ID = 240614

Processando lote de 100 itens (ID 240615 a 240714)...
✅ Lote processado: 100 resultados inseridos/atualizados
📊 Total acumulado: 176587 resultados
🔖 Checkpoint salvo: último ID = 240714

Processando lote de 100 itens (ID 240715 a 240814)...
✅ Lote processado: 100 resultados inseridos/atualizados
📊 Total acumulado: 176687 resultados
🔖 Checkpoint salvo: último ID = 240814

Processando lote de 100 itens (ID 240815 a 240914)...
✅ Lote processado: 100 resultados inseridos/atualizados
📊 Total acumulado: 176787 resultados
🔖 Checkpoint salvo: último ID = 240914

Processando lote de 100 itens (ID 240915 a 241035)...
✅ Lote processado: 100 resultados inseridos/atualizados
📊 Total acumulado: 176887 resultados
🔖 Checkpoint salvo: último ID = 241035

Processando lote de 100 itens (ID 241036 a 241160)...
✅ Lote processado: 100 resultados inseridos/atualizados
📊 Total acumulado: 176987 resultados
🔖 Checkpoint salvo: último ID = 241160

Processando lote de 100 itens (ID 241161 a 241261)...
✅ Lote processado: 100 resultados inseridos/atualizados
📊 Total acumulado: 177087 resultados
🔖 Checkpoint salvo: último ID = 241261

Processando lote de 100 itens (ID 241262 a 241369)...
✅ Lote processado: 100 resultados inseridos/atualizados
📊 Total acumulado: 177187 resultados
🔖 Checkpoint salvo: último ID = 241369

Processando lote de 100 itens (ID 241370 a 241486)...
✅ Lote processado: 100 resultados inseridos/atualizados
📊 Total acumulado: 177287 resultados
🔖 Checkpoint salvo: último ID = 241486

Processando lote de 100 itens (ID 241487 a 241609)...
✅ Lote processado: 100 resultados inseridos/atualizados
📊 Total acumulado: 177387 resultados
🔖 Checkpoint salvo: último ID = 241609

Processando lote de 100 itens (ID 241610 a 241737)...
✅ Lote processado: 100 resultados inseridos/atualizados
📊 Total acumulado: 177487 resultados
🔖 Checkpoint salvo: último ID = 241737

Processando lote de 100 itens (ID 241738 a 241841)...
✅ Lote processado: 102 resultados inseridos/atualizados
📊 Total acumulado: 177589 resultados
🔖 Checkpoint salvo: último ID = 241841

Processando lote de 100 itens (ID 241842 a 241991)...
✅ Lote processado: 100 resultados inseridos/atualizados
📊 Total acumulado: 177689 resultados
🔖 Checkpoint salvo: último ID = 241991

Processando lote de 100 itens (ID 241992 a 242121)...
✅ Lote processado: 102 resultados inseridos/atualizados
📊 Total acumulado: 177791 resultados
🔖 Checkpoint salvo: último ID = 242121

Processando lote de 100 itens (ID 242123 a 242319)...
✅ Lote processado: 100 resultados inseridos/atualizados
📊 Total acumulado: 177891 resultados
🔖 Checkpoint salvo: último ID = 242319

Processando lote de 100 itens (ID 242320 a 242521)...
✅ Lote processado: 100 resultados inseridos/atualizados
📊 Total acumulado: 177991 resultados
🔖 Checkpoint salvo: último ID = 242521

Processando lote de 100 itens (ID 242522 a 242679)...
✅ Lote processado: 100 resultados inseridos/atualizados
📊 Total acumulado: 178091 resultados
🔖 Checkpoint salvo: último ID = 242679

Processando lote de 100 itens (ID 242680 a 242792)...
✅ Lote processado: 100 resultados inseridos/atualizados
📊 Total acumulado: 178191 resultados
🔖 Checkpoint salvo: último ID = 242792

Processando lote de 100 itens (ID 242793 a 243015)...
✅ Lote processado: 100 resultados inseridos/atualizados
📊 Total acumulado: 178291 resultados
🔖 Checkpoint salvo: último ID = 243015

Processando lote de 100 itens (ID 243017 a 243134)...
✅ Lote processado: 100 resultados inseridos/atualizados
📊 Total acumulado: 178391 resultados
🔖 Checkpoint salvo: último ID = 243134

Processando lote de 100 itens (ID 243135 a 243243)...
✅ Lote processado: 100 resultados inseridos/atualizados
📊 Total acumulado: 178491 resultados
🔖 Checkpoint salvo: último ID = 243243

Processando lote de 100 itens (ID 243244 a 243431)...
✅ Lote processado: 100 resultados inseridos/atualizados
📊 Total acumulado: 178591 resultados
🔖 Checkpoint salvo: último ID = 243431

Processando lote de 100 itens (ID 243435 a 243562)...
✅ Lote processado: 100 resultados inseridos/atualizados
📊 Total acumulado: 178691 resultados
🔖 Checkpoint salvo: último ID = 243562

Processando lote de 100 itens (ID 243563 a 243722)...
✅ Lote processado: 100 resultados inseridos/atualizados
📊 Total acumulado: 178791 resultados
🔖 Checkpoint salvo: último ID = 243722

Processando lote de 100 itens (ID 243723 a 243861)...
✅ Lote processado: 100 resultados inseridos/atualizados
📊 Total acumulado: 178891 resultados
🔖 Checkpoint salvo: último ID = 243861

Processando lote de 100 itens (ID 243862 a 243979)...
✅ Lote processado: 100 resultados inseridos/atualizados
📊 Total acumulado: 178991 resultados
🔖 Checkpoint salvo: último ID = 243979

Processando lote de 100 itens (ID 243980 a 244089)...
✅ Lote processado: 100 resultados inseridos/atualizados
📊 Total acumulado: 179091 resultados
🔖 Checkpoint salvo: último ID = 244089

Processando lote de 100 itens (ID 244090 a 244207)...
✅ Lote processado: 100 resultados inseridos/atualizados
📊 Total acumulado: 179191 resultados
🔖 Checkpoint salvo: último ID = 244207

Processando lote de 100 itens (ID 244208 a 244319)...
✅ Lote processado: 100 resultados inseridos/atualizados
📊 Total acumulado: 179291 resultados
🔖 Checkpoint salvo: último ID = 244319

Processando lote de 100 itens (ID 244320 a 244432)...
✅ Lote processado: 100 resultados inseridos/atualizados
📊 Total acumulado: 179391 resultados
🔖 Checkpoint salvo: último ID = 244432

Processando lote de 100 itens (ID 244434 a 244543)...
✅ Lote processado: 100 resultados inseridos/atualizados
📊 Total acumulado: 179491 resultados
🔖 Checkpoint salvo: último ID = 244543

Processando lote de 100 itens (ID 244544 a 244661)...
✅ Lote processado: 100 resultados inseridos/atualizados
📊 Total acumulado: 179591 resultados
🔖 Checkpoint salvo: último ID = 244661

Processando lote de 100 itens (ID 244662 a 244771)...
✅ Lote processado: 100 resultados inseridos/atualizados
📊 Total acumulado: 179691 resultados
🔖 Checkpoint salvo: último ID = 244771

Processando lote de 100 itens (ID 244772 a 244871)...
✅ Lote processado: 100 resultados inseridos/atualizados
📊 Total acumulado: 179791 resultados
🔖 Checkpoint salvo: último ID = 244871

Processando lote de 100 itens (ID 244872 a 244971)...
✅ Lote processado: 100 resultados inseridos/atualizados
📊 Total acumulado: 179891 resultados
🔖 Checkpoint salvo: último ID = 244971

Processando lote de 100 itens (ID 244972 a 245071)...
✅ Lote processado: 100 resultados inseridos/atualizados
📊 Total acumulado: 179991 resultados
🔖 Checkpoint salvo: último ID = 245071

Processando lote de 100 itens (ID 245072 a 245171)...
✅ Lote processado: 100 resultados inseridos/atualizados
📊 Total acumulado: 180091 resultados
🔖 Checkpoint salvo: último ID = 245171

Processando lote de 100 itens (ID 245172 a 245313)...
✅ Lote processado: 100 resultados inseridos/atualizados
📊 Total acumulado: 180191 resultados
🔖 Checkpoint salvo: último ID = 245313

Processando lote de 100 itens (ID 245315 a 245420)...
✅ Lote processado: 100 resultados inseridos/atualizados
📊 Total acumulado: 180291 resultados
🔖 Checkpoint salvo: último ID = 245420

Processando lote de 100 itens (ID 245421 a 245520)...
✅ Lote processado: 100 resultados inseridos/atualizados
📊 Total acumulado: 180391 resultados
🔖 Checkpoint salvo: último ID = 245520

Processando lote de 100 itens (ID 245521 a 245632)...
✅ Lote processado: 100 resultados inseridos/atualizados
📊 Total acumulado: 180491 resultados
🔖 Checkpoint salvo: último ID = 245632

Processando lote de 100 itens (ID 245633 a 245747)...
✅ Lote processado: 100 resultados inseridos/atualizados
📊 Total acumulado: 180591 resultados
🔖 Checkpoint salvo: último ID = 245747

Processando lote de 100 itens (ID 245748 a 245856)...
✅ Lote processado: 100 resultados inseridos/atualizados
📊 Total acumulado: 180691 resultados
🔖 Checkpoint salvo: último ID = 245856

Processando lote de 100 itens (ID 245857 a 245967)...
✅ Lote processado: 102 resultados inseridos/atualizados
📊 Total acumulado: 180793 resultados
🔖 Checkpoint salvo: último ID = 245967

Processando lote de 100 itens (ID 245968 a 246072)...
✅ Lote processado: 100 resultados inseridos/atualizados
📊 Total acumulado: 180893 resultados
🔖 Checkpoint salvo: último ID = 246072

Processando lote de 100 itens (ID 246073 a 246188)...
✅ Lote processado: 100 resultados inseridos/atualizados
📊 Total acumulado: 180993 resultados
🔖 Checkpoint salvo: último ID = 246188

Processando lote de 100 itens (ID 246189 a 246295)...
✅ Lote processado: 104 resultados inseridos/atualizados
📊 Total acumulado: 181097 resultados
🔖 Checkpoint salvo: último ID = 246295

Processando lote de 100 itens (ID 246296 a 246409)...
✅ Lote processado: 100 resultados inseridos/atualizados
📊 Total acumulado: 181197 resultados
🔖 Checkpoint salvo: último ID = 246409

Processando lote de 100 itens (ID 246410 a 246530)...
✅ Lote processado: 104 resultados inseridos/atualizados
📊 Total acumulado: 181301 resultados
🔖 Checkpoint salvo: último ID = 246530

Processando lote de 100 itens (ID 246532 a 246687)...
✅ Lote processado: 105 resultados inseridos/atualizados
📊 Total acumulado: 181406 resultados
🔖 Checkpoint salvo: último ID = 246687

Processando lote de 100 itens (ID 246688 a 246824)...
✅ Lote processado: 107 resultados inseridos/atualizados
📊 Total acumulado: 181513 resultados
🔖 Checkpoint salvo: último ID = 246824

Processando lote de 100 itens (ID 246825 a 246983)...
✅ Lote processado: 104 resultados inseridos/atualizados
📊 Total acumulado: 181617 resultados
🔖 Checkpoint salvo: último ID = 246983

Processando lote de 100 itens (ID 246984 a 247107)...
✅ Lote processado: 104 resultados inseridos/atualizados
📊 Total acumulado: 181721 resultados
🔖 Checkpoint salvo: último ID = 247107

Processando lote de 100 itens (ID 247108 a 247220)...
✅ Lote processado: 100 resultados inseridos/atualizados
📊 Total acumulado: 181821 resultados
🔖 Checkpoint salvo: último ID = 247220

Processando lote de 100 itens (ID 247221 a 247339)...
✅ Lote processado: 100 resultados inseridos/atualizados
📊 Total acumulado: 181921 resultados
🔖 Checkpoint salvo: último ID = 247339

Processando lote de 100 itens (ID 247341 a 247456)...
✅ Lote processado: 100 resultados inseridos/atualizados
📊 Total acumulado: 182021 resultados
🔖 Checkpoint salvo: último ID = 247456

Processando lote de 100 itens (ID 247458 a 247603)...
✅ Lote processado: 103 resultados inseridos/atualizados
📊 Total acumulado: 182124 resultados
🔖 Checkpoint salvo: último ID = 247603

Processando lote de 100 itens (ID 247609 a 247755)...
✅ Lote processado: 100 resultados inseridos/atualizados
📊 Total acumulado: 182224 resultados
🔖 Checkpoint salvo: último ID = 247755

Processando lote de 100 itens (ID 247756 a 247912)...
✅ Lote processado: 100 resultados inseridos/atualizados
📊 Total acumulado: 182324 resultados
🔖 Checkpoint salvo: último ID = 247912

Processando lote de 100 itens (ID 247915 a 248030)...
✅ Lote processado: 100 resultados inseridos/atualizados
📊 Total acumulado: 182424 resultados
🔖 Checkpoint salvo: último ID = 248030

Processando lote de 100 itens (ID 248031 a 248146)...
✅ Lote processado: 100 resultados inseridos/atualizados
📊 Total acumulado: 182524 resultados
🔖 Checkpoint salvo: último ID = 248146

Processando lote de 100 itens (ID 248147 a 248254)...
✅ Lote processado: 100 resultados inseridos/atualizados
📊 Total acumulado: 182624 resultados
🔖 Checkpoint salvo: último ID = 248254

Processando lote de 100 itens (ID 248255 a 248363)...
✅ Lote processado: 100 resultados inseridos/atualizados
📊 Total acumulado: 182724 resultados
🔖 Checkpoint salvo: último ID = 248363

Processando lote de 100 itens (ID 248364 a 248468)...
✅ Lote processado: 103 resultados inseridos/atualizados
📊 Total acumulado: 182827 resultados
🔖 Checkpoint salvo: último ID = 248468

Processando lote de 100 itens (ID 248469 a 248571)...
✅ Lote processado: 101 resultados inseridos/atualizados
📊 Total acumulado: 182928 resultados
🔖 Checkpoint salvo: último ID = 248571

Processando lote de 100 itens (ID 248572 a 248699)...
✅ Lote processado: 100 resultados inseridos/atualizados
📊 Total acumulado: 183028 resultados
🔖 Checkpoint salvo: último ID = 248699

Processando lote de 100 itens (ID 248700 a 248807)...
✅ Lote processado: 100 resultados inseridos/atualizados
📊 Total acumulado: 183128 resultados
🔖 Checkpoint salvo: último ID = 248807

Processando lote de 100 itens (ID 248808 a 248915)...
✅ Lote processado: 101 resultados inseridos/atualizados
📊 Total acumulado: 183229 resultados
🔖 Checkpoint salvo: último ID = 248915

Processando lote de 100 itens (ID 248916 a 249028)...
✅ Lote processado: 100 resultados inseridos/atualizados
📊 Total acumulado: 183329 resultados
🔖 Checkpoint salvo: último ID = 249028

Processando lote de 100 itens (ID 249029 a 249130)...
✅ Lote processado: 100 resultados inseridos/atualizados
📊 Total acumulado: 183429 resultados
🔖 Checkpoint salvo: último ID = 249130

Processando lote de 100 itens (ID 249131 a 249230)...
✅ Lote processado: 100 resultados inseridos/atualizados
📊 Total acumulado: 183529 resultados
🔖 Checkpoint salvo: último ID = 249230

Processando lote de 100 itens (ID 249231 a 249333)...
✅ Lote processado: 100 resultados inseridos/atualizados
📊 Total acumulado: 183629 resultados
🔖 Checkpoint salvo: último ID = 249333

Processando lote de 100 itens (ID 249334 a 249436)...
✅ Lote processado: 100 resultados inseridos/atualizados
📊 Total acumulado: 183729 resultados
🔖 Checkpoint salvo: último ID = 249436

Processando lote de 100 itens (ID 249437 a 249551)...
✅ Lote processado: 102 resultados inseridos/atualizados
📊 Total acumulado: 183831 resultados
🔖 Checkpoint salvo: último ID = 249551

Processando lote de 100 itens (ID 249552 a 249653)...
✅ Lote processado: 100 resultados inseridos/atualizados
📊 Total acumulado: 183931 resultados
🔖 Checkpoint salvo: último ID = 249653

Processando lote de 100 itens (ID 249654 a 249760)...
✅ Lote processado: 100 resultados inseridos/atualizados
📊 Total acumulado: 184031 resultados
🔖 Checkpoint salvo: último ID = 249760

Processando lote de 100 itens (ID 249762 a 249921)...
✅ Lote processado: 100 resultados inseridos/atualizados
📊 Total acumulado: 184131 resultados
🔖 Checkpoint salvo: último ID = 249921

Processando lote de 100 itens (ID 249924 a 250033)...
✅ Lote processado: 100 resultados inseridos/atualizados
📊 Total acumulado: 184231 resultados
🔖 Checkpoint salvo: último ID = 250033

Processando lote de 100 itens (ID 250034 a 250260)...
✅ Lote processado: 100 resultados inseridos/atualizados
📊 Total acumulado: 184331 resultados
🔖 Checkpoint salvo: último ID = 250260

Processando lote de 100 itens (ID 250261 a 250360)...
✅ Lote processado: 100 resultados inseridos/atualizados
📊 Total acumulado: 184431 resultados
🔖 Checkpoint salvo: último ID = 250360

Processando lote de 100 itens (ID 250361 a 250460)...
✅ Lote processado: 100 resultados inseridos/atualizados
📊 Total acumulado: 184531 resultados
🔖 Checkpoint salvo: último ID = 250460

Processando lote de 100 itens (ID 250461 a 251117)...
✅ Lote processado: 101 resultados inseridos/atualizados
📊 Total acumulado: 184632 resultados
🔖 Checkpoint salvo: último ID = 251117

Processando lote de 100 itens (ID 251118 a 251231)...
✅ Lote processado: 100 resultados inseridos/atualizados
📊 Total acumulado: 184732 resultados
🔖 Checkpoint salvo: último ID = 251231

Processando lote de 100 itens (ID 251232 a 251391)...
✅ Lote processado: 100 resultados inseridos/atualizados
📊 Total acumulado: 184832 resultados
🔖 Checkpoint salvo: último ID = 251391

Processando lote de 100 itens (ID 251392 a 251501)...
✅ Lote processado: 105 resultados inseridos/atualizados
📊 Total acumulado: 184937 resultados
🔖 Checkpoint salvo: último ID = 251501

Processando lote de 100 itens (ID 251502 a 251601)...
✅ Lote processado: 111 resultados inseridos/atualizados
📊 Total acumulado: 185048 resultados
🔖 Checkpoint salvo: último ID = 251601

Processando lote de 100 itens (ID 251602 a 251701)...
✅ Lote processado: 116 resultados inseridos/atualizados
📊 Total acumulado: 185164 resultados
🔖 Checkpoint salvo: último ID = 251701

Processando lote de 100 itens (ID 251702 a 251815)...
✅ Lote processado: 100 resultados inseridos/atualizados
📊 Total acumulado: 185264 resultados
🔖 Checkpoint salvo: último ID = 251815

Processando lote de 100 itens (ID 251816 a 252024)...
✅ Lote processado: 106 resultados inseridos/atualizados
📊 Total acumulado: 185370 resultados
🔖 Checkpoint salvo: último ID = 252024

Processando lote de 100 itens (ID 252025 a 252135)...
✅ Lote processado: 486 resultados inseridos/atualizados
📊 Total acumulado: 185856 resultados
🔖 Checkpoint salvo: último ID = 252135

Processando lote de 100 itens (ID 252136 a 252235)...
✅ Lote processado: 191 resultados inseridos/atualizados
📊 Total acumulado: 186047 resultados
🔖 Checkpoint salvo: último ID = 252235

Processando lote de 100 itens (ID 252236 a 252381)...
✅ Lote processado: 100 resultados inseridos/atualizados
📊 Total acumulado: 186147 resultados
🔖 Checkpoint salvo: último ID = 252381

Processando lote de 100 itens (ID 252383 a 252617)...
✅ Lote processado: 100 resultados inseridos/atualizados
📊 Total acumulado: 186247 resultados
🔖 Checkpoint salvo: último ID = 252617

Processando lote de 100 itens (ID 252618 a 252737)...
✅ Lote processado: 100 resultados inseridos/atualizados
📊 Total acumulado: 186347 resultados
🔖 Checkpoint salvo: último ID = 252737

Processando lote de 100 itens (ID 252738 a 252840)...
✅ Lote processado: 100 resultados inseridos/atualizados
📊 Total acumulado: 186447 resultados
🔖 Checkpoint salvo: último ID = 252840

Processando lote de 100 itens (ID 252841 a 252967)...
✅ Lote processado: 100 resultados inseridos/atualizados
📊 Total acumulado: 186547 resultados
🔖 Checkpoint salvo: último ID = 252967

Processando lote de 100 itens (ID 252970 a 253097)...
✅ Lote processado: 100 resultados inseridos/atualizados
📊 Total acumulado: 186647 resultados
🔖 Checkpoint salvo: último ID = 253097

Processando lote de 100 itens (ID 253098 a 253218)...
✅ Lote processado: 100 resultados inseridos/atualizados
📊 Total acumulado: 186747 resultados
🔖 Checkpoint salvo: último ID = 253218

Processando lote de 100 itens (ID 253219 a 253318)...
✅ Lote processado: 100 resultados inseridos/atualizados
📊 Total acumulado: 186847 resultados
🔖 Checkpoint salvo: último ID = 253318

Processando lote de 100 itens (ID 253319 a 253418)...
✅ Lote processado: 100 resultados inseridos/atualizados
📊 Total acumulado: 186947 resultados
🔖 Checkpoint salvo: último ID = 253418

Processando lote de 100 itens (ID 253419 a 253520)...
✅ Lote processado: 100 resultados inseridos/atualizados
📊 Total acumulado: 187047 resultados
🔖 Checkpoint salvo: último ID = 253520

Processando lote de 100 itens (ID 253521 a 253688)...
✅ Lote processado: 100 resultados inseridos/atualizados
📊 Total acumulado: 187147 resultados
🔖 Checkpoint salvo: último ID = 253688

Processando lote de 100 itens (ID 253689 a 253790)...
✅ Lote processado: 100 resultados inseridos/atualizados
📊 Total acumulado: 187247 resultados
🔖 Checkpoint salvo: último ID = 253790

Processando lote de 100 itens (ID 253791 a 253890)...
✅ Lote processado: 100 resultados inseridos/atualizados
📊 Total acumulado: 187347 resultados
🔖 Checkpoint salvo: último ID = 253890

Processando lote de 100 itens (ID 253891 a 253990)...
✅ Lote processado: 100 resultados inseridos/atualizados
📊 Total acumulado: 187447 resultados
🔖 Checkpoint salvo: último ID = 253990

Processando lote de 100 itens (ID 253991 a 254090)...
✅ Lote processado: 100 resultados inseridos/atualizados
📊 Total acumulado: 187547 resultados
🔖 Checkpoint salvo: último ID = 254090

Processando lote de 100 itens (ID 254091 a 254224)...
✅ Lote processado: 101 resultados inseridos/atualizados
📊 Total acumulado: 187648 resultados
🔖 Checkpoint salvo: último ID = 254224

Processando lote de 100 itens (ID 254225 a 254334)...
✅ Lote processado: 101 resultados inseridos/atualizados
📊 Total acumulado: 187749 resultados
🔖 Checkpoint salvo: último ID = 254334

Processando lote de 100 itens (ID 254335 a 254436)...
✅ Lote processado: 100 resultados inseridos/atualizados
📊 Total acumulado: 187849 resultados
🔖 Checkpoint salvo: último ID = 254436

Processando lote de 100 itens (ID 254437 a 254572)...
✅ Lote processado: 100 resultados inseridos/atualizados
📊 Total acumulado: 187949 resultados
🔖 Checkpoint salvo: último ID = 254572

Processando lote de 100 itens (ID 254573 a 254672)...
✅ Lote processado: 104 resultados inseridos/atualizados
📊 Total acumulado: 188053 resultados
🔖 Checkpoint salvo: último ID = 254672

Processando lote de 100 itens (ID 254673 a 254772)...
✅ Lote processado: 100 resultados inseridos/atualizados
📊 Total acumulado: 188153 resultados
🔖 Checkpoint salvo: último ID = 254772

Processando lote de 100 itens (ID 254773 a 254872)...
✅ Lote processado: 100 resultados inseridos/atualizados
📊 Total acumulado: 188253 resultados
🔖 Checkpoint salvo: último ID = 254872

Processando lote de 100 itens (ID 254873 a 254972)...
✅ Lote processado: 100 resultados inseridos/atualizados
📊 Total acumulado: 188353 resultados
🔖 Checkpoint salvo: último ID = 254972

Processando lote de 100 itens (ID 254973 a 255072)...
✅ Lote processado: 100 resultados inseridos/atualizados
📊 Total acumulado: 188453 resultados
🔖 Checkpoint salvo: último ID = 255072

Processando lote de 100 itens (ID 255073 a 255172)...
✅ Lote processado: 100 resultados inseridos/atualizados
📊 Total acumulado: 188553 resultados
🔖 Checkpoint salvo: último ID = 255172

Processando lote de 100 itens (ID 255173 a 255297)...
✅ Lote processado: 100 resultados inseridos/atualizados
📊 Total acumulado: 188653 resultados
🔖 Checkpoint salvo: último ID = 255297

Processando lote de 100 itens (ID 255298 a 255397)...
✅ Lote processado: 100 resultados inseridos/atualizados
📊 Total acumulado: 188753 resultados
🔖 Checkpoint salvo: último ID = 255397

Processando lote de 100 itens (ID 255398 a 255525)...
✅ Lote processado: 100 resultados inseridos/atualizados
📊 Total acumulado: 188853 resultados
🔖 Checkpoint salvo: último ID = 255525

Processando lote de 100 itens (ID 255528 a 255708)...
✅ Lote processado: 102 resultados inseridos/atualizados
📊 Total acumulado: 188955 resultados
🔖 Checkpoint salvo: último ID = 255708

Processando lote de 100 itens (ID 255709 a 255876)...
✅ Lote processado: 118 resultados inseridos/atualizados
📊 Total acumulado: 189073 resultados
🔖 Checkpoint salvo: último ID = 255876

Processando lote de 100 itens (ID 255877 a 256022)...
✅ Lote processado: 100 resultados inseridos/atualizados
📊 Total acumulado: 189173 resultados
🔖 Checkpoint salvo: último ID = 256022

Processando lote de 100 itens (ID 256023 a 256163)...
✅ Lote processado: 100 resultados inseridos/atualizados
📊 Total acumulado: 189273 resultados
🔖 Checkpoint salvo: último ID = 256163

Processando lote de 100 itens (ID 256164 a 256339)...
✅ Lote processado: 100 resultados inseridos/atualizados
📊 Total acumulado: 189373 resultados
🔖 Checkpoint salvo: último ID = 256339

Processando lote de 100 itens (ID 256340 a 256470)...
✅ Lote processado: 100 resultados inseridos/atualizados
📊 Total acumulado: 189473 resultados
🔖 Checkpoint salvo: último ID = 256470

Processando lote de 100 itens (ID 256472 a 256577)...
✅ Lote processado: 101 resultados inseridos/atualizados
📊 Total acumulado: 189574 resultados
🔖 Checkpoint salvo: último ID = 256577

Processando lote de 100 itens (ID 256578 a 256807)...
✅ Lote processado: 105 resultados inseridos/atualizados
📊 Total acumulado: 189679 resultados
🔖 Checkpoint salvo: último ID = 256807

Processando lote de 100 itens (ID 256808 a 256952)...
✅ Lote processado: 106 resultados inseridos/atualizados
📊 Total acumulado: 189785 resultados
🔖 Checkpoint salvo: último ID = 256952

Processando lote de 100 itens (ID 256953 a 257061)...
✅ Lote processado: 100 resultados inseridos/atualizados
📊 Total acumulado: 189885 resultados
🔖 Checkpoint salvo: último ID = 257061

Processando lote de 100 itens (ID 257062 a 257172)...
✅ Lote processado: 100 resultados inseridos/atualizados
📊 Total acumulado: 189985 resultados
🔖 Checkpoint salvo: último ID = 257172

Processando lote de 100 itens (ID 257173 a 257274)...
✅ Lote processado: 100 resultados inseridos/atualizados
📊 Total acumulado: 190085 resultados
🔖 Checkpoint salvo: último ID = 257274

Processando lote de 100 itens (ID 257275 a 257408)...
✅ Lote processado: 100 resultados inseridos/atualizados
📊 Total acumulado: 190185 resultados
🔖 Checkpoint salvo: último ID = 257408

Processando lote de 100 itens (ID 257409 a 257515)...
✅ Lote processado: 100 resultados inseridos/atualizados
📊 Total acumulado: 190285 resultados
🔖 Checkpoint salvo: último ID = 257515

Processando lote de 100 itens (ID 257516 a 257615)...
✅ Lote processado: 100 resultados inseridos/atualizados
📊 Total acumulado: 190385 resultados
🔖 Checkpoint salvo: último ID = 257615

Processando lote de 100 itens (ID 257616 a 258048)...
✅ Lote processado: 100 resultados inseridos/atualizados
📊 Total acumulado: 190485 resultados
🔖 Checkpoint salvo: último ID = 258048

Processando lote de 100 itens (ID 258049 a 258171)...
✅ Lote processado: 100 resultados inseridos/atualizados
📊 Total acumulado: 190585 resultados
🔖 Checkpoint salvo: último ID = 258171

Processando lote de 100 itens (ID 258172 a 258319)...
✅ Lote processado: 100 resultados inseridos/atualizados
📊 Total acumulado: 190685 resultados
🔖 Checkpoint salvo: último ID = 258319

Processando lote de 100 itens (ID 258320 a 258555)...
✅ Lote processado: 100 resultados inseridos/atualizados
📊 Total acumulado: 190785 resultados
🔖 Checkpoint salvo: último ID = 258555

Processando lote de 100 itens (ID 258556 a 258665)...
✅ Lote processado: 102 resultados inseridos/atualizados
📊 Total acumulado: 190887 resultados
🔖 Checkpoint salvo: último ID = 258665

Processando lote de 100 itens (ID 258666 a 258791)...
✅ Lote processado: 100 resultados inseridos/atualizados
📊 Total acumulado: 190987 resultados
🔖 Checkpoint salvo: último ID = 258791

Processando lote de 100 itens (ID 258792 a 258906)...
✅ Lote processado: 100 resultados inseridos/atualizados
📊 Total acumulado: 191087 resultados
🔖 Checkpoint salvo: último ID = 258906

Processando lote de 100 itens (ID 258909 a 259071)...
✅ Lote processado: 106 resultados inseridos/atualizados
📊 Total acumulado: 191193 resultados
🔖 Checkpoint salvo: último ID = 259071

Processando lote de 100 itens (ID 259082 a 259186)...
✅ Lote processado: 100 resultados inseridos/atualizados
📊 Total acumulado: 191293 resultados
🔖 Checkpoint salvo: último ID = 259186

Processando lote de 100 itens (ID 259187 a 259286)...
✅ Lote processado: 100 resultados inseridos/atualizados
📊 Total acumulado: 191393 resultados
🔖 Checkpoint salvo: último ID = 259286

Processando lote de 100 itens (ID 259287 a 259468)...
✅ Lote processado: 100 resultados inseridos/atualizados
📊 Total acumulado: 191493 resultados
🔖 Checkpoint salvo: último ID = 259468

Processando lote de 100 itens (ID 259469 a 259629)...
✅ Lote processado: 100 resultados inseridos/atualizados
📊 Total acumulado: 191593 resultados
🔖 Checkpoint salvo: último ID = 259629

Processando lote de 100 itens (ID 259631 a 259754)...
✅ Lote processado: 100 resultados inseridos/atualizados
📊 Total acumulado: 191693 resultados
🔖 Checkpoint salvo: último ID = 259754

Processando lote de 100 itens (ID 259756 a 259879)...
✅ Lote processado: 100 resultados inseridos/atualizados
📊 Total acumulado: 191793 resultados
🔖 Checkpoint salvo: último ID = 259879

Processando lote de 100 itens (ID 259880 a 260068)...
✅ Lote processado: 110 resultados inseridos/atualizados
📊 Total acumulado: 191903 resultados
🔖 Checkpoint salvo: último ID = 260068

Processando lote de 100 itens (ID 260069 a 260267)...
✅ Lote processado: 100 resultados inseridos/atualizados
📊 Total acumulado: 192003 resultados
🔖 Checkpoint salvo: último ID = 260267

Processando lote de 100 itens (ID 260268 a 260373)...
✅ Lote processado: 122 resultados inseridos/atualizados
📊 Total acumulado: 192125 resultados
🔖 Checkpoint salvo: último ID = 260373

Processando lote de 100 itens (ID 260374 a 260561)...
✅ Lote processado: 100 resultados inseridos/atualizados
📊 Total acumulado: 192225 resultados
🔖 Checkpoint salvo: último ID = 260561

Processando lote de 100 itens (ID 260562 a 260677)...
✅ Lote processado: 100 resultados inseridos/atualizados
📊 Total acumulado: 192325 resultados
🔖 Checkpoint salvo: último ID = 260677

Processando lote de 100 itens (ID 260678 a 260786)...
✅ Lote processado: 102 resultados inseridos/atualizados
📊 Total acumulado: 192427 resultados
🔖 Checkpoint salvo: último ID = 260786

Processando lote de 100 itens (ID 260787 a 260891)...
✅ Lote processado: 100 resultados inseridos/atualizados
📊 Total acumulado: 192527 resultados
🔖 Checkpoint salvo: último ID = 260891

Processando lote de 100 itens (ID 260892 a 261003)...
✅ Lote processado: 101 resultados inseridos/atualizados
📊 Total acumulado: 192628 resultados
🔖 Checkpoint salvo: último ID = 261003

Processando lote de 100 itens (ID 261004 a 261104)...
✅ Lote processado: 101 resultados inseridos/atualizados
📊 Total acumulado: 192729 resultados
🔖 Checkpoint salvo: último ID = 261104

Processando lote de 100 itens (ID 261105 a 261204)...
✅ Lote processado: 100 resultados inseridos/atualizados
📊 Total acumulado: 192829 resultados
🔖 Checkpoint salvo: último ID = 261204

Processando lote de 100 itens (ID 261205 a 261323)...
✅ Lote processado: 100 resultados inseridos/atualizados
📊 Total acumulado: 192929 resultados
🔖 Checkpoint salvo: último ID = 261323

Processando lote de 100 itens (ID 261324 a 261435)...
✅ Lote processado: 109 resultados inseridos/atualizados
📊 Total acumulado: 193038 resultados
🔖 Checkpoint salvo: último ID = 261435

Processando lote de 100 itens (ID 261436 a 261535)...
✅ Lote processado: 400 resultados inseridos/atualizados
📊 Total acumulado: 193438 resultados
🔖 Checkpoint salvo: último ID = 261535

Processando lote de 100 itens (ID 261536 a 261635)...
✅ Lote processado: 400 resultados inseridos/atualizados
📊 Total acumulado: 193838 resultados
🔖 Checkpoint salvo: último ID = 261635

Processando lote de 100 itens (ID 261636 a 261735)...
✅ Lote processado: 400 resultados inseridos/atualizados
📊 Total acumulado: 194238 resultados
🔖 Checkpoint salvo: último ID = 261735

Processando lote de 100 itens (ID 261736 a 261835)...
✅ Lote processado: 400 resultados inseridos/atualizados
📊 Total acumulado: 194638 resultados
🔖 Checkpoint salvo: último ID = 261835

Processando lote de 100 itens (ID 261836 a 261935)...
✅ Lote processado: 400 resultados inseridos/atualizados
📊 Total acumulado: 195038 resultados
🔖 Checkpoint salvo: último ID = 261935

Processando lote de 100 itens (ID 261936 a 262100)...
✅ Lote processado: 114 resultados inseridos/atualizados
📊 Total acumulado: 195152 resultados
🔖 Checkpoint salvo: último ID = 262100

Processando lote de 100 itens (ID 262101 a 262260)...
✅ Lote processado: 103 resultados inseridos/atualizados
📊 Total acumulado: 195255 resultados
🔖 Checkpoint salvo: último ID = 262260

Processando lote de 100 itens (ID 262261 a 262405)...
✅ Lote processado: 103 resultados inseridos/atualizados
📊 Total acumulado: 195358 resultados
🔖 Checkpoint salvo: último ID = 262405

Processando lote de 100 itens (ID 262406 a 262571)...
✅ Lote processado: 100 resultados inseridos/atualizados
📊 Total acumulado: 195458 resultados
🔖 Checkpoint salvo: último ID = 262571

Processando lote de 100 itens (ID 262572 a 262688)...
✅ Lote processado: 107 resultados inseridos/atualizados
📊 Total acumulado: 195565 resultados
🔖 Checkpoint salvo: último ID = 262688

Processando lote de 100 itens (ID 262689 a 262808)...
✅ Lote processado: 104 resultados inseridos/atualizados
📊 Total acumulado: 195669 resultados
🔖 Checkpoint salvo: último ID = 262808

Processando lote de 100 itens (ID 262810 a 262930)...
✅ Lote processado: 104 resultados inseridos/atualizados
📊 Total acumulado: 195773 resultados
🔖 Checkpoint salvo: último ID = 262930

Processando lote de 100 itens (ID 262931 a 263052)...
✅ Lote processado: 104 resultados inseridos/atualizados
📊 Total acumulado: 195877 resultados
🔖 Checkpoint salvo: último ID = 263052

Processando lote de 100 itens (ID 263053 a 263168)...
✅ Lote processado: 103 resultados inseridos/atualizados
📊 Total acumulado: 195980 resultados
🔖 Checkpoint salvo: último ID = 263168

Processando lote de 100 itens (ID 263169 a 263318)...
✅ Lote processado: 100 resultados inseridos/atualizados
📊 Total acumulado: 196080 resultados
🔖 Checkpoint salvo: último ID = 263318

Processando lote de 100 itens (ID 263319 a 263486)...
✅ Lote processado: 104 resultados inseridos/atualizados
📊 Total acumulado: 196184 resultados
🔖 Checkpoint salvo: último ID = 263486

Processando lote de 100 itens (ID 263487 a 263587)...
✅ Lote processado: 100 resultados inseridos/atualizados
📊 Total acumulado: 196284 resultados
🔖 Checkpoint salvo: último ID = 263587

Processando lote de 100 itens (ID 263588 a 263715)...
✅ Lote processado: 103 resultados inseridos/atualizados
📊 Total acumulado: 196387 resultados
🔖 Checkpoint salvo: último ID = 263715

Processando lote de 100 itens (ID 263716 a 263845)...
✅ Lote processado: 100 resultados inseridos/atualizados
📊 Total acumulado: 196487 resultados
🔖 Checkpoint salvo: último ID = 263845

Processando lote de 100 itens (ID 263846 a 263970)...
✅ Lote processado: 100 resultados inseridos/atualizados
📊 Total acumulado: 196587 resultados
🔖 Checkpoint salvo: último ID = 263970

Processando lote de 100 itens (ID 263971 a 264084)...
✅ Lote processado: 100 resultados inseridos/atualizados
📊 Total acumulado: 196687 resultados
🔖 Checkpoint salvo: último ID = 264084

Processando lote de 100 itens (ID 264085 a 264194)...
✅ Lote processado: 100 resultados inseridos/atualizados
📊 Total acumulado: 196787 resultados
🔖 Checkpoint salvo: último ID = 264194

Processando lote de 100 itens (ID 264195 a 264317)...
✅ Lote processado: 100 resultados inseridos/atualizados
📊 Total acumulado: 196887 resultados
🔖 Checkpoint salvo: último ID = 264317

Processando lote de 100 itens (ID 264318 a 264571)...
✅ Lote processado: 100 resultados inseridos/atualizados
📊 Total acumulado: 196987 resultados
🔖 Checkpoint salvo: último ID = 264571

Processando lote de 100 itens (ID 264572 a 264693)...
✅ Lote processado: 100 resultados inseridos/atualizados
📊 Total acumulado: 197087 resultados
🔖 Checkpoint salvo: último ID = 264693

Processando lote de 100 itens (ID 264694 a 264855)...
✅ Lote processado: 100 resultados inseridos/atualizados
📊 Total acumulado: 197187 resultados
🔖 Checkpoint salvo: último ID = 264855

Processando lote de 100 itens (ID 264856 a 265028)...
✅ Lote processado: 100 resultados inseridos/atualizados
📊 Total acumulado: 197287 resultados
🔖 Checkpoint salvo: último ID = 265028

Processando lote de 100 itens (ID 265029 a 265179)...
✅ Lote processado: 100 resultados inseridos/atualizados
📊 Total acumulado: 197387 resultados
🔖 Checkpoint salvo: último ID = 265179

Processando lote de 100 itens (ID 265180 a 265360)...
✅ Lote processado: 102 resultados inseridos/atualizados
📊 Total acumulado: 197489 resultados
🔖 Checkpoint salvo: último ID = 265360

Processando lote de 100 itens (ID 265361 a 265529)...
✅ Lote processado: 100 resultados inseridos/atualizados
📊 Total acumulado: 197589 resultados
🔖 Checkpoint salvo: último ID = 265529

Processando lote de 100 itens (ID 265530 a 265719)...
✅ Lote processado: 100 resultados inseridos/atualizados
📊 Total acumulado: 197689 resultados
🔖 Checkpoint salvo: último ID = 265719

Processando lote de 100 itens (ID 265720 a 265857)...
✅ Lote processado: 102 resultados inseridos/atualizados
📊 Total acumulado: 197791 resultados
🔖 Checkpoint salvo: último ID = 265857

Processando lote de 100 itens (ID 265860 a 266056)...
✅ Lote processado: 100 resultados inseridos/atualizados
📊 Total acumulado: 197891 resultados
🔖 Checkpoint salvo: último ID = 266056

Processando lote de 100 itens (ID 266057 a 266204)...
✅ Lote processado: 100 resultados inseridos/atualizados
📊 Total acumulado: 197991 resultados
🔖 Checkpoint salvo: último ID = 266204

Processando lote de 100 itens (ID 266205 a 266317)...
✅ Lote processado: 100 resultados inseridos/atualizados
📊 Total acumulado: 198091 resultados
🔖 Checkpoint salvo: último ID = 266317

Processando lote de 100 itens (ID 266318 a 266417)...
✅ Lote processado: 100 resultados inseridos/atualizados
📊 Total acumulado: 198191 resultados
🔖 Checkpoint salvo: último ID = 266417

Processando lote de 100 itens (ID 266418 a 266519)...
✅ Lote processado: 116 resultados inseridos/atualizados
📊 Total acumulado: 198307 resultados
🔖 Checkpoint salvo: último ID = 266519

Processando lote de 100 itens (ID 266520 a 266623)...
✅ Lote processado: 100 resultados inseridos/atualizados
📊 Total acumulado: 198407 resultados
🔖 Checkpoint salvo: último ID = 266623

Processando lote de 100 itens (ID 266624 a 266834)...
✅ Lote processado: 100 resultados inseridos/atualizados
📊 Total acumulado: 198507 resultados
🔖 Checkpoint salvo: último ID = 266834

Processando lote de 100 itens (ID 266835 a 266965)...
✅ Lote processado: 100 resultados inseridos/atualizados
📊 Total acumulado: 198607 resultados
🔖 Checkpoint salvo: último ID = 266965

Processando lote de 100 itens (ID 266967 a 267200)...
✅ Lote processado: 100 resultados inseridos/atualizados
📊 Total acumulado: 198707 resultados
🔖 Checkpoint salvo: último ID = 267200

Processando lote de 100 itens (ID 267201 a 267323)...
✅ Lote processado: 100 resultados inseridos/atualizados
📊 Total acumulado: 198807 resultados
🔖 Checkpoint salvo: último ID = 267323

Processando lote de 100 itens (ID 267324 a 267483)...
✅ Lote processado: 101 resultados inseridos/atualizados
📊 Total acumulado: 198908 resultados
🔖 Checkpoint salvo: último ID = 267483

Processando lote de 100 itens (ID 267485 a 267637)...
✅ Lote processado: 101 resultados inseridos/atualizados
📊 Total acumulado: 199009 resultados
🔖 Checkpoint salvo: último ID = 267637

Processando lote de 100 itens (ID 267639 a 267771)...
✅ Lote processado: 101 resultados inseridos/atualizados
📊 Total acumulado: 199110 resultados
🔖 Checkpoint salvo: último ID = 267771

Processando lote de 100 itens (ID 267777 a 267902)...
✅ Lote processado: 100 resultados inseridos/atualizados
📊 Total acumulado: 199210 resultados
🔖 Checkpoint salvo: último ID = 267902

Processando lote de 100 itens (ID 267905 a 268128)...
✅ Lote processado: 100 resultados inseridos/atualizados
📊 Total acumulado: 199310 resultados
🔖 Checkpoint salvo: último ID = 268128

Processando lote de 100 itens (ID 268129 a 268244)...
✅ Lote processado: 100 resultados inseridos/atualizados
📊 Total acumulado: 199410 resultados
🔖 Checkpoint salvo: último ID = 268244

Processando lote de 100 itens (ID 268245 a 268368)...
✅ Lote processado: 100 resultados inseridos/atualizados
📊 Total acumulado: 199510 resultados
🔖 Checkpoint salvo: último ID = 268368

Processando lote de 100 itens (ID 268369 a 268488)...
✅ Lote processado: 100 resultados inseridos/atualizados
📊 Total acumulado: 199610 resultados
🔖 Checkpoint salvo: último ID = 268488

Processando lote de 100 itens (ID 268490 a 268638)...
✅ Lote processado: 100 resultados inseridos/atualizados
📊 Total acumulado: 199710 resultados
🔖 Checkpoint salvo: último ID = 268638

Processando lote de 100 itens (ID 268640 a 268766)...
✅ Lote processado: 100 resultados inseridos/atualizados
📊 Total acumulado: 199810 resultados
🔖 Checkpoint salvo: último ID = 268766

Processando lote de 100 itens (ID 268767 a 268888)...
✅ Lote processado: 100 resultados inseridos/atualizados
📊 Total acumulado: 199910 resultados
🔖 Checkpoint salvo: último ID = 268888

Processando lote de 100 itens (ID 268889 a 268991)...
✅ Lote processado: 100 resultados inseridos/atualizados
📊 Total acumulado: 200010 resultados
🔖 Checkpoint salvo: último ID = 268991

Processando lote de 100 itens (ID 268992 a 269091)...
✅ Lote processado: 100 resultados inseridos/atualizados
📊 Total acumulado: 200110 resultados
🔖 Checkpoint salvo: último ID = 269091

Processando lote de 100 itens (ID 269092 a 269333)...
✅ Lote processado: 100 resultados inseridos/atualizados
📊 Total acumulado: 200210 resultados
🔖 Checkpoint salvo: último ID = 269333

Processando lote de 100 itens (ID 269334 a 269445)...
✅ Lote processado: 204 resultados inseridos/atualizados
📊 Total acumulado: 200414 resultados
🔖 Checkpoint salvo: último ID = 269445

Processando lote de 100 itens (ID 269446 a 269545)...
✅ Lote processado: 239 resultados inseridos/atualizados
📊 Total acumulado: 200653 resultados
🔖 Checkpoint salvo: último ID = 269545

Processando lote de 100 itens (ID 269546 a 269685)...
✅ Lote processado: 111 resultados inseridos/atualizados
📊 Total acumulado: 200764 resultados
🔖 Checkpoint salvo: último ID = 269685

Processando lote de 100 itens (ID 269686 a 269796)...
✅ Lote processado: 100 resultados inseridos/atualizados
📊 Total acumulado: 200864 resultados
🔖 Checkpoint salvo: último ID = 269796

Processando lote de 100 itens (ID 269797 a 270082)...
✅ Lote processado: 100 resultados inseridos/atualizados
📊 Total acumulado: 200964 resultados
🔖 Checkpoint salvo: último ID = 270082

Processando lote de 100 itens (ID 270085 a 270372)...
✅ Lote processado: 100 resultados inseridos/atualizados
📊 Total acumulado: 201064 resultados
🔖 Checkpoint salvo: último ID = 270372

Processando lote de 100 itens (ID 270373 a 270577)...
✅ Lote processado: 100 resultados inseridos/atualizados
📊 Total acumulado: 201164 resultados
🔖 Checkpoint salvo: último ID = 270577

Processando lote de 100 itens (ID 270578 a 270677)...
✅ Lote processado: 100 resultados inseridos/atualizados
📊 Total acumulado: 201264 resultados
🔖 Checkpoint salvo: último ID = 270677

Processando lote de 100 itens (ID 270679 a 271024)...
✅ Lote processado: 100 resultados inseridos/atualizados
📊 Total acumulado: 201364 resultados
🔖 Checkpoint salvo: último ID = 271024

Processando lote de 100 itens (ID 271025 a 271197)...
✅ Lote processado: 100 resultados inseridos/atualizados
📊 Total acumulado: 201464 resultados
🔖 Checkpoint salvo: último ID = 271197

Processando lote de 100 itens (ID 271199 a 271376)...
✅ Lote processado: 100 resultados inseridos/atualizados
📊 Total acumulado: 201564 resultados
🔖 Checkpoint salvo: último ID = 271376

Processando lote de 100 itens (ID 271377 a 271480)...
✅ Lote processado: 100 resultados inseridos/atualizados
📊 Total acumulado: 201664 resultados
🔖 Checkpoint salvo: último ID = 271480

Processando lote de 100 itens (ID 271481 a 271593)...
✅ Lote processado: 112 resultados inseridos/atualizados
📊 Total acumulado: 201776 resultados
🔖 Checkpoint salvo: último ID = 271593

Processando lote de 100 itens (ID 271594 a 271797)...
✅ Lote processado: 117 resultados inseridos/atualizados
📊 Total acumulado: 201893 resultados
🔖 Checkpoint salvo: último ID = 271797

Processando lote de 100 itens (ID 271798 a 271929)...
✅ Lote processado: 100 resultados inseridos/atualizados
📊 Total acumulado: 201993 resultados
🔖 Checkpoint salvo: último ID = 271929

Processando lote de 100 itens (ID 271931 a 272040)...
✅ Lote processado: 100 resultados inseridos/atualizados
📊 Total acumulado: 202093 resultados
🔖 Checkpoint salvo: último ID = 272040

Processando lote de 100 itens (ID 272043 a 272154)...
✅ Lote processado: 100 resultados inseridos/atualizados
📊 Total acumulado: 202193 resultados
🔖 Checkpoint salvo: último ID = 272154

Processando lote de 100 itens (ID 272155 a 272268)...
✅ Lote processado: 100 resultados inseridos/atualizados
📊 Total acumulado: 202293 resultados
🔖 Checkpoint salvo: último ID = 272268

Processando lote de 100 itens (ID 272269 a 272375)...
✅ Lote processado: 100 resultados inseridos/atualizados
📊 Total acumulado: 202393 resultados
🔖 Checkpoint salvo: último ID = 272375

Processando lote de 100 itens (ID 272377 a 272518)...
✅ Lote processado: 100 resultados inseridos/atualizados
📊 Total acumulado: 202493 resultados
🔖 Checkpoint salvo: último ID = 272518

Processando lote de 100 itens (ID 272520 a 272641)...
✅ Lote processado: 100 resultados inseridos/atualizados
📊 Total acumulado: 202593 resultados
🔖 Checkpoint salvo: último ID = 272641

Processando lote de 100 itens (ID 272642 a 272757)...
✅ Lote processado: 99 resultados inseridos/atualizados
📊 Total acumulado: 202692 resultados
🔖 Checkpoint salvo: último ID = 272757

Processando lote de 100 itens (ID 272759 a 272871)...
✅ Lote processado: 100 resultados inseridos/atualizados
📊 Total acumulado: 202792 resultados
🔖 Checkpoint salvo: último ID = 272871

Processando lote de 100 itens (ID 272872 a 272977)...
✅ Lote processado: 100 resultados inseridos/atualizados
📊 Total acumulado: 202892 resultados
🔖 Checkpoint salvo: último ID = 272977

Processando lote de 100 itens (ID 272978 a 273116)...
✅ Lote processado: 100 resultados inseridos/atualizados
📊 Total acumulado: 202992 resultados
🔖 Checkpoint salvo: último ID = 273116

Processando lote de 100 itens (ID 273117 a 273308)...
✅ Lote processado: 100 resultados inseridos/atualizados
📊 Total acumulado: 203092 resultados
🔖 Checkpoint salvo: último ID = 273308

Processando lote de 100 itens (ID 273309 a 273509)...
✅ Lote processado: 100 resultados inseridos/atualizados
📊 Total acumulado: 203192 resultados
🔖 Checkpoint salvo: último ID = 273509

Processando lote de 100 itens (ID 273512 a 273622)...
✅ Lote processado: 101 resultados inseridos/atualizados
📊 Total acumulado: 203293 resultados
🔖 Checkpoint salvo: último ID = 273622

Processando lote de 100 itens (ID 273623 a 273726)...
✅ Lote processado: 101 resultados inseridos/atualizados
📊 Total acumulado: 203394 resultados
🔖 Checkpoint salvo: último ID = 273726

Processando lote de 100 itens (ID 273727 a 273828)...
✅ Lote processado: 100 resultados inseridos/atualizados
📊 Total acumulado: 203494 resultados
🔖 Checkpoint salvo: último ID = 273828

Processando lote de 100 itens (ID 273829 a 273930)...
✅ Lote processado: 100 resultados inseridos/atualizados
📊 Total acumulado: 203594 resultados
🔖 Checkpoint salvo: último ID = 273930

Processando lote de 100 itens (ID 273931 a 274042)...
✅ Lote processado: 110 resultados inseridos/atualizados
📊 Total acumulado: 203704 resultados
🔖 Checkpoint salvo: último ID = 274042

Processando lote de 100 itens (ID 274043 a 274171)...
✅ Lote processado: 100 resultados inseridos/atualizados
📊 Total acumulado: 203804 resultados
🔖 Checkpoint salvo: último ID = 274171

Processando lote de 100 itens (ID 274173 a 274309)...
✅ Lote processado: 100 resultados inseridos/atualizados
📊 Total acumulado: 203904 resultados
🔖 Checkpoint salvo: último ID = 274309

Processando lote de 100 itens (ID 274310 a 274426)...
✅ Lote processado: 100 resultados inseridos/atualizados
📊 Total acumulado: 204004 resultados
🔖 Checkpoint salvo: último ID = 274426

Processando lote de 100 itens (ID 274427 a 274533)...
✅ Lote processado: 100 resultados inseridos/atualizados
📊 Total acumulado: 204104 resultados
🔖 Checkpoint salvo: último ID = 274533

Processando lote de 100 itens (ID 274534 a 274682)...
✅ Lote processado: 100 resultados inseridos/atualizados
📊 Total acumulado: 204204 resultados
🔖 Checkpoint salvo: último ID = 274682

Processando lote de 100 itens (ID 274683 a 274812)...
✅ Lote processado: 100 resultados inseridos/atualizados
📊 Total acumulado: 204304 resultados
🔖 Checkpoint salvo: último ID = 274812

Processando lote de 100 itens (ID 274813 a 274923)...
✅ Lote processado: 100 resultados inseridos/atualizados
📊 Total acumulado: 204404 resultados
🔖 Checkpoint salvo: último ID = 274923

Processando lote de 100 itens (ID 274924 a 275077)...
✅ Lote processado: 100 resultados inseridos/atualizados
📊 Total acumulado: 204504 resultados
🔖 Checkpoint salvo: último ID = 275077

Processando lote de 100 itens (ID 275080 a 275193)...
✅ Lote processado: 100 resultados inseridos/atualizados
📊 Total acumulado: 204604 resultados
🔖 Checkpoint salvo: último ID = 275193

Processando lote de 100 itens (ID 275194 a 275381)...
✅ Lote processado: 100 resultados inseridos/atualizados
📊 Total acumulado: 204704 resultados
🔖 Checkpoint salvo: último ID = 275381

Processando lote de 100 itens (ID 275382 a 275516)...
✅ Lote processado: 100 resultados inseridos/atualizados
📊 Total acumulado: 204804 resultados
🔖 Checkpoint salvo: último ID = 275516

Processando lote de 100 itens (ID 275517 a 275686)...
✅ Lote processado: 100 resultados inseridos/atualizados
📊 Total acumulado: 204904 resultados
🔖 Checkpoint salvo: último ID = 275686

Processando lote de 100 itens (ID 275687 a 275878)...
✅ Lote processado: 100 resultados inseridos/atualizados
📊 Total acumulado: 205004 resultados
🔖 Checkpoint salvo: último ID = 275878

Processando lote de 100 itens (ID 275879 a 275982)...
✅ Lote processado: 100 resultados inseridos/atualizados
📊 Total acumulado: 205104 resultados
🔖 Checkpoint salvo: último ID = 275982

Processando lote de 100 itens (ID 275987 a 276138)...
✅ Lote processado: 100 resultados inseridos/atualizados
📊 Total acumulado: 205204 resultados
🔖 Checkpoint salvo: último ID = 276138

Processando lote de 100 itens (ID 276139 a 276244)...
✅ Lote processado: 100 resultados inseridos/atualizados
📊 Total acumulado: 205304 resultados
🔖 Checkpoint salvo: último ID = 276244

Processando lote de 100 itens (ID 276245 a 276349)...
✅ Lote processado: 100 resultados inseridos/atualizados
📊 Total acumulado: 205404 resultados
🔖 Checkpoint salvo: último ID = 276349

Processando lote de 100 itens (ID 276350 a 276472)...
✅ Lote processado: 100 resultados inseridos/atualizados
📊 Total acumulado: 205504 resultados
🔖 Checkpoint salvo: último ID = 276472

Processando lote de 100 itens (ID 276473 a 276583)...
✅ Lote processado: 100 resultados inseridos/atualizados
📊 Total acumulado: 205604 resultados
🔖 Checkpoint salvo: último ID = 276583

Processando lote de 100 itens (ID 276584 a 276712)...
✅ Lote processado: 100 resultados inseridos/atualizados
📊 Total acumulado: 205704 resultados
🔖 Checkpoint salvo: último ID = 276712

Processando lote de 100 itens (ID 276713 a 276846)...
✅ Lote processado: 100 resultados inseridos/atualizados
📊 Total acumulado: 205804 resultados
🔖 Checkpoint salvo: último ID = 276846

Processando lote de 100 itens (ID 276848 a 276963)...
✅ Lote processado: 100 resultados inseridos/atualizados
📊 Total acumulado: 205904 resultados
🔖 Checkpoint salvo: último ID = 276963

Processando lote de 100 itens (ID 276964 a 277077)...
✅ Lote processado: 100 resultados inseridos/atualizados
📊 Total acumulado: 206004 resultados
🔖 Checkpoint salvo: último ID = 277077

Processando lote de 100 itens (ID 277078 a 277195)...
✅ Lote processado: 100 resultados inseridos/atualizados
📊 Total acumulado: 206104 resultados
🔖 Checkpoint salvo: último ID = 277195

Processando lote de 100 itens (ID 277196 a 277320)...
✅ Lote processado: 100 resultados inseridos/atualizados
📊 Total acumulado: 206204 resultados
🔖 Checkpoint salvo: último ID = 277320

Processando lote de 100 itens (ID 277321 a 277453)...
✅ Lote processado: 100 resultados inseridos/atualizados
📊 Total acumulado: 206304 resultados
🔖 Checkpoint salvo: último ID = 277453

Processando lote de 100 itens (ID 277454 a 277557)...
✅ Lote processado: 100 resultados inseridos/atualizados
📊 Total acumulado: 206404 resultados
🔖 Checkpoint salvo: último ID = 277557

Processando lote de 100 itens (ID 277558 a 277776)...
✅ Lote processado: 100 resultados inseridos/atualizados
📊 Total acumulado: 206504 resultados
🔖 Checkpoint salvo: último ID = 277776

Processando lote de 100 itens (ID 277780 a 278051)...
✅ Lote processado: 100 resultados inseridos/atualizados
📊 Total acumulado: 206604 resultados
🔖 Checkpoint salvo: último ID = 278051

Processando lote de 100 itens (ID 278052 a 278157)...
✅ Lote processado: 100 resultados inseridos/atualizados
📊 Total acumulado: 206704 resultados
🔖 Checkpoint salvo: último ID = 278157

Processando lote de 100 itens (ID 278158 a 278300)...
✅ Lote processado: 100 resultados inseridos/atualizados
📊 Total acumulado: 206804 resultados
🔖 Checkpoint salvo: último ID = 278300

Processando lote de 100 itens (ID 278301 a 278400)...
✅ Lote processado: 100 resultados inseridos/atualizados
📊 Total acumulado: 206904 resultados
🔖 Checkpoint salvo: último ID = 278400

Processando lote de 100 itens (ID 278401 a 278502)...
✅ Lote processado: 100 resultados inseridos/atualizados
📊 Total acumulado: 207004 resultados
🔖 Checkpoint salvo: último ID = 278502

Processando lote de 100 itens (ID 278503 a 278602)...
✅ Lote processado: 100 resultados inseridos/atualizados
📊 Total acumulado: 207104 resultados
🔖 Checkpoint salvo: último ID = 278602

Processando lote de 100 itens (ID 278603 a 278722)...
✅ Lote processado: 100 resultados inseridos/atualizados
📊 Total acumulado: 207204 resultados
🔖 Checkpoint salvo: último ID = 278722

Processando lote de 100 itens (ID 278723 a 278834)...
✅ Lote processado: 100 resultados inseridos/atualizados
📊 Total acumulado: 207304 resultados
🔖 Checkpoint salvo: último ID = 278834

Processando lote de 100 itens (ID 278835 a 278948)...
✅ Lote processado: 104 resultados inseridos/atualizados
📊 Total acumulado: 207408 resultados
🔖 Checkpoint salvo: último ID = 278948

Processando lote de 100 itens (ID 278949 a 279060)...
✅ Lote processado: 100 resultados inseridos/atualizados
📊 Total acumulado: 207508 resultados
🔖 Checkpoint salvo: último ID = 279060

Processando lote de 100 itens (ID 279061 a 279160)...
✅ Lote processado: 100 resultados inseridos/atualizados
📊 Total acumulado: 207608 resultados
🔖 Checkpoint salvo: último ID = 279160

Processando lote de 100 itens (ID 279161 a 279309)...
✅ Lote processado: 100 resultados inseridos/atualizados
📊 Total acumulado: 207708 resultados
🔖 Checkpoint salvo: último ID = 279309

Processando lote de 100 itens (ID 279311 a 279488)...
✅ Lote processado: 100 resultados inseridos/atualizados
📊 Total acumulado: 207808 resultados
🔖 Checkpoint salvo: último ID = 279488

Processando lote de 100 itens (ID 279489 a 279677)...
✅ Lote processado: 100 resultados inseridos/atualizados
📊 Total acumulado: 207908 resultados
🔖 Checkpoint salvo: último ID = 279677

Processando lote de 100 itens (ID 279678 a 279786)...
✅ Lote processado: 100 resultados inseridos/atualizados
📊 Total acumulado: 208008 resultados
🔖 Checkpoint salvo: último ID = 279786

Processando lote de 100 itens (ID 279787 a 279907)...
✅ Lote processado: 109 resultados inseridos/atualizados
📊 Total acumulado: 208117 resultados
🔖 Checkpoint salvo: último ID = 279907

Processando lote de 100 itens (ID 279908 a 280018)...
✅ Lote processado: 112 resultados inseridos/atualizados
📊 Total acumulado: 208229 resultados
🔖 Checkpoint salvo: último ID = 280018

Processando lote de 100 itens (ID 280019 a 280149)...
✅ Lote processado: 100 resultados inseridos/atualizados
📊 Total acumulado: 208329 resultados
🔖 Checkpoint salvo: último ID = 280149

Processando lote de 100 itens (ID 280150 a 280313)...
✅ Lote processado: 100 resultados inseridos/atualizados
📊 Total acumulado: 208429 resultados
🔖 Checkpoint salvo: último ID = 280313

Processando lote de 100 itens (ID 280316 a 280463)...
✅ Lote processado: 100 resultados inseridos/atualizados
📊 Total acumulado: 208529 resultados
🔖 Checkpoint salvo: último ID = 280463

Processando lote de 100 itens (ID 280464 a 280647)...
✅ Lote processado: 100 resultados inseridos/atualizados
📊 Total acumulado: 208629 resultados
🔖 Checkpoint salvo: último ID = 280647

Processando lote de 100 itens (ID 280648 a 280803)...
✅ Lote processado: 100 resultados inseridos/atualizados
📊 Total acumulado: 208729 resultados
🔖 Checkpoint salvo: último ID = 280803

Processando lote de 100 itens (ID 280804 a 280964)...
✅ Lote processado: 127 resultados inseridos/atualizados
📊 Total acumulado: 208856 resultados
🔖 Checkpoint salvo: último ID = 280964

Processando lote de 100 itens (ID 280965 a 281179)...
✅ Lote processado: 100 resultados inseridos/atualizados
📊 Total acumulado: 208956 resultados
🔖 Checkpoint salvo: último ID = 281179

Processando lote de 100 itens (ID 281180 a 281322)...
✅ Lote processado: 101 resultados inseridos/atualizados
📊 Total acumulado: 209057 resultados
🔖 Checkpoint salvo: último ID = 281322

Processando lote de 100 itens (ID 281324 a 281467)...
✅ Lote processado: 129 resultados inseridos/atualizados
📊 Total acumulado: 209186 resultados
🔖 Checkpoint salvo: último ID = 281467

Processando lote de 100 itens (ID 281468 a 281692)...
✅ Lote processado: 100 resultados inseridos/atualizados
📊 Total acumulado: 209286 resultados
🔖 Checkpoint salvo: último ID = 281692

Processando lote de 100 itens (ID 281693 a 281903)...
✅ Lote processado: 100 resultados inseridos/atualizados
📊 Total acumulado: 209386 resultados
🔖 Checkpoint salvo: último ID = 281903

Processando lote de 100 itens (ID 281904 a 282101)...
✅ Lote processado: 100 resultados inseridos/atualizados
📊 Total acumulado: 209486 resultados
🔖 Checkpoint salvo: último ID = 282101

Processando lote de 100 itens (ID 282102 a 282207)...
✅ Lote processado: 118 resultados inseridos/atualizados
📊 Total acumulado: 209604 resultados
🔖 Checkpoint salvo: último ID = 282207

Processando lote de 100 itens (ID 282208 a 282349)...
✅ Lote processado: 100 resultados inseridos/atualizados
📊 Total acumulado: 209704 resultados
🔖 Checkpoint salvo: último ID = 282349

Processando lote de 100 itens (ID 282350 a 282456)...
✅ Lote processado: 100 resultados inseridos/atualizados
📊 Total acumulado: 209804 resultados
🔖 Checkpoint salvo: último ID = 282456

Processando lote de 100 itens (ID 282457 a 282556)...
✅ Lote processado: 100 resultados inseridos/atualizados
📊 Total acumulado: 209904 resultados
🔖 Checkpoint salvo: último ID = 282556

Processando lote de 100 itens (ID 282557 a 282671)...
✅ Lote processado: 101 resultados inseridos/atualizados
📊 Total acumulado: 210005 resultados
🔖 Checkpoint salvo: último ID = 282671

Processando lote de 100 itens (ID 282672 a 282771)...
✅ Lote processado: 100 resultados inseridos/atualizados
📊 Total acumulado: 210105 resultados
🔖 Checkpoint salvo: último ID = 282771

Processando lote de 100 itens (ID 282772 a 282871)...
✅ Lote processado: 138 resultados inseridos/atualizados
📊 Total acumulado: 210243 resultados
🔖 Checkpoint salvo: último ID = 282871

Processando lote de 100 itens (ID 282872 a 282971)...
✅ Lote processado: 144 resultados inseridos/atualizados
📊 Total acumulado: 210387 resultados
🔖 Checkpoint salvo: último ID = 282971

Processando lote de 100 itens (ID 282972 a 283071)...
✅ Lote processado: 100 resultados inseridos/atualizados
📊 Total acumulado: 210487 resultados
🔖 Checkpoint salvo: último ID = 283071

Processando lote de 100 itens (ID 283072 a 283171)...
✅ Lote processado: 144 resultados inseridos/atualizados
📊 Total acumulado: 210631 resultados
🔖 Checkpoint salvo: último ID = 283171

Processando lote de 100 itens (ID 283172 a 283271)...
✅ Lote processado: 138 resultados inseridos/atualizados
📊 Total acumulado: 210769 resultados
🔖 Checkpoint salvo: último ID = 283271

Processando lote de 100 itens (ID 283272 a 283377)...
✅ Lote processado: 100 resultados inseridos/atualizados
📊 Total acumulado: 210869 resultados
🔖 Checkpoint salvo: último ID = 283377

Processando lote de 100 itens (ID 283378 a 283511)...
✅ Lote processado: 100 resultados inseridos/atualizados
📊 Total acumulado: 210969 resultados
🔖 Checkpoint salvo: último ID = 283511

Processando lote de 100 itens (ID 283512 a 283628)...
✅ Lote processado: 105 resultados inseridos/atualizados
📊 Total acumulado: 211074 resultados
🔖 Checkpoint salvo: último ID = 283628

Processando lote de 100 itens (ID 283629 a 283746)...
✅ Lote processado: 100 resultados inseridos/atualizados
📊 Total acumulado: 211174 resultados
🔖 Checkpoint salvo: último ID = 283746

Processando lote de 100 itens (ID 283747 a 283852)...
✅ Lote processado: 100 resultados inseridos/atualizados
📊 Total acumulado: 211274 resultados
🔖 Checkpoint salvo: último ID = 283852

Processando lote de 100 itens (ID 283853 a 283987)...
✅ Lote processado: 100 resultados inseridos/atualizados
📊 Total acumulado: 211374 resultados
🔖 Checkpoint salvo: último ID = 283987

Processando lote de 100 itens (ID 283988 a 284135)...
✅ Lote processado: 100 resultados inseridos/atualizados
📊 Total acumulado: 211474 resultados
🔖 Checkpoint salvo: último ID = 284135

Processando lote de 100 itens (ID 284136 a 284319)...
✅ Lote processado: 100 resultados inseridos/atualizados
📊 Total acumulado: 211574 resultados
🔖 Checkpoint salvo: último ID = 284319

Processando lote de 100 itens (ID 284320 a 284421)...
✅ Lote processado: 100 resultados inseridos/atualizados
📊 Total acumulado: 211674 resultados
🔖 Checkpoint salvo: último ID = 284421

Processando lote de 100 itens (ID 284422 a 284532)...
✅ Lote processado: 100 resultados inseridos/atualizados
📊 Total acumulado: 211774 resultados
🔖 Checkpoint salvo: último ID = 284532

Processando lote de 100 itens (ID 284533 a 284633)...
✅ Lote processado: 100 resultados inseridos/atualizados
📊 Total acumulado: 211874 resultados
🔖 Checkpoint salvo: último ID = 284633

Processando lote de 100 itens (ID 284635 a 284744)...
✅ Lote processado: 100 resultados inseridos/atualizados
📊 Total acumulado: 211974 resultados
🔖 Checkpoint salvo: último ID = 284744

Processando lote de 100 itens (ID 284745 a 284847)...
✅ Lote processado: 100 resultados inseridos/atualizados
📊 Total acumulado: 212074 resultados
🔖 Checkpoint salvo: último ID = 284847

Processando lote de 100 itens (ID 284848 a 284951)...
✅ Lote processado: 100 resultados inseridos/atualizados
📊 Total acumulado: 212174 resultados
🔖 Checkpoint salvo: último ID = 284951

Processando lote de 100 itens (ID 284952 a 285054)...
✅ Lote processado: 100 resultados inseridos/atualizados
📊 Total acumulado: 212274 resultados
🔖 Checkpoint salvo: último ID = 285054

Processando lote de 100 itens (ID 285055 a 285250)...
✅ Lote processado: 100 resultados inseridos/atualizados
📊 Total acumulado: 212374 resultados
🔖 Checkpoint salvo: último ID = 285250

Processando lote de 100 itens (ID 285251 a 285378)...
✅ Lote processado: 100 resultados inseridos/atualizados
📊 Total acumulado: 212474 resultados
🔖 Checkpoint salvo: último ID = 285378

Processando lote de 100 itens (ID 285379 a 285489)...
✅ Lote processado: 100 resultados inseridos/atualizados
📊 Total acumulado: 212574 resultados
🔖 Checkpoint salvo: último ID = 285489

Processando lote de 100 itens (ID 285490 a 285600)...
✅ Lote processado: 100 resultados inseridos/atualizados
📊 Total acumulado: 212674 resultados
🔖 Checkpoint salvo: último ID = 285600

Processando lote de 100 itens (ID 285601 a 285713)...
✅ Lote processado: 104 resultados inseridos/atualizados
📊 Total acumulado: 212778 resultados
🔖 Checkpoint salvo: último ID = 285713

Processando lote de 100 itens (ID 285714 a 285830)...
✅ Lote processado: 100 resultados inseridos/atualizados
📊 Total acumulado: 212878 resultados
🔖 Checkpoint salvo: último ID = 285830

Processando lote de 100 itens (ID 285831 a 285957)...
✅ Lote processado: 101 resultados inseridos/atualizados
📊 Total acumulado: 212979 resultados
🔖 Checkpoint salvo: último ID = 285957

Processando lote de 100 itens (ID 285958 a 286075)...
✅ Lote processado: 101 resultados inseridos/atualizados
📊 Total acumulado: 213080 resultados
🔖 Checkpoint salvo: último ID = 286075

Processando lote de 100 itens (ID 286077 a 286180)...
✅ Lote processado: 100 resultados inseridos/atualizados
📊 Total acumulado: 213180 resultados
🔖 Checkpoint salvo: último ID = 286180

Processando lote de 100 itens (ID 286181 a 286290)...
✅ Lote processado: 100 resultados inseridos/atualizados
📊 Total acumulado: 213280 resultados
🔖 Checkpoint salvo: último ID = 286290

Processando lote de 100 itens (ID 286291 a 286405)...
✅ Lote processado: 100 resultados inseridos/atualizados
📊 Total acumulado: 213380 resultados
🔖 Checkpoint salvo: último ID = 286405

Processando lote de 100 itens (ID 286406 a 286553)...
✅ Lote processado: 100 resultados inseridos/atualizados
📊 Total acumulado: 213480 resultados
🔖 Checkpoint salvo: último ID = 286553

Processando lote de 100 itens (ID 286558 a 286797)...
✅ Lote processado: 100 resultados inseridos/atualizados
📊 Total acumulado: 213580 resultados
🔖 Checkpoint salvo: último ID = 286797

Processando lote de 100 itens (ID 286800 a 286985)...
✅ Lote processado: 100 resultados inseridos/atualizados
📊 Total acumulado: 213680 resultados
🔖 Checkpoint salvo: último ID = 286985

Processando lote de 100 itens (ID 286986 a 287196)...
✅ Lote processado: 100 resultados inseridos/atualizados
📊 Total acumulado: 213780 resultados
🔖 Checkpoint salvo: último ID = 287196

Processando lote de 100 itens (ID 287200 a 287353)...
✅ Lote processado: 100 resultados inseridos/atualizados
📊 Total acumulado: 213880 resultados
🔖 Checkpoint salvo: último ID = 287353

Processando lote de 100 itens (ID 287354 a 287453)...
✅ Lote processado: 100 resultados inseridos/atualizados
📊 Total acumulado: 213980 resultados
🔖 Checkpoint salvo: último ID = 287453

Processando lote de 100 itens (ID 287454 a 287553)...
✅ Lote processado: 100 resultados inseridos/atualizados
📊 Total acumulado: 214080 resultados
🔖 Checkpoint salvo: último ID = 287553

Processando lote de 100 itens (ID 287554 a 287653)...
✅ Lote processado: 100 resultados inseridos/atualizados
📊 Total acumulado: 214180 resultados
🔖 Checkpoint salvo: último ID = 287653

Processando lote de 100 itens (ID 287654 a 287753)...
✅ Lote processado: 100 resultados inseridos/atualizados
📊 Total acumulado: 214280 resultados
🔖 Checkpoint salvo: último ID = 287753

Processando lote de 100 itens (ID 287754 a 288163)...
✅ Lote processado: 100 resultados inseridos/atualizados
📊 Total acumulado: 214380 resultados
🔖 Checkpoint salvo: último ID = 288163

Processando lote de 100 itens (ID 288164 a 288266)...
✅ Lote processado: 100 resultados inseridos/atualizados
📊 Total acumulado: 214480 resultados
🔖 Checkpoint salvo: último ID = 288266

Processando lote de 100 itens (ID 288267 a 288370)...
✅ Lote processado: 100 resultados inseridos/atualizados
📊 Total acumulado: 214580 resultados
🔖 Checkpoint salvo: último ID = 288370

Processando lote de 100 itens (ID 288371 a 288497)...
✅ Lote processado: 100 resultados inseridos/atualizados
📊 Total acumulado: 214680 resultados
🔖 Checkpoint salvo: último ID = 288497

Processando lote de 100 itens (ID 288498 a 288649)...
✅ Lote processado: 100 resultados inseridos/atualizados
📊 Total acumulado: 214780 resultados
🔖 Checkpoint salvo: último ID = 288649

Processando lote de 100 itens (ID 288650 a 288774)...
✅ Lote processado: 100 resultados inseridos/atualizados
📊 Total acumulado: 214880 resultados
🔖 Checkpoint salvo: último ID = 288774

Processando lote de 100 itens (ID 288775 a 288885)...
✅ Lote processado: 100 resultados inseridos/atualizados
📊 Total acumulado: 214980 resultados
🔖 Checkpoint salvo: último ID = 288885

Processando lote de 100 itens (ID 288886 a 288988)...
✅ Lote processado: 100 resultados inseridos/atualizados
📊 Total acumulado: 215080 resultados
🔖 Checkpoint salvo: último ID = 288988

Processando lote de 100 itens (ID 288989 a 289122)...
✅ Lote processado: 100 resultados inseridos/atualizados
📊 Total acumulado: 215180 resultados
🔖 Checkpoint salvo: último ID = 289122

Processando lote de 100 itens (ID 289123 a 289243)...
✅ Lote processado: 102 resultados inseridos/atualizados
📊 Total acumulado: 215282 resultados
🔖 Checkpoint salvo: último ID = 289243

Processando lote de 100 itens (ID 289246 a 289373)...
✅ Lote processado: 100 resultados inseridos/atualizados
📊 Total acumulado: 215382 resultados
🔖 Checkpoint salvo: último ID = 289373

Processando lote de 100 itens (ID 289374 a 289498)...
✅ Lote processado: 100 resultados inseridos/atualizados
📊 Total acumulado: 215482 resultados
🔖 Checkpoint salvo: último ID = 289498

Processando lote de 100 itens (ID 289499 a 289696)...
✅ Lote processado: 100 resultados inseridos/atualizados
📊 Total acumulado: 215582 resultados
🔖 Checkpoint salvo: último ID = 289696

Processando lote de 100 itens (ID 289700 a 289822)...
✅ Lote processado: 117 resultados inseridos/atualizados
📊 Total acumulado: 215699 resultados
🔖 Checkpoint salvo: último ID = 289822

Processando lote de 100 itens (ID 289823 a 289922)...
✅ Lote processado: 154 resultados inseridos/atualizados
📊 Total acumulado: 215853 resultados
🔖 Checkpoint salvo: último ID = 289922

Processando lote de 100 itens (ID 289923 a 290029)...
✅ Lote processado: 111 resultados inseridos/atualizados
📊 Total acumulado: 215964 resultados
🔖 Checkpoint salvo: último ID = 290029

Processando lote de 100 itens (ID 290030 a 290129)...
✅ Lote processado: 100 resultados inseridos/atualizados
📊 Total acumulado: 216064 resultados
🔖 Checkpoint salvo: último ID = 290129

Processando lote de 100 itens (ID 290130 a 290229)...
✅ Lote processado: 100 resultados inseridos/atualizados
📊 Total acumulado: 216164 resultados
🔖 Checkpoint salvo: último ID = 290229

Processando lote de 100 itens (ID 290230 a 290329)...
✅ Lote processado: 100 resultados inseridos/atualizados
📊 Total acumulado: 216264 resultados
🔖 Checkpoint salvo: último ID = 290329

Processando lote de 100 itens (ID 290330 a 290429)...
✅ Lote processado: 100 resultados inseridos/atualizados
📊 Total acumulado: 216364 resultados
🔖 Checkpoint salvo: último ID = 290429

Processando lote de 100 itens (ID 290430 a 290535)...
✅ Lote processado: 100 resultados inseridos/atualizados
📊 Total acumulado: 216464 resultados
🔖 Checkpoint salvo: último ID = 290535

Processando lote de 100 itens (ID 290536 a 290635)...
✅ Lote processado: 100 resultados inseridos/atualizados
📊 Total acumulado: 216564 resultados
🔖 Checkpoint salvo: último ID = 290635

Processando lote de 100 itens (ID 290636 a 290793)...
✅ Lote processado: 100 resultados inseridos/atualizados
📊 Total acumulado: 216664 resultados
🔖 Checkpoint salvo: último ID = 290793

Processando lote de 100 itens (ID 290797 a 290983)...
✅ Lote processado: 132 resultados inseridos/atualizados
📊 Total acumulado: 216796 resultados
🔖 Checkpoint salvo: último ID = 290983

Processando lote de 100 itens (ID 290984 a 291193)...
✅ Lote processado: 112 resultados inseridos/atualizados
📊 Total acumulado: 216908 resultados
🔖 Checkpoint salvo: último ID = 291193

Processando lote de 100 itens (ID 291194 a 291296)...
✅ Lote processado: 165 resultados inseridos/atualizados
📊 Total acumulado: 217073 resultados
🔖 Checkpoint salvo: último ID = 291296

Processando lote de 100 itens (ID 291297 a 291396)...
✅ Lote processado: 179 resultados inseridos/atualizados
📊 Total acumulado: 217252 resultados
🔖 Checkpoint salvo: último ID = 291396

Processando lote de 100 itens (ID 291397 a 291506)...
✅ Lote processado: 164 resultados inseridos/atualizados
📊 Total acumulado: 217416 resultados
🔖 Checkpoint salvo: último ID = 291506

Processando lote de 100 itens (ID 291507 a 291613)...
✅ Lote processado: 100 resultados inseridos/atualizados
📊 Total acumulado: 217516 resultados
🔖 Checkpoint salvo: último ID = 291613

Processando lote de 100 itens (ID 291614 a 291787)...
✅ Lote processado: 100 resultados inseridos/atualizados
📊 Total acumulado: 217616 resultados
🔖 Checkpoint salvo: último ID = 291787

Processando lote de 100 itens (ID 291788 a 291887)...
✅ Lote processado: 148 resultados inseridos/atualizados
📊 Total acumulado: 217764 resultados
🔖 Checkpoint salvo: último ID = 291887

Processando lote de 100 itens (ID 291888 a 292022)...
✅ Lote processado: 105 resultados inseridos/atualizados
📊 Total acumulado: 217869 resultados
🔖 Checkpoint salvo: último ID = 292022

Processando lote de 100 itens (ID 292023 a 292156)...
✅ Lote processado: 105 resultados inseridos/atualizados
📊 Total acumulado: 217974 resultados
🔖 Checkpoint salvo: último ID = 292156

Processando lote de 100 itens (ID 292157 a 292265)...
✅ Lote processado: 105 resultados inseridos/atualizados
📊 Total acumulado: 218079 resultados
🔖 Checkpoint salvo: último ID = 292265

Processando lote de 100 itens (ID 292266 a 292377)...
✅ Lote processado: 101 resultados inseridos/atualizados
📊 Total acumulado: 218180 resultados
🔖 Checkpoint salvo: último ID = 292377

Processando lote de 100 itens (ID 292378 a 292539)...
✅ Lote processado: 102 resultados inseridos/atualizados
📊 Total acumulado: 218282 resultados
🔖 Checkpoint salvo: último ID = 292539

Processando lote de 100 itens (ID 292540 a 292648)...
✅ Lote processado: 101 resultados inseridos/atualizados
📊 Total acumulado: 218383 resultados
🔖 Checkpoint salvo: último ID = 292648

Processando lote de 100 itens (ID 292649 a 292748)...
✅ Lote processado: 100 resultados inseridos/atualizados
📊 Total acumulado: 218483 resultados
🔖 Checkpoint salvo: último ID = 292748

Processando lote de 100 itens (ID 292749 a 292858)...
✅ Lote processado: 100 resultados inseridos/atualizados
📊 Total acumulado: 218583 resultados
🔖 Checkpoint salvo: último ID = 292858

Processando lote de 100 itens (ID 292859 a 292958)...
✅ Lote processado: 100 resultados inseridos/atualizados
📊 Total acumulado: 218683 resultados
🔖 Checkpoint salvo: último ID = 292958

Processando lote de 100 itens (ID 292959 a 293082)...
✅ Lote processado: 100 resultados inseridos/atualizados
📊 Total acumulado: 218783 resultados
🔖 Checkpoint salvo: último ID = 293082

Processando lote de 100 itens (ID 293083 a 293196)...
✅ Lote processado: 100 resultados inseridos/atualizados
📊 Total acumulado: 218883 resultados
🔖 Checkpoint salvo: último ID = 293196

Processando lote de 100 itens (ID 293197 a 293398)...
✅ Lote processado: 100 resultados inseridos/atualizados
📊 Total acumulado: 218983 resultados
🔖 Checkpoint salvo: último ID = 293398

Processando lote de 100 itens (ID 293399 a 293574)...
✅ Lote processado: 100 resultados inseridos/atualizados
📊 Total acumulado: 219083 resultados
🔖 Checkpoint salvo: último ID = 293574

Processando lote de 100 itens (ID 293579 a 293701)...
✅ Lote processado: 100 resultados inseridos/atualizados
📊 Total acumulado: 219183 resultados
🔖 Checkpoint salvo: último ID = 293701

Processando lote de 100 itens (ID 293702 a 293831)...
✅ Lote processado: 103 resultados inseridos/atualizados
📊 Total acumulado: 219286 resultados
🔖 Checkpoint salvo: último ID = 293831

Processando lote de 100 itens (ID 293833 a 294064)...
✅ Lote processado: 100 resultados inseridos/atualizados
📊 Total acumulado: 219386 resultados
🔖 Checkpoint salvo: último ID = 294064

Processando lote de 100 itens (ID 294065 a 294216)...
✅ Lote processado: 100 resultados inseridos/atualizados
📊 Total acumulado: 219486 resultados
🔖 Checkpoint salvo: último ID = 294216

Processando lote de 100 itens (ID 294217 a 294326)...
✅ Lote processado: 109 resultados inseridos/atualizados
📊 Total acumulado: 219595 resultados
🔖 Checkpoint salvo: último ID = 294326

Processando lote de 100 itens (ID 294327 a 294456)...
✅ Lote processado: 102 resultados inseridos/atualizados
📊 Total acumulado: 219697 resultados
🔖 Checkpoint salvo: último ID = 294456

Processando lote de 100 itens (ID 294457 a 294600)...
✅ Lote processado: 100 resultados inseridos/atualizados
📊 Total acumulado: 219797 resultados
🔖 Checkpoint salvo: último ID = 294600

Processando lote de 100 itens (ID 294602 a 294753)...
✅ Lote processado: 101 resultados inseridos/atualizados
📊 Total acumulado: 219898 resultados
🔖 Checkpoint salvo: último ID = 294753

Processando lote de 100 itens (ID 294754 a 294869)...
✅ Lote processado: 101 resultados inseridos/atualizados
📊 Total acumulado: 219999 resultados
🔖 Checkpoint salvo: último ID = 294869

Processando lote de 100 itens (ID 294870 a 295126)...
✅ Lote processado: 100 resultados inseridos/atualizados
📊 Total acumulado: 220099 resultados
🔖 Checkpoint salvo: último ID = 295126

Processando lote de 100 itens (ID 295127 a 295226)...
✅ Lote processado: 100 resultados inseridos/atualizados
📊 Total acumulado: 220199 resultados
🔖 Checkpoint salvo: último ID = 295226

Processando lote de 100 itens (ID 295227 a 295326)...
✅ Lote processado: 100 resultados inseridos/atualizados
📊 Total acumulado: 220299 resultados
🔖 Checkpoint salvo: último ID = 295326

Processando lote de 100 itens (ID 295327 a 295468)...
✅ Lote processado: 100 resultados inseridos/atualizados
📊 Total acumulado: 220399 resultados
🔖 Checkpoint salvo: último ID = 295468

Processando lote de 100 itens (ID 295469 a 295568)...
✅ Lote processado: 150 resultados inseridos/atualizados
📊 Total acumulado: 220549 resultados
🔖 Checkpoint salvo: último ID = 295568

Processando lote de 100 itens (ID 295569 a 295668)...
✅ Lote processado: 103 resultados inseridos/atualizados
📊 Total acumulado: 220652 resultados
🔖 Checkpoint salvo: último ID = 295668

Processando lote de 100 itens (ID 295669 a 295778)...
✅ Lote processado: 100 resultados inseridos/atualizados
📊 Total acumulado: 220752 resultados
🔖 Checkpoint salvo: último ID = 295778

Processando lote de 100 itens (ID 295779 a 295958)...
✅ Lote processado: 100 resultados inseridos/atualizados
📊 Total acumulado: 220852 resultados
🔖 Checkpoint salvo: último ID = 295958

Processando lote de 100 itens (ID 295959 a 296075)...
✅ Lote processado: 100 resultados inseridos/atualizados
📊 Total acumulado: 220952 resultados
🔖 Checkpoint salvo: último ID = 296075

Processando lote de 100 itens (ID 296076 a 296251)...
✅ Lote processado: 100 resultados inseridos/atualizados
📊 Total acumulado: 221052 resultados
🔖 Checkpoint salvo: último ID = 296251

Processando lote de 100 itens (ID 296252 a 296365)...
✅ Lote processado: 100 resultados inseridos/atualizados
📊 Total acumulado: 221152 resultados
🔖 Checkpoint salvo: último ID = 296365

Processando lote de 100 itens (ID 296366 a 296478)...
✅ Lote processado: 100 resultados inseridos/atualizados
📊 Total acumulado: 221252 resultados
🔖 Checkpoint salvo: último ID = 296478

Processando lote de 100 itens (ID 296479 a 296578)...
✅ Lote processado: 100 resultados inseridos/atualizados
📊 Total acumulado: 221352 resultados
🔖 Checkpoint salvo: último ID = 296578

Processando lote de 100 itens (ID 296579 a 296678)...
✅ Lote processado: 100 resultados inseridos/atualizados
📊 Total acumulado: 221452 resultados
🔖 Checkpoint salvo: último ID = 296678

Processando lote de 100 itens (ID 296679 a 296778)...
✅ Lote processado: 100 resultados inseridos/atualizados
📊 Total acumulado: 221552 resultados
🔖 Checkpoint salvo: último ID = 296778

Processando lote de 100 itens (ID 296779 a 296878)...
✅ Lote processado: 100 resultados inseridos/atualizados
📊 Total acumulado: 221652 resultados
🔖 Checkpoint salvo: último ID = 296878

Processando lote de 100 itens (ID 296879 a 297203)...
✅ Lote processado: 100 resultados inseridos/atualizados
📊 Total acumulado: 221752 resultados
🔖 Checkpoint salvo: último ID = 297203

Processando lote de 100 itens (ID 297204 a 297670)...
✅ Lote processado: 100 resultados inseridos/atualizados
📊 Total acumulado: 221852 resultados
🔖 Checkpoint salvo: último ID = 297670

Processando lote de 100 itens (ID 297671 a 297781)...
✅ Lote processado: 100 resultados inseridos/atualizados
📊 Total acumulado: 221952 resultados
🔖 Checkpoint salvo: último ID = 297781

Processando lote de 100 itens (ID 297782 a 297881)...
✅ Lote processado: 100 resultados inseridos/atualizados
📊 Total acumulado: 222052 resultados
🔖 Checkpoint salvo: último ID = 297881

Processando lote de 100 itens (ID 297882 a 297981)...
✅ Lote processado: 100 resultados inseridos/atualizados
📊 Total acumulado: 222152 resultados
🔖 Checkpoint salvo: último ID = 297981

Processando lote de 100 itens (ID 297982 a 298087)...
✅ Lote processado: 100 resultados inseridos/atualizados
📊 Total acumulado: 222252 resultados
🔖 Checkpoint salvo: último ID = 298087

Processando lote de 100 itens (ID 298088 a 298196)...
✅ Lote processado: 100 resultados inseridos/atualizados
📊 Total acumulado: 222352 resultados
🔖 Checkpoint salvo: último ID = 298196

Processando lote de 100 itens (ID 298197 a 298303)...
✅ Lote processado: 100 resultados inseridos/atualizados
📊 Total acumulado: 222452 resultados
🔖 Checkpoint salvo: último ID = 298303

Processando lote de 100 itens (ID 298304 a 298536)...
✅ Lote processado: 100 resultados inseridos/atualizados
📊 Total acumulado: 222552 resultados
🔖 Checkpoint salvo: último ID = 298536

Processando lote de 100 itens (ID 298537 a 298775)...
✅ Lote processado: 100 resultados inseridos/atualizados
📊 Total acumulado: 222652 resultados
🔖 Checkpoint salvo: último ID = 298775

Processando lote de 100 itens (ID 298776 a 298875)...
✅ Lote processado: 100 resultados inseridos/atualizados
📊 Total acumulado: 222752 resultados
🔖 Checkpoint salvo: último ID = 298875

Processando lote de 100 itens (ID 298876 a 298978)...
✅ Lote processado: 100 resultados inseridos/atualizados
📊 Total acumulado: 222852 resultados
🔖 Checkpoint salvo: último ID = 298978

Processando lote de 100 itens (ID 298979 a 299092)...
✅ Lote processado: 100 resultados inseridos/atualizados
📊 Total acumulado: 222952 resultados
🔖 Checkpoint salvo: último ID = 299092

Processando lote de 100 itens (ID 299093 a 299206)...
✅ Lote processado: 100 resultados inseridos/atualizados
📊 Total acumulado: 223052 resultados
🔖 Checkpoint salvo: último ID = 299206

Processando lote de 100 itens (ID 299207 a 299315)...
✅ Lote processado: 100 resultados inseridos/atualizados
📊 Total acumulado: 223152 resultados
🔖 Checkpoint salvo: último ID = 299315

Processando lote de 100 itens (ID 299316 a 299449)...
✅ Lote processado: 100 resultados inseridos/atualizados
📊 Total acumulado: 223252 resultados
🔖 Checkpoint salvo: último ID = 299449

Processando lote de 100 itens (ID 299450 a 299580)...
✅ Lote processado: 100 resultados inseridos/atualizados
📊 Total acumulado: 223352 resultados
🔖 Checkpoint salvo: último ID = 299580

Processando lote de 100 itens (ID 299581 a 299751)...
✅ Lote processado: 100 resultados inseridos/atualizados
📊 Total acumulado: 223452 resultados
🔖 Checkpoint salvo: último ID = 299751

Processando lote de 100 itens (ID 299754 a 299895)...
✅ Lote processado: 100 resultados inseridos/atualizados
📊 Total acumulado: 223552 resultados
🔖 Checkpoint salvo: último ID = 299895

Processando lote de 100 itens (ID 299896 a 300146)...
✅ Lote processado: 100 resultados inseridos/atualizados
📊 Total acumulado: 223652 resultados
🔖 Checkpoint salvo: último ID = 300146

Processando lote de 100 itens (ID 300147 a 300410)...
✅ Lote processado: 100 resultados inseridos/atualizados
📊 Total acumulado: 223752 resultados
🔖 Checkpoint salvo: último ID = 300410

Processando lote de 100 itens (ID 300412 a 300596)...
✅ Lote processado: 100 resultados inseridos/atualizados
📊 Total acumulado: 223852 resultados
🔖 Checkpoint salvo: último ID = 300596

Processando lote de 100 itens (ID 300598 a 300717)...
✅ Lote processado: 100 resultados inseridos/atualizados
📊 Total acumulado: 223952 resultados
🔖 Checkpoint salvo: último ID = 300717

Processando lote de 100 itens (ID 300718 a 300819)...
✅ Lote processado: 100 resultados inseridos/atualizados
📊 Total acumulado: 224052 resultados
🔖 Checkpoint salvo: último ID = 300819

Processando lote de 100 itens (ID 300820 a 300919)...
✅ Lote processado: 100 resultados inseridos/atualizados
📊 Total acumulado: 224152 resultados
🔖 Checkpoint salvo: último ID = 300919

Processando lote de 100 itens (ID 300920 a 301023)...
✅ Lote processado: 100 resultados inseridos/atualizados
📊 Total acumulado: 224252 resultados
🔖 Checkpoint salvo: último ID = 301023

Processando lote de 100 itens (ID 301024 a 301123)...
✅ Lote processado: 100 resultados inseridos/atualizados
📊 Total acumulado: 224352 resultados
🔖 Checkpoint salvo: último ID = 301123

Processando lote de 100 itens (ID 301124 a 301223)...
✅ Lote processado: 100 resultados inseridos/atualizados
📊 Total acumulado: 224452 resultados
🔖 Checkpoint salvo: último ID = 301223

Processando lote de 100 itens (ID 301224 a 301356)...
✅ Lote processado: 100 resultados inseridos/atualizados
📊 Total acumulado: 224552 resultados
🔖 Checkpoint salvo: último ID = 301356

Processando lote de 100 itens (ID 301357 a 301458)...
✅ Lote processado: 100 resultados inseridos/atualizados
📊 Total acumulado: 224652 resultados
🔖 Checkpoint salvo: último ID = 301458

Processando lote de 100 itens (ID 301459 a 301558)...
✅ Lote processado: 100 resultados inseridos/atualizados
📊 Total acumulado: 224752 resultados
🔖 Checkpoint salvo: último ID = 301558

Processando lote de 100 itens (ID 301559 a 301662)...
✅ Lote processado: 100 resultados inseridos/atualizados
📊 Total acumulado: 224852 resultados
🔖 Checkpoint salvo: último ID = 301662

Processando lote de 100 itens (ID 301663 a 301762)...
✅ Lote processado: 100 resultados inseridos/atualizados
📊 Total acumulado: 224952 resultados
🔖 Checkpoint salvo: último ID = 301762

Processando lote de 100 itens (ID 301763 a 301862)...
✅ Lote processado: 100 resultados inseridos/atualizados
📊 Total acumulado: 225052 resultados
🔖 Checkpoint salvo: último ID = 301862

Processando lote de 100 itens (ID 301863 a 301994)...
✅ Lote processado: 100 resultados inseridos/atualizados
📊 Total acumulado: 225152 resultados
🔖 Checkpoint salvo: último ID = 301994

Processando lote de 100 itens (ID 301995 a 302140)...
✅ Lote processado: 100 resultados inseridos/atualizados
📊 Total acumulado: 225252 resultados
🔖 Checkpoint salvo: último ID = 302140

Processando lote de 100 itens (ID 302141 a 302383)...
✅ Lote processado: 100 resultados inseridos/atualizados
📊 Total acumulado: 225352 resultados
🔖 Checkpoint salvo: último ID = 302383

Processando lote de 100 itens (ID 302384 a 302564)...
✅ Lote processado: 100 resultados inseridos/atualizados
📊 Total acumulado: 225452 resultados
🔖 Checkpoint salvo: último ID = 302564

Processando lote de 100 itens (ID 302565 a 302673)...
✅ Lote processado: 100 resultados inseridos/atualizados
📊 Total acumulado: 225552 resultados
🔖 Checkpoint salvo: último ID = 302673

Processando lote de 100 itens (ID 302675 a 302779)...
✅ Lote processado: 100 resultados inseridos/atualizados
📊 Total acumulado: 225652 resultados
🔖 Checkpoint salvo: último ID = 302779

Processando lote de 100 itens (ID 302780 a 302928)...
✅ Lote processado: 100 resultados inseridos/atualizados
📊 Total acumulado: 225752 resultados
🔖 Checkpoint salvo: último ID = 302928

Processando lote de 100 itens (ID 302929 a 303104)...
✅ Lote processado: 100 resultados inseridos/atualizados
📊 Total acumulado: 225852 resultados
🔖 Checkpoint salvo: último ID = 303104

Processando lote de 100 itens (ID 303106 a 303269)...
✅ Lote processado: 100 resultados inseridos/atualizados
📊 Total acumulado: 225952 resultados
🔖 Checkpoint salvo: último ID = 303269

Processando lote de 100 itens (ID 303270 a 303376)...
✅ Lote processado: 102 resultados inseridos/atualizados
📊 Total acumulado: 226054 resultados
🔖 Checkpoint salvo: último ID = 303376

Processando lote de 100 itens (ID 303377 a 303476)...
✅ Lote processado: 102 resultados inseridos/atualizados
📊 Total acumulado: 226156 resultados
🔖 Checkpoint salvo: último ID = 303476

Processando lote de 100 itens (ID 303477 a 303576)...
✅ Lote processado: 100 resultados inseridos/atualizados
📊 Total acumulado: 226256 resultados
🔖 Checkpoint salvo: último ID = 303576

Processando lote de 100 itens (ID 303577 a 303685)...
✅ Lote processado: 102 resultados inseridos/atualizados
📊 Total acumulado: 226358 resultados
🔖 Checkpoint salvo: último ID = 303685

Processando lote de 100 itens (ID 303686 a 303785)...
✅ Lote processado: 100 resultados inseridos/atualizados
📊 Total acumulado: 226458 resultados
🔖 Checkpoint salvo: último ID = 303785

Processando lote de 100 itens (ID 303786 a 303885)...
✅ Lote processado: 100 resultados inseridos/atualizados
📊 Total acumulado: 226558 resultados
🔖 Checkpoint salvo: último ID = 303885

Processando lote de 100 itens (ID 303886 a 304030)...
✅ Lote processado: 100 resultados inseridos/atualizados
📊 Total acumulado: 226658 resultados
🔖 Checkpoint salvo: último ID = 304030

Processando lote de 100 itens (ID 304031 a 304176)...
✅ Lote processado: 100 resultados inseridos/atualizados
📊 Total acumulado: 226758 resultados
🔖 Checkpoint salvo: último ID = 304176

Processando lote de 100 itens (ID 304177 a 304342)...
✅ Lote processado: 100 resultados inseridos/atualizados
📊 Total acumulado: 226858 resultados
🔖 Checkpoint salvo: último ID = 304342

Processando lote de 100 itens (ID 304343 a 304448)...
✅ Lote processado: 100 resultados inseridos/atualizados
📊 Total acumulado: 226958 resultados
🔖 Checkpoint salvo: último ID = 304448

Processando lote de 100 itens (ID 304449 a 304566)...
✅ Lote processado: 100 resultados inseridos/atualizados
📊 Total acumulado: 227058 resultados
🔖 Checkpoint salvo: último ID = 304566

Processando lote de 100 itens (ID 304567 a 304734)...
✅ Lote processado: 100 resultados inseridos/atualizados
📊 Total acumulado: 227158 resultados
🔖 Checkpoint salvo: último ID = 304734

Processando lote de 100 itens (ID 304735 a 304834)...
✅ Lote processado: 100 resultados inseridos/atualizados
📊 Total acumulado: 227258 resultados
🔖 Checkpoint salvo: último ID = 304834

Processando lote de 100 itens (ID 304835 a 304934)...
✅ Lote processado: 100 resultados inseridos/atualizados
📊 Total acumulado: 227358 resultados
🔖 Checkpoint salvo: último ID = 304934

Processando lote de 100 itens (ID 304935 a 305067)...
✅ Lote processado: 135 resultados inseridos/atualizados
📊 Total acumulado: 227493 resultados
🔖 Checkpoint salvo: último ID = 305067

Processando lote de 100 itens (ID 305068 a 305176)...
✅ Lote processado: 100 resultados inseridos/atualizados
📊 Total acumulado: 227593 resultados
🔖 Checkpoint salvo: último ID = 305176

Processando lote de 100 itens (ID 305177 a 305584)...
✅ Lote processado: 100 resultados inseridos/atualizados
📊 Total acumulado: 227693 resultados
🔖 Checkpoint salvo: último ID = 305584

Processando lote de 100 itens (ID 305585 a 305684)...
✅ Lote processado: 100 resultados inseridos/atualizados
📊 Total acumulado: 227793 resultados
🔖 Checkpoint salvo: último ID = 305684

Processando lote de 100 itens (ID 305685 a 305784)...
✅ Lote processado: 100 resultados inseridos/atualizados
📊 Total acumulado: 227893 resultados
🔖 Checkpoint salvo: último ID = 305784

Processando lote de 100 itens (ID 305785 a 305884)...
✅ Lote processado: 100 resultados inseridos/atualizados
📊 Total acumulado: 227993 resultados
🔖 Checkpoint salvo: último ID = 305884

Processando lote de 100 itens (ID 305885 a 305994)...
✅ Lote processado: 108 resultados inseridos/atualizados
📊 Total acumulado: 228101 resultados
🔖 Checkpoint salvo: último ID = 305994

Processando lote de 100 itens (ID 305995 a 306186)...
✅ Lote processado: 100 resultados inseridos/atualizados
📊 Total acumulado: 228201 resultados
🔖 Checkpoint salvo: último ID = 306186

Processando lote de 100 itens (ID 306187 a 306359)...
✅ Lote processado: 111 resultados inseridos/atualizados
📊 Total acumulado: 228312 resultados
🔖 Checkpoint salvo: último ID = 306359

Processando lote de 100 itens (ID 306360 a 306548)...
✅ Lote processado: 100 resultados inseridos/atualizados
📊 Total acumulado: 228412 resultados
🔖 Checkpoint salvo: último ID = 306548

Processando lote de 100 itens (ID 306550 a 306734)...
✅ Lote processado: 609 resultados inseridos/atualizados
📊 Total acumulado: 229021 resultados
🔖 Checkpoint salvo: último ID = 306734

Processando lote de 100 itens (ID 306735 a 306835)...
✅ Lote processado: 1309 resultados inseridos/atualizados
📊 Total acumulado: 230330 resultados
🔖 Checkpoint salvo: último ID = 306835

Processando lote de 100 itens (ID 306836 a 307048)...
✅ Lote processado: 506 resultados inseridos/atualizados
📊 Total acumulado: 230836 resultados
🔖 Checkpoint salvo: último ID = 307048

Processando lote de 100 itens (ID 307049 a 307183)...
✅ Lote processado: 149 resultados inseridos/atualizados
📊 Total acumulado: 230985 resultados
🔖 Checkpoint salvo: último ID = 307183

Processando lote de 100 itens (ID 307184 a 307752)...
✅ Lote processado: 149 resultados inseridos/atualizados
📊 Total acumulado: 231134 resultados
🔖 Checkpoint salvo: último ID = 307752

Processando lote de 100 itens (ID 307753 a 307870)...
✅ Lote processado: 100 resultados inseridos/atualizados
📊 Total acumulado: 231234 resultados
🔖 Checkpoint salvo: último ID = 307870

Processando lote de 100 itens (ID 307871 a 308056)...
✅ Lote processado: 100 resultados inseridos/atualizados
📊 Total acumulado: 231334 resultados
🔖 Checkpoint salvo: último ID = 308056

Processando lote de 100 itens (ID 308057 a 308156)...
✅ Lote processado: 100 resultados inseridos/atualizados
📊 Total acumulado: 231434 resultados
🔖 Checkpoint salvo: último ID = 308156

Processando lote de 100 itens (ID 308157 a 308258)...
✅ Lote processado: 100 resultados inseridos/atualizados
📊 Total acumulado: 231534 resultados
🔖 Checkpoint salvo: último ID = 308258

Processando lote de 100 itens (ID 308259 a 308360)...
✅ Lote processado: 100 resultados inseridos/atualizados
📊 Total acumulado: 231634 resultados
🔖 Checkpoint salvo: último ID = 308360

Processando lote de 100 itens (ID 308361 a 308478)...
✅ Lote processado: 100 resultados inseridos/atualizados
📊 Total acumulado: 231734 resultados
🔖 Checkpoint salvo: último ID = 308478

Processando lote de 100 itens (ID 308479 a 308602)...
✅ Lote processado: 100 resultados inseridos/atualizados
📊 Total acumulado: 231834 resultados
🔖 Checkpoint salvo: último ID = 308602

Processando lote de 100 itens (ID 308603 a 308747)...
✅ Lote processado: 100 resultados inseridos/atualizados
📊 Total acumulado: 231934 resultados
🔖 Checkpoint salvo: último ID = 308747

Processando lote de 100 itens (ID 308749 a 308866)...
✅ Lote processado: 100 resultados inseridos/atualizados
📊 Total acumulado: 232034 resultados
🔖 Checkpoint salvo: último ID = 308866

Processando lote de 100 itens (ID 308867 a 308983)...
✅ Lote processado: 100 resultados inseridos/atualizados
📊 Total acumulado: 232134 resultados
🔖 Checkpoint salvo: último ID = 308983

Processando lote de 100 itens (ID 308985 a 309099)...
✅ Lote processado: 100 resultados inseridos/atualizados
📊 Total acumulado: 232234 resultados
🔖 Checkpoint salvo: último ID = 309099

Processando lote de 100 itens (ID 309101 a 309239)...
✅ Lote processado: 100 resultados inseridos/atualizados
📊 Total acumulado: 232334 resultados
🔖 Checkpoint salvo: último ID = 309239

Processando lote de 100 itens (ID 309240 a 309377)...
✅ Lote processado: 100 resultados inseridos/atualizados
📊 Total acumulado: 232434 resultados
🔖 Checkpoint salvo: último ID = 309377

Processando lote de 100 itens (ID 309378 a 309496)...
✅ Lote processado: 101 resultados inseridos/atualizados
📊 Total acumulado: 232535 resultados
🔖 Checkpoint salvo: último ID = 309496

Processando lote de 100 itens (ID 309497 a 309599)...
✅ Lote processado: 102 resultados inseridos/atualizados
📊 Total acumulado: 232637 resultados
🔖 Checkpoint salvo: último ID = 309599

Processando lote de 100 itens (ID 309600 a 310025)...
✅ Lote processado: 100 resultados inseridos/atualizados
📊 Total acumulado: 232737 resultados
🔖 Checkpoint salvo: último ID = 310025

Processando lote de 100 itens (ID 310026 a 310204)...
✅ Lote processado: 100 resultados inseridos/atualizados
📊 Total acumulado: 232837 resultados
🔖 Checkpoint salvo: último ID = 310204

Processando lote de 100 itens (ID 310205 a 310304)...
✅ Lote processado: 100 resultados inseridos/atualizados
📊 Total acumulado: 232937 resultados
🔖 Checkpoint salvo: último ID = 310304

Processando lote de 100 itens (ID 310305 a 310404)...
✅ Lote processado: 100 resultados inseridos/atualizados
📊 Total acumulado: 233037 resultados
🔖 Checkpoint salvo: último ID = 310404

Processando lote de 100 itens (ID 310405 a 310504)...
✅ Lote processado: 100 resultados inseridos/atualizados
📊 Total acumulado: 233137 resultados
🔖 Checkpoint salvo: último ID = 310504

Processando lote de 100 itens (ID 310505 a 310615)...
✅ Lote processado: 100 resultados inseridos/atualizados
📊 Total acumulado: 233237 resultados
🔖 Checkpoint salvo: último ID = 310615

Processando lote de 100 itens (ID 310616 a 310745)...
✅ Lote processado: 100 resultados inseridos/atualizados
📊 Total acumulado: 233337 resultados
🔖 Checkpoint salvo: último ID = 310745

Processando lote de 100 itens (ID 310746 a 310857)...
✅ Lote processado: 100 resultados inseridos/atualizados
📊 Total acumulado: 233437 resultados
🔖 Checkpoint salvo: último ID = 310857

Processando lote de 100 itens (ID 310858 a 310992)...
✅ Lote processado: 100 resultados inseridos/atualizados
📊 Total acumulado: 233537 resultados
🔖 Checkpoint salvo: último ID = 310992

Processando lote de 100 itens (ID 310993 a 311240)...
✅ Lote processado: 100 resultados inseridos/atualizados
📊 Total acumulado: 233637 resultados
🔖 Checkpoint salvo: último ID = 311240

Processando lote de 100 itens (ID 311241 a 311434)...
✅ Lote processado: 100 resultados inseridos/atualizados
📊 Total acumulado: 233737 resultados
🔖 Checkpoint salvo: último ID = 311434

Processando lote de 100 itens (ID 311436 a 311652)...
✅ Lote processado: 100 resultados inseridos/atualizados
📊 Total acumulado: 233837 resultados
🔖 Checkpoint salvo: último ID = 311652

Processando lote de 100 itens (ID 311657 a 311830)...
✅ Lote processado: 100 resultados inseridos/atualizados
📊 Total acumulado: 233937 resultados
🔖 Checkpoint salvo: último ID = 311830

Processando lote de 100 itens (ID 311831 a 311930)...
✅ Lote processado: 101 resultados inseridos/atualizados
📊 Total acumulado: 234038 resultados
🔖 Checkpoint salvo: último ID = 311930

Processando lote de 100 itens (ID 311931 a 312030)...
✅ Lote processado: 101 resultados inseridos/atualizados
📊 Total acumulado: 234139 resultados
🔖 Checkpoint salvo: último ID = 312030

Processando lote de 100 itens (ID 312031 a 312261)...
✅ Lote processado: 100 resultados inseridos/atualizados
📊 Total acumulado: 234239 resultados
🔖 Checkpoint salvo: último ID = 312261

Processando lote de 100 itens (ID 312265 a 312411)...
✅ Lote processado: 100 resultados inseridos/atualizados
📊 Total acumulado: 234339 resultados
🔖 Checkpoint salvo: último ID = 312411

Processando lote de 100 itens (ID 312412 a 312539)...
✅ Lote processado: 100 resultados inseridos/atualizados
📊 Total acumulado: 234439 resultados
🔖 Checkpoint salvo: último ID = 312539

Processando lote de 100 itens (ID 312542 a 312669)...
✅ Lote processado: 100 resultados inseridos/atualizados
📊 Total acumulado: 234539 resultados
🔖 Checkpoint salvo: último ID = 312669

Processando lote de 100 itens (ID 312670 a 312795)...
✅ Lote processado: 101 resultados inseridos/atualizados
📊 Total acumulado: 234640 resultados
🔖 Checkpoint salvo: último ID = 312795

Processando lote de 100 itens (ID 312796 a 312919)...
✅ Lote processado: 100 resultados inseridos/atualizados
📊 Total acumulado: 234740 resultados
🔖 Checkpoint salvo: último ID = 312919

Processando lote de 100 itens (ID 312920 a 313040)...
✅ Lote processado: 101 resultados inseridos/atualizados
📊 Total acumulado: 234841 resultados
🔖 Checkpoint salvo: último ID = 313040

Processando lote de 100 itens (ID 313041 a 313211)...
✅ Lote processado: 100 resultados inseridos/atualizados
📊 Total acumulado: 234941 resultados
🔖 Checkpoint salvo: último ID = 313211

Processando lote de 100 itens (ID 313212 a 313321)...
✅ Lote processado: 100 resultados inseridos/atualizados
📊 Total acumulado: 235041 resultados
🔖 Checkpoint salvo: último ID = 313321

Processando lote de 100 itens (ID 313322 a 313431)...
✅ Lote processado: 101 resultados inseridos/atualizados
📊 Total acumulado: 235142 resultados
🔖 Checkpoint salvo: último ID = 313431

Processando lote de 100 itens (ID 313432 a 313589)...
✅ Lote processado: 101 resultados inseridos/atualizados
📊 Total acumulado: 235243 resultados
🔖 Checkpoint salvo: último ID = 313589

Processando lote de 100 itens (ID 313590 a 313808)...
✅ Lote processado: 100 resultados inseridos/atualizados
📊 Total acumulado: 235343 resultados
🔖 Checkpoint salvo: último ID = 313808

Processando lote de 100 itens (ID 313809 a 314021)...
✅ Lote processado: 100 resultados inseridos/atualizados
📊 Total acumulado: 235443 resultados
🔖 Checkpoint salvo: último ID = 314021

Processando lote de 100 itens (ID 314022 a 314154)...
✅ Lote processado: 100 resultados inseridos/atualizados
📊 Total acumulado: 235543 resultados
🔖 Checkpoint salvo: último ID = 314154

Processando lote de 100 itens (ID 314155 a 314279)...
✅ Lote processado: 100 resultados inseridos/atualizados
📊 Total acumulado: 235643 resultados
🔖 Checkpoint salvo: último ID = 314279

Processando lote de 100 itens (ID 314280 a 314399)...
✅ Lote processado: 100 resultados inseridos/atualizados
📊 Total acumulado: 235743 resultados
🔖 Checkpoint salvo: último ID = 314399

Processando lote de 100 itens (ID 314400 a 314527)...
✅ Lote processado: 100 resultados inseridos/atualizados
📊 Total acumulado: 235843 resultados
🔖 Checkpoint salvo: último ID = 314527

Processando lote de 100 itens (ID 314528 a 314644)...
✅ Lote processado: 100 resultados inseridos/atualizados
📊 Total acumulado: 235943 resultados
🔖 Checkpoint salvo: último ID = 314644

Processando lote de 100 itens (ID 314645 a 314752)...
✅ Lote processado: 100 resultados inseridos/atualizados
📊 Total acumulado: 236043 resultados
🔖 Checkpoint salvo: último ID = 314752

Processando lote de 100 itens (ID 314753 a 314870)...
✅ Lote processado: 100 resultados inseridos/atualizados
📊 Total acumulado: 236143 resultados
🔖 Checkpoint salvo: último ID = 314870

Processando lote de 100 itens (ID 314871 a 314987)...
✅ Lote processado: 100 resultados inseridos/atualizados
📊 Total acumulado: 236243 resultados
🔖 Checkpoint salvo: último ID = 314987

Processando lote de 100 itens (ID 314988 a 315121)...
✅ Lote processado: 100 resultados inseridos/atualizados
📊 Total acumulado: 236343 resultados
🔖 Checkpoint salvo: último ID = 315121

Processando lote de 100 itens (ID 315122 a 315246)...
✅ Lote processado: 108 resultados inseridos/atualizados
📊 Total acumulado: 236451 resultados
🔖 Checkpoint salvo: último ID = 315246

Processando lote de 100 itens (ID 315247 a 315369)...
✅ Lote processado: 103 resultados inseridos/atualizados
📊 Total acumulado: 236554 resultados
🔖 Checkpoint salvo: último ID = 315369

Processando lote de 100 itens (ID 315370 a 315503)...
✅ Lote processado: 103 resultados inseridos/atualizados
📊 Total acumulado: 236657 resultados
🔖 Checkpoint salvo: último ID = 315503

Processando lote de 100 itens (ID 315504 a 315625)...
✅ Lote processado: 100 resultados inseridos/atualizados
📊 Total acumulado: 236757 resultados
🔖 Checkpoint salvo: último ID = 315625

Processando lote de 100 itens (ID 315626 a 315741)...
✅ Lote processado: 100 resultados inseridos/atualizados
📊 Total acumulado: 236857 resultados
🔖 Checkpoint salvo: último ID = 315741

Processando lote de 100 itens (ID 315742 a 315887)...
✅ Lote processado: 100 resultados inseridos/atualizados
📊 Total acumulado: 236957 resultados
🔖 Checkpoint salvo: último ID = 315887

Processando lote de 100 itens (ID 315888 a 316054)...
✅ Lote processado: 100 resultados inseridos/atualizados
📊 Total acumulado: 237057 resultados
🔖 Checkpoint salvo: último ID = 316054

Processando lote de 100 itens (ID 316059 a 316296)...
✅ Lote processado: 100 resultados inseridos/atualizados
📊 Total acumulado: 237157 resultados
🔖 Checkpoint salvo: último ID = 316296

Processando lote de 100 itens (ID 316297 a 316422)...
✅ Lote processado: 100 resultados inseridos/atualizados
📊 Total acumulado: 237257 resultados
🔖 Checkpoint salvo: último ID = 316422

Processando lote de 100 itens (ID 316427 a 316572)...
✅ Lote processado: 100 resultados inseridos/atualizados
📊 Total acumulado: 237357 resultados
🔖 Checkpoint salvo: último ID = 316572

Processando lote de 100 itens (ID 316573 a 316725)...
✅ Lote processado: 100 resultados inseridos/atualizados
📊 Total acumulado: 237457 resultados
🔖 Checkpoint salvo: último ID = 316725

Processando lote de 100 itens (ID 316727 a 316884)...
✅ Lote processado: 100 resultados inseridos/atualizados
📊 Total acumulado: 237557 resultados
🔖 Checkpoint salvo: último ID = 316884

Processando lote de 100 itens (ID 316885 a 317013)...
✅ Lote processado: 100 resultados inseridos/atualizados
📊 Total acumulado: 237657 resultados
🔖 Checkpoint salvo: último ID = 317013

Processando lote de 100 itens (ID 317014 a 317141)...
✅ Lote processado: 100 resultados inseridos/atualizados
📊 Total acumulado: 237757 resultados
🔖 Checkpoint salvo: último ID = 317141

Processando lote de 100 itens (ID 317143 a 317277)...
✅ Lote processado: 100 resultados inseridos/atualizados
📊 Total acumulado: 237857 resultados
🔖 Checkpoint salvo: último ID = 317277

Processando lote de 100 itens (ID 317278 a 317399)...
✅ Lote processado: 103 resultados inseridos/atualizados
📊 Total acumulado: 237960 resultados
🔖 Checkpoint salvo: último ID = 317399

Processando lote de 100 itens (ID 317400 a 317554)...
✅ Lote processado: 100 resultados inseridos/atualizados
📊 Total acumulado: 238060 resultados
🔖 Checkpoint salvo: último ID = 317554

Processando lote de 100 itens (ID 317555 a 317656)...
✅ Lote processado: 100 resultados inseridos/atualizados
📊 Total acumulado: 238160 resultados
🔖 Checkpoint salvo: último ID = 317656

Processando lote de 100 itens (ID 317657 a 317756)...
✅ Lote processado: 100 resultados inseridos/atualizados
📊 Total acumulado: 238260 resultados
🔖 Checkpoint salvo: último ID = 317756

Processando lote de 100 itens (ID 317757 a 317907)...
✅ Lote processado: 100 resultados inseridos/atualizados
📊 Total acumulado: 238360 resultados
🔖 Checkpoint salvo: último ID = 317907

Processando lote de 100 itens (ID 317908 a 318042)...
✅ Lote processado: 100 resultados inseridos/atualizados
📊 Total acumulado: 238460 resultados
🔖 Checkpoint salvo: último ID = 318042

Processando lote de 100 itens (ID 318043 a 318178)...
✅ Lote processado: 100 resultados inseridos/atualizados
📊 Total acumulado: 238560 resultados
🔖 Checkpoint salvo: último ID = 318178

Processando lote de 100 itens (ID 318179 a 318302)...
✅ Lote processado: 100 resultados inseridos/atualizados
📊 Total acumulado: 238660 resultados
🔖 Checkpoint salvo: último ID = 318302

Processando lote de 100 itens (ID 318303 a 318406)...
✅ Lote processado: 100 resultados inseridos/atualizados
📊 Total acumulado: 238760 resultados
🔖 Checkpoint salvo: último ID = 318406

Processando lote de 100 itens (ID 318407 a 318531)...
✅ Lote processado: 100 resultados inseridos/atualizados
📊 Total acumulado: 238860 resultados
🔖 Checkpoint salvo: último ID = 318531

Processando lote de 100 itens (ID 318532 a 318689)...
✅ Lote processado: 102 resultados inseridos/atualizados
📊 Total acumulado: 238962 resultados
🔖 Checkpoint salvo: último ID = 318689

Processando lote de 100 itens (ID 318690 a 318851)...
✅ Lote processado: 102 resultados inseridos/atualizados
📊 Total acumulado: 239064 resultados
🔖 Checkpoint salvo: último ID = 318851

Processando lote de 100 itens (ID 318852 a 318963)...
✅ Lote processado: 100 resultados inseridos/atualizados
📊 Total acumulado: 239164 resultados
🔖 Checkpoint salvo: último ID = 318963

Processando lote de 100 itens (ID 318964 a 319065)...
✅ Lote processado: 127 resultados inseridos/atualizados
📊 Total acumulado: 239291 resultados
🔖 Checkpoint salvo: último ID = 319065

Processando lote de 100 itens (ID 319066 a 319167)...
✅ Lote processado: 121 resultados inseridos/atualizados
📊 Total acumulado: 239412 resultados
🔖 Checkpoint salvo: último ID = 319167

Processando lote de 100 itens (ID 319168 a 319290)...
✅ Lote processado: 100 resultados inseridos/atualizados
📊 Total acumulado: 239512 resultados
🔖 Checkpoint salvo: último ID = 319290

Processando lote de 100 itens (ID 319291 a 319390)...
✅ Lote processado: 100 resultados inseridos/atualizados
📊 Total acumulado: 239612 resultados
🔖 Checkpoint salvo: último ID = 319390

Processando lote de 100 itens (ID 319391 a 319490)...
✅ Lote processado: 100 resultados inseridos/atualizados
📊 Total acumulado: 239712 resultados
🔖 Checkpoint salvo: último ID = 319490

Processando lote de 100 itens (ID 319491 a 319590)...
✅ Lote processado: 100 resultados inseridos/atualizados
📊 Total acumulado: 239812 resultados
🔖 Checkpoint salvo: último ID = 319590

Processando lote de 100 itens (ID 319591 a 319696)...
✅ Lote processado: 102 resultados inseridos/atualizados
📊 Total acumulado: 239914 resultados
🔖 Checkpoint salvo: último ID = 319696

Processando lote de 100 itens (ID 319697 a 319802)...
✅ Lote processado: 101 resultados inseridos/atualizados
📊 Total acumulado: 240015 resultados
🔖 Checkpoint salvo: último ID = 319802

Processando lote de 100 itens (ID 319803 a 319924)...
✅ Lote processado: 100 resultados inseridos/atualizados
📊 Total acumulado: 240115 resultados
🔖 Checkpoint salvo: último ID = 319924

Processando lote de 100 itens (ID 319925 a 320025)...
✅ Lote processado: 100 resultados inseridos/atualizados
📊 Total acumulado: 240215 resultados
🔖 Checkpoint salvo: último ID = 320025

Processando lote de 100 itens (ID 320026 a 320132)...
✅ Lote processado: 100 resultados inseridos/atualizados
📊 Total acumulado: 240315 resultados
🔖 Checkpoint salvo: último ID = 320132

Processando lote de 100 itens (ID 320133 a 320233)...
✅ Lote processado: 100 resultados inseridos/atualizados
📊 Total acumulado: 240415 resultados
🔖 Checkpoint salvo: último ID = 320233

Processando lote de 100 itens (ID 320234 a 320339)...
✅ Lote processado: 100 resultados inseridos/atualizados
📊 Total acumulado: 240515 resultados
🔖 Checkpoint salvo: último ID = 320339

Processando lote de 100 itens (ID 320340 a 320457)...
✅ Lote processado: 100 resultados inseridos/atualizados
📊 Total acumulado: 240615 resultados
🔖 Checkpoint salvo: último ID = 320457

Processando lote de 100 itens (ID 320458 a 320563)...
✅ Lote processado: 100 resultados inseridos/atualizados
📊 Total acumulado: 240715 resultados
🔖 Checkpoint salvo: último ID = 320563

Processando lote de 100 itens (ID 320564 a 320674)...
✅ Lote processado: 100 resultados inseridos/atualizados
📊 Total acumulado: 240815 resultados
🔖 Checkpoint salvo: último ID = 320674

Processando lote de 100 itens (ID 320675 a 320988)...
✅ Lote processado: 100 resultados inseridos/atualizados
📊 Total acumulado: 240915 resultados
🔖 Checkpoint salvo: último ID = 320988

Processando lote de 100 itens (ID 320989 a 321213)...
✅ Lote processado: 100 resultados inseridos/atualizados
📊 Total acumulado: 241015 resultados
🔖 Checkpoint salvo: último ID = 321213

Processando lote de 100 itens (ID 321214 a 321343)...
✅ Lote processado: 100 resultados inseridos/atualizados
📊 Total acumulado: 241115 resultados
🔖 Checkpoint salvo: último ID = 321343

Processando lote de 100 itens (ID 321344 a 321448)...
✅ Lote processado: 100 resultados inseridos/atualizados
📊 Total acumulado: 241215 resultados
🔖 Checkpoint salvo: último ID = 321448

Processando lote de 100 itens (ID 321449 a 321548)...
✅ Lote processado: 100 resultados inseridos/atualizados
📊 Total acumulado: 241315 resultados
🔖 Checkpoint salvo: último ID = 321548

Processando lote de 100 itens (ID 321549 a 321687)...
✅ Lote processado: 101 resultados inseridos/atualizados
📊 Total acumulado: 241416 resultados
🔖 Checkpoint salvo: último ID = 321687

Processando lote de 100 itens (ID 321688 a 321787)...
✅ Lote processado: 100 resultados inseridos/atualizados
📊 Total acumulado: 241516 resultados
🔖 Checkpoint salvo: último ID = 321787

Processando lote de 100 itens (ID 321788 a 321927)...
✅ Lote processado: 100 resultados inseridos/atualizados
📊 Total acumulado: 241616 resultados
🔖 Checkpoint salvo: último ID = 321927

Processando lote de 100 itens (ID 321928 a 322027)...
✅ Lote processado: 100 resultados inseridos/atualizados
📊 Total acumulado: 241716 resultados
🔖 Checkpoint salvo: último ID = 322027

Processando lote de 100 itens (ID 322028 a 322131)...
✅ Lote processado: 100 resultados inseridos/atualizados
📊 Total acumulado: 241816 resultados
🔖 Checkpoint salvo: último ID = 322131

Processando lote de 100 itens (ID 322132 a 322233)...
✅ Lote processado: 100 resultados inseridos/atualizados
📊 Total acumulado: 241916 resultados
🔖 Checkpoint salvo: último ID = 322233

Processando lote de 100 itens (ID 322234 a 322337)...
✅ Lote processado: 100 resultados inseridos/atualizados
📊 Total acumulado: 242016 resultados
🔖 Checkpoint salvo: último ID = 322337

Processando lote de 100 itens (ID 322338 a 322437)...
✅ Lote processado: 100 resultados inseridos/atualizados
📊 Total acumulado: 242116 resultados
🔖 Checkpoint salvo: último ID = 322437

Processando lote de 100 itens (ID 322438 a 322537)...
✅ Lote processado: 100 resultados inseridos/atualizados
📊 Total acumulado: 242216 resultados
🔖 Checkpoint salvo: último ID = 322537

Processando lote de 100 itens (ID 322538 a 322639)...
✅ Lote processado: 100 resultados inseridos/atualizados
📊 Total acumulado: 242316 resultados
🔖 Checkpoint salvo: último ID = 322639

Processando lote de 100 itens (ID 322640 a 322836)...
✅ Lote processado: 100 resultados inseridos/atualizados
📊 Total acumulado: 242416 resultados
🔖 Checkpoint salvo: último ID = 322836

Processando lote de 100 itens (ID 322837 a 322936)...
✅ Lote processado: 100 resultados inseridos/atualizados
📊 Total acumulado: 242516 resultados
🔖 Checkpoint salvo: último ID = 322936

Processando lote de 100 itens (ID 322937 a 323036)...
✅ Lote processado: 100 resultados inseridos/atualizados
📊 Total acumulado: 242616 resultados
🔖 Checkpoint salvo: último ID = 323036

Processando lote de 100 itens (ID 323037 a 323172)...
✅ Lote processado: 100 resultados inseridos/atualizados
📊 Total acumulado: 242716 resultados
🔖 Checkpoint salvo: último ID = 323172

Processando lote de 100 itens (ID 323173 a 323272)...
✅ Lote processado: 100 resultados inseridos/atualizados
📊 Total acumulado: 242816 resultados
🔖 Checkpoint salvo: último ID = 323272

Processando lote de 100 itens (ID 323273 a 323372)...
✅ Lote processado: 100 resultados inseridos/atualizados
📊 Total acumulado: 242916 resultados
🔖 Checkpoint salvo: último ID = 323372

Processando lote de 100 itens (ID 323373 a 323472)...
✅ Lote processado: 100 resultados inseridos/atualizados
📊 Total acumulado: 243016 resultados
🔖 Checkpoint salvo: último ID = 323472

Processando lote de 100 itens (ID 323473 a 323625)...
✅ Lote processado: 100 resultados inseridos/atualizados
📊 Total acumulado: 243116 resultados
🔖 Checkpoint salvo: último ID = 323625

Processando lote de 100 itens (ID 323628 a 323749)...
✅ Lote processado: 100 resultados inseridos/atualizados
📊 Total acumulado: 243216 resultados
🔖 Checkpoint salvo: último ID = 323749

Processando lote de 100 itens (ID 323750 a 323904)...
✅ Lote processado: 100 resultados inseridos/atualizados
📊 Total acumulado: 243316 resultados
🔖 Checkpoint salvo: último ID = 323904

Processando lote de 100 itens (ID 323905 a 324004)...
✅ Lote processado: 100 resultados inseridos/atualizados
📊 Total acumulado: 243416 resultados
🔖 Checkpoint salvo: último ID = 324004

Processando lote de 100 itens (ID 324005 a 324104)...
✅ Lote processado: 100 resultados inseridos/atualizados
📊 Total acumulado: 243516 resultados
🔖 Checkpoint salvo: último ID = 324104

Processando lote de 100 itens (ID 324105 a 324204)...
✅ Lote processado: 100 resultados inseridos/atualizados
📊 Total acumulado: 243616 resultados
🔖 Checkpoint salvo: último ID = 324204

Processando lote de 100 itens (ID 324205 a 324308)...
✅ Lote processado: 100 resultados inseridos/atualizados
📊 Total acumulado: 243716 resultados
🔖 Checkpoint salvo: último ID = 324308

Processando lote de 100 itens (ID 324309 a 324425)...
✅ Lote processado: 103 resultados inseridos/atualizados
📊 Total acumulado: 243819 resultados
🔖 Checkpoint salvo: último ID = 324425

Processando lote de 100 itens (ID 324426 a 324595)...
✅ Lote processado: 100 resultados inseridos/atualizados
📊 Total acumulado: 243919 resultados
🔖 Checkpoint salvo: último ID = 324595

Processando lote de 100 itens (ID 324597 a 324763)...
✅ Lote processado: 100 resultados inseridos/atualizados
📊 Total acumulado: 244019 resultados
🔖 Checkpoint salvo: último ID = 324763

Processando lote de 100 itens (ID 324764 a 324935)...
✅ Lote processado: 100 resultados inseridos/atualizados
📊 Total acumulado: 244119 resultados
🔖 Checkpoint salvo: último ID = 324935

Processando lote de 100 itens (ID 324936 a 325041)...
✅ Lote processado: 100 resultados inseridos/atualizados
📊 Total acumulado: 244219 resultados
🔖 Checkpoint salvo: último ID = 325041

Processando lote de 100 itens (ID 325042 a 325160)...
✅ Lote processado: 100 resultados inseridos/atualizados
📊 Total acumulado: 244319 resultados
🔖 Checkpoint salvo: último ID = 325160

Processando lote de 100 itens (ID 325162 a 325367)...
✅ Lote processado: 100 resultados inseridos/atualizados
📊 Total acumulado: 244419 resultados
🔖 Checkpoint salvo: último ID = 325367

Processando lote de 100 itens (ID 325371 a 325490)...
✅ Lote processado: 100 resultados inseridos/atualizados
📊 Total acumulado: 244519 resultados
🔖 Checkpoint salvo: último ID = 325490

Processando lote de 100 itens (ID 325491 a 325604)...
✅ Lote processado: 100 resultados inseridos/atualizados
📊 Total acumulado: 244619 resultados
🔖 Checkpoint salvo: último ID = 325604

Processando lote de 100 itens (ID 325605 a 325706)...
✅ Lote processado: 100 resultados inseridos/atualizados
📊 Total acumulado: 244719 resultados
🔖 Checkpoint salvo: último ID = 325706

Processando lote de 100 itens (ID 325707 a 325809)...
✅ Lote processado: 100 resultados inseridos/atualizados
📊 Total acumulado: 244819 resultados
🔖 Checkpoint salvo: último ID = 325809

Processando lote de 100 itens (ID 325810 a 325910)...
✅ Lote processado: 100 resultados inseridos/atualizados
📊 Total acumulado: 244919 resultados
🔖 Checkpoint salvo: último ID = 325910

Processando lote de 100 itens (ID 325911 a 326014)...
✅ Lote processado: 110 resultados inseridos/atualizados
📊 Total acumulado: 245029 resultados
🔖 Checkpoint salvo: último ID = 326014

Processando lote de 100 itens (ID 326015 a 326142)...
✅ Lote processado: 100 resultados inseridos/atualizados
📊 Total acumulado: 245129 resultados
🔖 Checkpoint salvo: último ID = 326142

Processando lote de 100 itens (ID 326143 a 326247)...
✅ Lote processado: 100 resultados inseridos/atualizados
📊 Total acumulado: 245229 resultados
🔖 Checkpoint salvo: último ID = 326247

Processando lote de 100 itens (ID 326248 a 326352)...
✅ Lote processado: 100 resultados inseridos/atualizados
📊 Total acumulado: 245329 resultados
🔖 Checkpoint salvo: último ID = 326352

Processando lote de 100 itens (ID 326353 a 326488)...
✅ Lote processado: 100 resultados inseridos/atualizados
📊 Total acumulado: 245429 resultados
🔖 Checkpoint salvo: último ID = 326488

Processando lote de 100 itens (ID 326491 a 326672)...
✅ Lote processado: 100 resultados inseridos/atualizados
📊 Total acumulado: 245529 resultados
🔖 Checkpoint salvo: último ID = 326672

Processando lote de 100 itens (ID 326675 a 326792)...
✅ Lote processado: 102 resultados inseridos/atualizados
📊 Total acumulado: 245631 resultados
🔖 Checkpoint salvo: último ID = 326792

Processando lote de 100 itens (ID 326793 a 326904)...
✅ Lote processado: 100 resultados inseridos/atualizados
📊 Total acumulado: 245731 resultados
🔖 Checkpoint salvo: último ID = 326904

Processando lote de 100 itens (ID 326905 a 327034)...
✅ Lote processado: 100 resultados inseridos/atualizados
📊 Total acumulado: 245831 resultados
🔖 Checkpoint salvo: último ID = 327034

Processando lote de 100 itens (ID 327035 a 327142)...
✅ Lote processado: 100 resultados inseridos/atualizados
📊 Total acumulado: 245931 resultados
🔖 Checkpoint salvo: último ID = 327142

Processando lote de 100 itens (ID 327143 a 327249)...
✅ Lote processado: 101 resultados inseridos/atualizados
📊 Total acumulado: 246032 resultados
🔖 Checkpoint salvo: último ID = 327249

Processando lote de 100 itens (ID 327250 a 327389)...
✅ Lote processado: 100 resultados inseridos/atualizados
📊 Total acumulado: 246132 resultados
🔖 Checkpoint salvo: último ID = 327389

Processando lote de 100 itens (ID 327390 a 327500)...
✅ Lote processado: 100 resultados inseridos/atualizados
📊 Total acumulado: 246232 resultados
🔖 Checkpoint salvo: último ID = 327500

Processando lote de 100 itens (ID 327501 a 327600)...
✅ Lote processado: 100 resultados inseridos/atualizados
📊 Total acumulado: 246332 resultados
🔖 Checkpoint salvo: último ID = 327600

Processando lote de 100 itens (ID 327601 a 327702)...
✅ Lote processado: 100 resultados inseridos/atualizados
📊 Total acumulado: 246432 resultados
🔖 Checkpoint salvo: último ID = 327702

Processando lote de 100 itens (ID 327703 a 327847)...
✅ Lote processado: 100 resultados inseridos/atualizados
📊 Total acumulado: 246532 resultados
🔖 Checkpoint salvo: último ID = 327847

Processando lote de 100 itens (ID 327848 a 327969)...
✅ Lote processado: 100 resultados inseridos/atualizados
📊 Total acumulado: 246632 resultados
🔖 Checkpoint salvo: último ID = 327969

Processando lote de 100 itens (ID 327970 a 328102)...
✅ Lote processado: 100 resultados inseridos/atualizados
📊 Total acumulado: 246732 resultados
🔖 Checkpoint salvo: último ID = 328102

Processando lote de 100 itens (ID 328103 a 328203)...
✅ Lote processado: 100 resultados inseridos/atualizados
📊 Total acumulado: 246832 resultados
🔖 Checkpoint salvo: último ID = 328203

Processando lote de 100 itens (ID 328204 a 328570)...
✅ Lote processado: 100 resultados inseridos/atualizados
📊 Total acumulado: 246932 resultados
🔖 Checkpoint salvo: último ID = 328570

Processando lote de 100 itens (ID 328572 a 328676)...
✅ Lote processado: 100 resultados inseridos/atualizados
📊 Total acumulado: 247032 resultados
🔖 Checkpoint salvo: último ID = 328676

Processando lote de 100 itens (ID 328677 a 328787)...
✅ Lote processado: 100 resultados inseridos/atualizados
📊 Total acumulado: 247132 resultados
🔖 Checkpoint salvo: último ID = 328787

Processando lote de 100 itens (ID 328788 a 328938)...
✅ Lote processado: 100 resultados inseridos/atualizados
📊 Total acumulado: 247232 resultados
🔖 Checkpoint salvo: último ID = 328938

Processando lote de 100 itens (ID 328939 a 329044)...
✅ Lote processado: 100 resultados inseridos/atualizados
📊 Total acumulado: 247332 resultados
🔖 Checkpoint salvo: último ID = 329044

Processando lote de 100 itens (ID 329045 a 329150)...
✅ Lote processado: 100 resultados inseridos/atualizados
📊 Total acumulado: 247432 resultados
🔖 Checkpoint salvo: último ID = 329150

Processando lote de 100 itens (ID 329151 a 329254)...
✅ Lote processado: 100 resultados inseridos/atualizados
📊 Total acumulado: 247532 resultados
🔖 Checkpoint salvo: último ID = 329254

Processando lote de 100 itens (ID 329255 a 329373)...
✅ Lote processado: 100 resultados inseridos/atualizados
📊 Total acumulado: 247632 resultados
🔖 Checkpoint salvo: último ID = 329373

Processando lote de 100 itens (ID 329377 a 329567)...
✅ Lote processado: 100 resultados inseridos/atualizados
📊 Total acumulado: 247732 resultados
🔖 Checkpoint salvo: último ID = 329567

Processando lote de 100 itens (ID 329571 a 329794)...
✅ Lote processado: 100 resultados inseridos/atualizados
📊 Total acumulado: 247832 resultados
🔖 Checkpoint salvo: último ID = 329794

Processando lote de 100 itens (ID 329796 a 330037)...
✅ Lote processado: 100 resultados inseridos/atualizados
📊 Total acumulado: 247932 resultados
🔖 Checkpoint salvo: último ID = 330037

Processando lote de 100 itens (ID 330038 a 330203)...
✅ Lote processado: 100 resultados inseridos/atualizados
📊 Total acumulado: 248032 resultados
🔖 Checkpoint salvo: último ID = 330203

Processando lote de 100 itens (ID 330204 a 330364)...
✅ Lote processado: 100 resultados inseridos/atualizados
📊 Total acumulado: 248132 resultados
🔖 Checkpoint salvo: último ID = 330364

Processando lote de 100 itens (ID 330365 a 330491)...
✅ Lote processado: 100 resultados inseridos/atualizados
📊 Total acumulado: 248232 resultados
🔖 Checkpoint salvo: último ID = 330491

Processando lote de 100 itens (ID 330492 a 330670)...
✅ Lote processado: 108 resultados inseridos/atualizados
📊 Total acumulado: 248340 resultados
🔖 Checkpoint salvo: último ID = 330670

Processando lote de 100 itens (ID 330671 a 330787)...
✅ Lote processado: 100 resultados inseridos/atualizados
📊 Total acumulado: 248440 resultados
🔖 Checkpoint salvo: último ID = 330787

Processando lote de 100 itens (ID 330788 a 330891)...
✅ Lote processado: 100 resultados inseridos/atualizados
📊 Total acumulado: 248540 resultados
🔖 Checkpoint salvo: último ID = 330891

Processando lote de 100 itens (ID 330892 a 331006)...
✅ Lote processado: 100 resultados inseridos/atualizados
📊 Total acumulado: 248640 resultados
🔖 Checkpoint salvo: último ID = 331006

Processando lote de 100 itens (ID 331010 a 331146)...
✅ Lote processado: 116 resultados inseridos/atualizados
📊 Total acumulado: 248756 resultados
🔖 Checkpoint salvo: último ID = 331146

Processando lote de 100 itens (ID 331147 a 331246)...
✅ Lote processado: 117 resultados inseridos/atualizados
📊 Total acumulado: 248873 resultados
🔖 Checkpoint salvo: último ID = 331246

Processando lote de 100 itens (ID 331247 a 331352)...
✅ Lote processado: 101 resultados inseridos/atualizados
📊 Total acumulado: 248974 resultados
🔖 Checkpoint salvo: último ID = 331352

Processando lote de 100 itens (ID 331353 a 331458)...
✅ Lote processado: 100 resultados inseridos/atualizados
📊 Total acumulado: 249074 resultados
🔖 Checkpoint salvo: último ID = 331458

Processando lote de 100 itens (ID 331459 a 331571)...
✅ Lote processado: 100 resultados inseridos/atualizados
📊 Total acumulado: 249174 resultados
🔖 Checkpoint salvo: último ID = 331571

Processando lote de 100 itens (ID 331575 a 331694)...
✅ Lote processado: 100 resultados inseridos/atualizados
📊 Total acumulado: 249274 resultados
🔖 Checkpoint salvo: último ID = 331694

Processando lote de 100 itens (ID 331695 a 331823)...
✅ Lote processado: 100 resultados inseridos/atualizados
📊 Total acumulado: 249374 resultados
🔖 Checkpoint salvo: último ID = 331823

Processando lote de 100 itens (ID 331824 a 331940)...
✅ Lote processado: 100 resultados inseridos/atualizados
📊 Total acumulado: 249474 resultados
🔖 Checkpoint salvo: último ID = 331940

Processando lote de 100 itens (ID 331941 a 332070)...
✅ Lote processado: 100 resultados inseridos/atualizados
📊 Total acumulado: 249574 resultados
🔖 Checkpoint salvo: último ID = 332070

Processando lote de 100 itens (ID 332071 a 332180)...
✅ Lote processado: 115 resultados inseridos/atualizados
📊 Total acumulado: 249689 resultados
🔖 Checkpoint salvo: último ID = 332180

Processando lote de 100 itens (ID 332181 a 332293)...
✅ Lote processado: 100 resultados inseridos/atualizados
📊 Total acumulado: 249789 resultados
🔖 Checkpoint salvo: último ID = 332293

Processando lote de 100 itens (ID 332295 a 332433)...
✅ Lote processado: 100 resultados inseridos/atualizados
📊 Total acumulado: 249889 resultados
🔖 Checkpoint salvo: último ID = 332433

Processando lote de 100 itens (ID 332434 a 333012)...
✅ Lote processado: 108 resultados inseridos/atualizados
📊 Total acumulado: 249997 resultados
🔖 Checkpoint salvo: último ID = 333012

Processando lote de 100 itens (ID 333013 a 333387)...
✅ Lote processado: 100 resultados inseridos/atualizados
📊 Total acumulado: 250097 resultados
🔖 Checkpoint salvo: último ID = 333387

Processando lote de 100 itens (ID 333388 a 333528)...
✅ Lote processado: 100 resultados inseridos/atualizados
📊 Total acumulado: 250197 resultados
🔖 Checkpoint salvo: último ID = 333528

Processando lote de 100 itens (ID 333529 a 333760)...
✅ Lote processado: 100 resultados inseridos/atualizados
📊 Total acumulado: 250297 resultados
🔖 Checkpoint salvo: último ID = 333760

Processando lote de 100 itens (ID 333761 a 333867)...
✅ Lote processado: 100 resultados inseridos/atualizados
📊 Total acumulado: 250397 resultados
🔖 Checkpoint salvo: último ID = 333867

Processando lote de 100 itens (ID 333868 a 333970)...
✅ Lote processado: 100 resultados inseridos/atualizados
📊 Total acumulado: 250497 resultados
🔖 Checkpoint salvo: último ID = 333970

Processando lote de 100 itens (ID 333971 a 334071)...
✅ Lote processado: 100 resultados inseridos/atualizados
📊 Total acumulado: 250597 resultados
🔖 Checkpoint salvo: último ID = 334071

Processando lote de 100 itens (ID 334072 a 334191)...
✅ Lote processado: 100 resultados inseridos/atualizados
📊 Total acumulado: 250697 resultados
🔖 Checkpoint salvo: último ID = 334191

Processando lote de 100 itens (ID 334192 a 334292)...
✅ Lote processado: 100 resultados inseridos/atualizados
📊 Total acumulado: 250797 resultados
🔖 Checkpoint salvo: último ID = 334292

Processando lote de 100 itens (ID 334293 a 334417)...
✅ Lote processado: 100 resultados inseridos/atualizados
📊 Total acumulado: 250897 resultados
🔖 Checkpoint salvo: último ID = 334417

Processando lote de 100 itens (ID 334418 a 334521)...
✅ Lote processado: 100 resultados inseridos/atualizados
📊 Total acumulado: 250997 resultados
🔖 Checkpoint salvo: último ID = 334521

Processando lote de 100 itens (ID 334522 a 334621)...
✅ Lote processado: 100 resultados inseridos/atualizados
📊 Total acumulado: 251097 resultados
🔖 Checkpoint salvo: último ID = 334621

Processando lote de 100 itens (ID 334622 a 334723)...
✅ Lote processado: 100 resultados inseridos/atualizados
📊 Total acumulado: 251197 resultados
🔖 Checkpoint salvo: último ID = 334723

Processando lote de 100 itens (ID 334724 a 334833)...
✅ Lote processado: 100 resultados inseridos/atualizados
📊 Total acumulado: 251297 resultados
🔖 Checkpoint salvo: último ID = 334833

Processando lote de 100 itens (ID 334834 a 334977)...
✅ Lote processado: 101 resultados inseridos/atualizados
📊 Total acumulado: 251398 resultados
🔖 Checkpoint salvo: último ID = 334977

Processando lote de 100 itens (ID 334978 a 335090)...
✅ Lote processado: 100 resultados inseridos/atualizados
📊 Total acumulado: 251498 resultados
🔖 Checkpoint salvo: último ID = 335090

Processando lote de 100 itens (ID 335092 a 335219)...
✅ Lote processado: 107 resultados inseridos/atualizados
📊 Total acumulado: 251605 resultados
🔖 Checkpoint salvo: último ID = 335219

Processando lote de 100 itens (ID 335220 a 335330)...
✅ Lote processado: 100 resultados inseridos/atualizados
📊 Total acumulado: 251705 resultados
🔖 Checkpoint salvo: último ID = 335330

Processando lote de 100 itens (ID 335331 a 335464)...
✅ Lote processado: 100 resultados inseridos/atualizados
📊 Total acumulado: 251805 resultados
🔖 Checkpoint salvo: último ID = 335464

Processando lote de 100 itens (ID 335465 a 335596)...
✅ Lote processado: 100 resultados inseridos/atualizados
📊 Total acumulado: 251905 resultados
🔖 Checkpoint salvo: último ID = 335596

Processando lote de 100 itens (ID 335597 a 335696)...
✅ Lote processado: 100 resultados inseridos/atualizados
📊 Total acumulado: 252005 resultados
🔖 Checkpoint salvo: último ID = 335696

Processando lote de 100 itens (ID 335697 a 335813)...
✅ Lote processado: 100 resultados inseridos/atualizados
📊 Total acumulado: 252105 resultados
🔖 Checkpoint salvo: último ID = 335813

Processando lote de 100 itens (ID 335814 a 335914)...
✅ Lote processado: 100 resultados inseridos/atualizados
📊 Total acumulado: 252205 resultados
🔖 Checkpoint salvo: último ID = 335914

Processando lote de 100 itens (ID 335915 a 336022)...
✅ Lote processado: 106 resultados inseridos/atualizados
📊 Total acumulado: 252311 resultados
🔖 Checkpoint salvo: último ID = 336022

Processando lote de 100 itens (ID 336023 a 336136)...
✅ Lote processado: 100 resultados inseridos/atualizados
📊 Total acumulado: 252411 resultados
🔖 Checkpoint salvo: último ID = 336136

Processando lote de 100 itens (ID 336137 a 336254)...
✅ Lote processado: 100 resultados inseridos/atualizados
📊 Total acumulado: 252511 resultados
🔖 Checkpoint salvo: último ID = 336254

Processando lote de 100 itens (ID 336255 a 336354)...
✅ Lote processado: 100 resultados inseridos/atualizados
📊 Total acumulado: 252611 resultados
🔖 Checkpoint salvo: último ID = 336354

Processando lote de 100 itens (ID 336355 a 336460)...
✅ Lote processado: 100 resultados inseridos/atualizados
📊 Total acumulado: 252711 resultados
🔖 Checkpoint salvo: último ID = 336460

Processando lote de 100 itens (ID 336461 a 336567)...
✅ Lote processado: 100 resultados inseridos/atualizados
📊 Total acumulado: 252811 resultados
🔖 Checkpoint salvo: último ID = 336567

Processando lote de 100 itens (ID 336568 a 336697)...
✅ Lote processado: 100 resultados inseridos/atualizados
📊 Total acumulado: 252911 resultados
🔖 Checkpoint salvo: último ID = 336697

Processando lote de 100 itens (ID 336698 a 336807)...
✅ Lote processado: 100 resultados inseridos/atualizados
📊 Total acumulado: 253011 resultados
🔖 Checkpoint salvo: último ID = 336807

Processando lote de 100 itens (ID 336808 a 336928)...
✅ Lote processado: 100 resultados inseridos/atualizados
📊 Total acumulado: 253111 resultados
🔖 Checkpoint salvo: último ID = 336928

Processando lote de 100 itens (ID 336932 a 337047)...
✅ Lote processado: 100 resultados inseridos/atualizados
📊 Total acumulado: 253211 resultados
🔖 Checkpoint salvo: último ID = 337047

Processando lote de 100 itens (ID 337048 a 337147)...
✅ Lote processado: 100 resultados inseridos/atualizados
📊 Total acumulado: 253311 resultados
🔖 Checkpoint salvo: último ID = 337147

Processando lote de 100 itens (ID 337148 a 337251)...
✅ Lote processado: 100 resultados inseridos/atualizados
📊 Total acumulado: 253411 resultados
🔖 Checkpoint salvo: último ID = 337251

Processando lote de 100 itens (ID 337252 a 337366)...
✅ Lote processado: 100 resultados inseridos/atualizados
📊 Total acumulado: 253511 resultados
🔖 Checkpoint salvo: último ID = 337366

Processando lote de 100 itens (ID 337368 a 337472)...
✅ Lote processado: 110 resultados inseridos/atualizados
📊 Total acumulado: 253621 resultados
🔖 Checkpoint salvo: último ID = 337472

Processando lote de 100 itens (ID 337473 a 337634)...
✅ Lote processado: 100 resultados inseridos/atualizados
📊 Total acumulado: 253721 resultados
🔖 Checkpoint salvo: último ID = 337634

Processando lote de 100 itens (ID 337635 a 337734)...
✅ Lote processado: 100 resultados inseridos/atualizados
📊 Total acumulado: 253821 resultados
🔖 Checkpoint salvo: último ID = 337734

Processando lote de 100 itens (ID 337735 a 337834)...
✅ Lote processado: 100 resultados inseridos/atualizados
📊 Total acumulado: 253921 resultados
🔖 Checkpoint salvo: último ID = 337834

Processando lote de 100 itens (ID 337835 a 337944)...
✅ Lote processado: 100 resultados inseridos/atualizados
📊 Total acumulado: 254021 resultados
🔖 Checkpoint salvo: último ID = 337944

Processando lote de 100 itens (ID 337945 a 338063)...
✅ Lote processado: 100 resultados inseridos/atualizados
📊 Total acumulado: 254121 resultados
🔖 Checkpoint salvo: último ID = 338063

Processando lote de 100 itens (ID 338064 a 338181)...
✅ Lote processado: 108 resultados inseridos/atualizados
📊 Total acumulado: 254229 resultados
🔖 Checkpoint salvo: último ID = 338181

Processando lote de 100 itens (ID 338183 a 338388)...
✅ Lote processado: 100 resultados inseridos/atualizados
📊 Total acumulado: 254329 resultados
🔖 Checkpoint salvo: último ID = 338388

Processando lote de 100 itens (ID 338390 a 338495)...
✅ Lote processado: 100 resultados inseridos/atualizados
📊 Total acumulado: 254429 resultados
🔖 Checkpoint salvo: último ID = 338495

Processando lote de 100 itens (ID 338496 a 338633)...
✅ Lote processado: 109 resultados inseridos/atualizados
📊 Total acumulado: 254538 resultados
🔖 Checkpoint salvo: último ID = 338633

Processando lote de 100 itens (ID 338634 a 338733)...
✅ Lote processado: 144 resultados inseridos/atualizados
📊 Total acumulado: 254682 resultados
🔖 Checkpoint salvo: último ID = 338733

Processando lote de 100 itens (ID 338734 a 338846)...
✅ Lote processado: 100 resultados inseridos/atualizados
📊 Total acumulado: 254782 resultados
🔖 Checkpoint salvo: último ID = 338846

Processando lote de 100 itens (ID 338847 a 339016)...
✅ Lote processado: 100 resultados inseridos/atualizados
📊 Total acumulado: 254882 resultados
🔖 Checkpoint salvo: último ID = 339016

Processando lote de 100 itens (ID 339017 a 339198)...
✅ Lote processado: 110 resultados inseridos/atualizados
📊 Total acumulado: 254992 resultados
🔖 Checkpoint salvo: último ID = 339198

Processando lote de 100 itens (ID 339199 a 339298)...
✅ Lote processado: 100 resultados inseridos/atualizados
📊 Total acumulado: 255092 resultados
🔖 Checkpoint salvo: último ID = 339298

Processando lote de 100 itens (ID 339299 a 339398)...
✅ Lote processado: 100 resultados inseridos/atualizados
📊 Total acumulado: 255192 resultados
🔖 Checkpoint salvo: último ID = 339398

Processando lote de 100 itens (ID 339399 a 339498)...
✅ Lote processado: 100 resultados inseridos/atualizados
📊 Total acumulado: 255292 resultados
🔖 Checkpoint salvo: último ID = 339498

Processando lote de 100 itens (ID 339499 a 339620)...
✅ Lote processado: 101 resultados inseridos/atualizados
📊 Total acumulado: 255393 resultados
🔖 Checkpoint salvo: último ID = 339620

Processando lote de 100 itens (ID 339621 a 339783)...
✅ Lote processado: 100 resultados inseridos/atualizados
📊 Total acumulado: 255493 resultados
🔖 Checkpoint salvo: último ID = 339783

Processando lote de 100 itens (ID 339784 a 339884)...
✅ Lote processado: 100 resultados inseridos/atualizados
📊 Total acumulado: 255593 resultados
🔖 Checkpoint salvo: último ID = 339884

Processando lote de 100 itens (ID 339885 a 339997)...
✅ Lote processado: 100 resultados inseridos/atualizados
📊 Total acumulado: 255693 resultados
🔖 Checkpoint salvo: último ID = 339997

Processando lote de 100 itens (ID 339998 a 340104)...
✅ Lote processado: 100 resultados inseridos/atualizados
📊 Total acumulado: 255793 resultados
🔖 Checkpoint salvo: último ID = 340104

Processando lote de 100 itens (ID 340105 a 340229)...
✅ Lote processado: 100 resultados inseridos/atualizados
📊 Total acumulado: 255893 resultados
🔖 Checkpoint salvo: último ID = 340229

Processando lote de 100 itens (ID 340232 a 340355)...
✅ Lote processado: 100 resultados inseridos/atualizados
📊 Total acumulado: 255993 resultados
🔖 Checkpoint salvo: último ID = 340355

Processando lote de 100 itens (ID 340356 a 340486)...
✅ Lote processado: 100 resultados inseridos/atualizados
📊 Total acumulado: 256093 resultados
🔖 Checkpoint salvo: último ID = 340486

Processando lote de 100 itens (ID 340487 a 340610)...
✅ Lote processado: 100 resultados inseridos/atualizados
📊 Total acumulado: 256193 resultados
🔖 Checkpoint salvo: último ID = 340610

Processando lote de 100 itens (ID 340611 a 340715)...
✅ Lote processado: 105 resultados inseridos/atualizados
📊 Total acumulado: 256298 resultados
🔖 Checkpoint salvo: último ID = 340715

Processando lote de 100 itens (ID 340716 a 340861)...
✅ Lote processado: 100 resultados inseridos/atualizados
📊 Total acumulado: 256398 resultados
🔖 Checkpoint salvo: último ID = 340861

Processando lote de 100 itens (ID 340862 a 340965)...
✅ Lote processado: 100 resultados inseridos/atualizados
📊 Total acumulado: 256498 resultados
🔖 Checkpoint salvo: último ID = 340965

Processando lote de 100 itens (ID 340966 a 341074)...
✅ Lote processado: 100 resultados inseridos/atualizados
📊 Total acumulado: 256598 resultados
🔖 Checkpoint salvo: último ID = 341074

Processando lote de 100 itens (ID 341075 a 341325)...
✅ Lote processado: 100 resultados inseridos/atualizados
📊 Total acumulado: 256698 resultados
🔖 Checkpoint salvo: último ID = 341325

Processando lote de 100 itens (ID 341330 a 341586)...
✅ Lote processado: 100 resultados inseridos/atualizados
📊 Total acumulado: 256798 resultados
🔖 Checkpoint salvo: último ID = 341586

Processando lote de 100 itens (ID 341587 a 341798)...
✅ Lote processado: 100 resultados inseridos/atualizados
📊 Total acumulado: 256898 resultados
🔖 Checkpoint salvo: último ID = 341798

Processando lote de 100 itens (ID 341799 a 341922)...
✅ Lote processado: 100 resultados inseridos/atualizados
📊 Total acumulado: 256998 resultados
🔖 Checkpoint salvo: último ID = 341922

Processando lote de 100 itens (ID 341924 a 342024)...
✅ Lote processado: 100 resultados inseridos/atualizados
📊 Total acumulado: 257098 resultados
🔖 Checkpoint salvo: último ID = 342024

Processando lote de 100 itens (ID 342025 a 342137)...
✅ Lote processado: 100 resultados inseridos/atualizados
📊 Total acumulado: 257198 resultados
🔖 Checkpoint salvo: último ID = 342137

Processando lote de 100 itens (ID 342139 a 342272)...
✅ Lote processado: 100 resultados inseridos/atualizados
📊 Total acumulado: 257298 resultados
🔖 Checkpoint salvo: último ID = 342272

Processando lote de 100 itens (ID 342273 a 342377)...
✅ Lote processado: 100 resultados inseridos/atualizados
📊 Total acumulado: 257398 resultados
🔖 Checkpoint salvo: último ID = 342377

Processando lote de 100 itens (ID 342378 a 342491)...
✅ Lote processado: 100 resultados inseridos/atualizados
📊 Total acumulado: 257498 resultados
🔖 Checkpoint salvo: último ID = 342491

Processando lote de 100 itens (ID 342492 a 342591)...
✅ Lote processado: 100 resultados inseridos/atualizados
📊 Total acumulado: 257598 resultados
🔖 Checkpoint salvo: último ID = 342591

Processando lote de 100 itens (ID 342592 a 342853)...
✅ Lote processado: 100 resultados inseridos/atualizados
📊 Total acumulado: 257698 resultados
🔖 Checkpoint salvo: último ID = 342853

Processando lote de 100 itens (ID 342928 a 343705)...
✅ Lote processado: 100 resultados inseridos/atualizados
📊 Total acumulado: 257798 resultados
🔖 Checkpoint salvo: último ID = 343705

Processando lote de 100 itens (ID 343707 a 344613)...
✅ Lote processado: 100 resultados inseridos/atualizados
📊 Total acumulado: 257898 resultados
🔖 Checkpoint salvo: último ID = 344613

Processando lote de 100 itens (ID 344614 a 344721)...
✅ Lote processado: 100 resultados inseridos/atualizados
📊 Total acumulado: 257998 resultados
🔖 Checkpoint salvo: último ID = 344721

Processando lote de 100 itens (ID 344722 a 344897)...
✅ Lote processado: 100 resultados inseridos/atualizados
📊 Total acumulado: 258098 resultados
🔖 Checkpoint salvo: último ID = 344897

Processando lote de 100 itens (ID 344898 a 345030)...
✅ Lote processado: 100 resultados inseridos/atualizados
📊 Total acumulado: 258198 resultados
🔖 Checkpoint salvo: último ID = 345030

Processando lote de 100 itens (ID 345031 a 345157)...
✅ Lote processado: 111 resultados inseridos/atualizados
📊 Total acumulado: 258309 resultados
🔖 Checkpoint salvo: último ID = 345157

Processando lote de 100 itens (ID 345158 a 345283)...
✅ Lote processado: 109 resultados inseridos/atualizados
📊 Total acumulado: 258418 resultados
🔖 Checkpoint salvo: último ID = 345283

Processando lote de 100 itens (ID 345284 a 345385)...
✅ Lote processado: 100 resultados inseridos/atualizados
📊 Total acumulado: 258518 resultados
🔖 Checkpoint salvo: último ID = 345385

Processando lote de 100 itens (ID 345386 a 345487)...
✅ Lote processado: 100 resultados inseridos/atualizados
📊 Total acumulado: 258618 resultados
🔖 Checkpoint salvo: último ID = 345487

Processando lote de 100 itens (ID 345488 a 345590)...
✅ Lote processado: 100 resultados inseridos/atualizados
📊 Total acumulado: 258718 resultados
🔖 Checkpoint salvo: último ID = 345590

Processando lote de 100 itens (ID 345591 a 345692)...
✅ Lote processado: 100 resultados inseridos/atualizados
📊 Total acumulado: 258818 resultados
🔖 Checkpoint salvo: último ID = 345692

Processando lote de 100 itens (ID 345693 a 345792)...
✅ Lote processado: 100 resultados inseridos/atualizados
📊 Total acumulado: 258918 resultados
🔖 Checkpoint salvo: último ID = 345792

Processando lote de 100 itens (ID 345793 a 345892)...
✅ Lote processado: 100 resultados inseridos/atualizados
📊 Total acumulado: 259018 resultados
🔖 Checkpoint salvo: último ID = 345892

Processando lote de 100 itens (ID 345893 a 345992)...
✅ Lote processado: 100 resultados inseridos/atualizados
📊 Total acumulado: 259118 resultados
🔖 Checkpoint salvo: último ID = 345992

Processando lote de 100 itens (ID 345993 a 346093)...
✅ Lote processado: 100 resultados inseridos/atualizados
📊 Total acumulado: 259218 resultados
🔖 Checkpoint salvo: último ID = 346093

Processando lote de 100 itens (ID 346094 a 346222)...
✅ Lote processado: 100 resultados inseridos/atualizados
📊 Total acumulado: 259318 resultados
🔖 Checkpoint salvo: último ID = 346222

Processando lote de 100 itens (ID 346224 a 346382)...
✅ Lote processado: 101 resultados inseridos/atualizados
📊 Total acumulado: 259419 resultados
🔖 Checkpoint salvo: último ID = 346382

Processando lote de 100 itens (ID 346383 a 346624)...
✅ Lote processado: 100 resultados inseridos/atualizados
📊 Total acumulado: 259519 resultados
🔖 Checkpoint salvo: último ID = 346624

Processando lote de 100 itens (ID 346625 a 346767)...
✅ Lote processado: 100 resultados inseridos/atualizados
📊 Total acumulado: 259619 resultados
🔖 Checkpoint salvo: último ID = 346767

Processando lote de 100 itens (ID 346768 a 346871)...
✅ Lote processado: 100 resultados inseridos/atualizados
📊 Total acumulado: 259719 resultados
🔖 Checkpoint salvo: último ID = 346871

Processando lote de 100 itens (ID 346872 a 346972)...
✅ Lote processado: 100 resultados inseridos/atualizados
📊 Total acumulado: 259819 resultados
🔖 Checkpoint salvo: último ID = 346972

Processando lote de 100 itens (ID 346973 a 347077)...
✅ Lote processado: 100 resultados inseridos/atualizados
📊 Total acumulado: 259919 resultados
🔖 Checkpoint salvo: último ID = 347077

Processando lote de 100 itens (ID 347078 a 347177)...
✅ Lote processado: 100 resultados inseridos/atualizados
📊 Total acumulado: 260019 resultados
🔖 Checkpoint salvo: último ID = 347177

Processando lote de 100 itens (ID 347178 a 347278)...
✅ Lote processado: 100 resultados inseridos/atualizados
📊 Total acumulado: 260119 resultados
🔖 Checkpoint salvo: último ID = 347278

Processando lote de 100 itens (ID 347279 a 347402)...
✅ Lote processado: 100 resultados inseridos/atualizados
📊 Total acumulado: 260219 resultados
🔖 Checkpoint salvo: último ID = 347402

Processando lote de 100 itens (ID 347403 a 347504)...
✅ Lote processado: 100 resultados inseridos/atualizados
📊 Total acumulado: 260319 resultados
🔖 Checkpoint salvo: último ID = 347504

Processando lote de 100 itens (ID 347505 a 347605)...
✅ Lote processado: 100 resultados inseridos/atualizados
📊 Total acumulado: 260419 resultados
🔖 Checkpoint salvo: último ID = 347605

Processando lote de 100 itens (ID 347606 a 347710)...
✅ Lote processado: 100 resultados inseridos/atualizados
📊 Total acumulado: 260519 resultados
🔖 Checkpoint salvo: último ID = 347710

Processando lote de 100 itens (ID 347711 a 347810)...
✅ Lote processado: 100 resultados inseridos/atualizados
📊 Total acumulado: 260619 resultados
🔖 Checkpoint salvo: último ID = 347810

Processando lote de 100 itens (ID 347811 a 347910)...
✅ Lote processado: 100 resultados inseridos/atualizados
📊 Total acumulado: 260719 resultados
🔖 Checkpoint salvo: último ID = 347910

Processando lote de 100 itens (ID 347911 a 348010)...
✅ Lote processado: 100 resultados inseridos/atualizados
📊 Total acumulado: 260819 resultados
🔖 Checkpoint salvo: último ID = 348010

Processando lote de 100 itens (ID 348011 a 348110)...
✅ Lote processado: 100 resultados inseridos/atualizados
📊 Total acumulado: 260919 resultados
🔖 Checkpoint salvo: último ID = 348110

Processando lote de 100 itens (ID 348111 a 348210)...
✅ Lote processado: 100 resultados inseridos/atualizados
📊 Total acumulado: 261019 resultados
🔖 Checkpoint salvo: último ID = 348210

Processando lote de 100 itens (ID 348211 a 348310)...
✅ Lote processado: 100 resultados inseridos/atualizados
📊 Total acumulado: 261119 resultados
🔖 Checkpoint salvo: último ID = 348310

Processando lote de 100 itens (ID 348311 a 348489)...
✅ Lote processado: 100 resultados inseridos/atualizados
📊 Total acumulado: 261219 resultados
🔖 Checkpoint salvo: último ID = 348489

Processando lote de 100 itens (ID 348490 a 348595)...
✅ Lote processado: 100 resultados inseridos/atualizados
📊 Total acumulado: 261319 resultados
🔖 Checkpoint salvo: último ID = 348595

Processando lote de 100 itens (ID 348596 a 348756)...
✅ Lote processado: 100 resultados inseridos/atualizados
📊 Total acumulado: 261419 resultados
🔖 Checkpoint salvo: último ID = 348756

Processando lote de 100 itens (ID 348757 a 348867)...
✅ Lote processado: 106 resultados inseridos/atualizados
📊 Total acumulado: 261525 resultados
🔖 Checkpoint salvo: último ID = 348867

Processando lote de 100 itens (ID 348868 a 349001)...
✅ Lote processado: 100 resultados inseridos/atualizados
📊 Total acumulado: 261625 resultados
🔖 Checkpoint salvo: último ID = 349001

Processando lote de 100 itens (ID 349002 a 349104)...
✅ Lote processado: 100 resultados inseridos/atualizados
📊 Total acumulado: 261725 resultados
🔖 Checkpoint salvo: último ID = 349104

Processando lote de 100 itens (ID 349105 a 349215)...
✅ Lote processado: 100 resultados inseridos/atualizados
📊 Total acumulado: 261825 resultados
🔖 Checkpoint salvo: último ID = 349215

Processando lote de 100 itens (ID 349216 a 349439)...
✅ Lote processado: 281 resultados inseridos/atualizados
📊 Total acumulado: 262106 resultados
🔖 Checkpoint salvo: último ID = 349439

Processando lote de 100 itens (ID 349440 a 349611)...
✅ Lote processado: 100 resultados inseridos/atualizados
📊 Total acumulado: 262206 resultados
🔖 Checkpoint salvo: último ID = 349611

Processando lote de 100 itens (ID 349612 a 349762)...
✅ Lote processado: 100 resultados inseridos/atualizados
📊 Total acumulado: 262306 resultados
🔖 Checkpoint salvo: último ID = 349762

Processando lote de 100 itens (ID 349763 a 349863)...
✅ Lote processado: 100 resultados inseridos/atualizados
📊 Total acumulado: 262406 resultados
🔖 Checkpoint salvo: último ID = 349863

Processando lote de 100 itens (ID 349864 a 350066)...
✅ Lote processado: 100 resultados inseridos/atualizados
📊 Total acumulado: 262506 resultados
🔖 Checkpoint salvo: último ID = 350066

Processando lote de 100 itens (ID 350068 a 350365)...
✅ Lote processado: 114 resultados inseridos/atualizados
📊 Total acumulado: 262620 resultados
🔖 Checkpoint salvo: último ID = 350365

Processando lote de 100 itens (ID 350366 a 350591)...
✅ Lote processado: 100 resultados inseridos/atualizados
📊 Total acumulado: 262720 resultados
🔖 Checkpoint salvo: último ID = 350591

Processando lote de 100 itens (ID 350592 a 350823)...
✅ Lote processado: 107 resultados inseridos/atualizados
📊 Total acumulado: 262827 resultados
🔖 Checkpoint salvo: último ID = 350823

Processando lote de 100 itens (ID 350824 a 351169)...
✅ Lote processado: 102 resultados inseridos/atualizados
📊 Total acumulado: 262929 resultados
🔖 Checkpoint salvo: último ID = 351169

Processando lote de 100 itens (ID 351170 a 351328)...
✅ Lote processado: 100 resultados inseridos/atualizados
📊 Total acumulado: 263029 resultados
🔖 Checkpoint salvo: último ID = 351328

Processando lote de 100 itens (ID 351341 a 351639)...
✅ Lote processado: 106 resultados inseridos/atualizados
📊 Total acumulado: 263135 resultados
🔖 Checkpoint salvo: último ID = 351639

Processando lote de 100 itens (ID 351640 a 351822)...
✅ Lote processado: 100 resultados inseridos/atualizados
📊 Total acumulado: 263235 resultados
🔖 Checkpoint salvo: último ID = 351822

Processando lote de 100 itens (ID 351828 a 351983)...
✅ Lote processado: 100 resultados inseridos/atualizados
📊 Total acumulado: 263335 resultados
🔖 Checkpoint salvo: último ID = 351983

Processando lote de 100 itens (ID 351984 a 352213)...
✅ Lote processado: 100 resultados inseridos/atualizados
📊 Total acumulado: 263435 resultados
🔖 Checkpoint salvo: último ID = 352213

Processando lote de 100 itens (ID 352215 a 352389)...
✅ Lote processado: 100 resultados inseridos/atualizados
📊 Total acumulado: 263535 resultados
🔖 Checkpoint salvo: último ID = 352389

Processando lote de 100 itens (ID 352394 a 352536)...
✅ Lote processado: 100 resultados inseridos/atualizados
📊 Total acumulado: 263635 resultados
🔖 Checkpoint salvo: último ID = 352536

Processando lote de 100 itens (ID 352537 a 352658)...
✅ Lote processado: 100 resultados inseridos/atualizados
📊 Total acumulado: 263735 resultados
🔖 Checkpoint salvo: último ID = 352658

Processando lote de 100 itens (ID 352659 a 352872)...
✅ Lote processado: 100 resultados inseridos/atualizados
📊 Total acumulado: 263835 resultados
🔖 Checkpoint salvo: último ID = 352872

Processando lote de 100 itens (ID 352873 a 353033)...
✅ Lote processado: 100 resultados inseridos/atualizados
📊 Total acumulado: 263935 resultados
🔖 Checkpoint salvo: último ID = 353033

Processando lote de 100 itens (ID 353038 a 353221)...
✅ Lote processado: 101 resultados inseridos/atualizados
📊 Total acumulado: 264036 resultados
🔖 Checkpoint salvo: último ID = 353221

Processando lote de 100 itens (ID 353222 a 353411)...
✅ Lote processado: 100 resultados inseridos/atualizados
📊 Total acumulado: 264136 resultados
🔖 Checkpoint salvo: último ID = 353411

Processando lote de 100 itens (ID 353416 a 353653)...
✅ Lote processado: 117 resultados inseridos/atualizados
📊 Total acumulado: 264253 resultados
🔖 Checkpoint salvo: último ID = 353653

Processando lote de 100 itens (ID 353654 a 353792)...
✅ Lote processado: 108 resultados inseridos/atualizados
📊 Total acumulado: 264361 resultados
🔖 Checkpoint salvo: último ID = 353792

Processando lote de 100 itens (ID 353793 a 353937)...
✅ Lote processado: 100 resultados inseridos/atualizados
📊 Total acumulado: 264461 resultados
🔖 Checkpoint salvo: último ID = 353937

Processando lote de 100 itens (ID 353940 a 354122)...
✅ Lote processado: 101 resultados inseridos/atualizados
📊 Total acumulado: 264562 resultados
🔖 Checkpoint salvo: último ID = 354122

Processando lote de 100 itens (ID 354124 a 354286)...
✅ Lote processado: 100 resultados inseridos/atualizados
📊 Total acumulado: 264662 resultados
🔖 Checkpoint salvo: último ID = 354286

Processando lote de 100 itens (ID 354287 a 354431)...
✅ Lote processado: 100 resultados inseridos/atualizados
📊 Total acumulado: 264762 resultados
🔖 Checkpoint salvo: último ID = 354431

Processando lote de 100 itens (ID 354432 a 354578)...
✅ Lote processado: 100 resultados inseridos/atualizados
📊 Total acumulado: 264862 resultados
🔖 Checkpoint salvo: último ID = 354578

Processando lote de 100 itens (ID 354579 a 354794)...
✅ Lote processado: 100 resultados inseridos/atualizados
📊 Total acumulado: 264962 resultados
🔖 Checkpoint salvo: último ID = 354794

Processando lote de 100 itens (ID 354796 a 354939)...
✅ Lote processado: 100 resultados inseridos/atualizados
📊 Total acumulado: 265062 resultados
🔖 Checkpoint salvo: último ID = 354939

Processando lote de 100 itens (ID 354940 a 355094)...
✅ Lote processado: 100 resultados inseridos/atualizados
📊 Total acumulado: 265162 resultados
🔖 Checkpoint salvo: último ID = 355094

Processando lote de 100 itens (ID 355095 a 355275)...
✅ Lote processado: 100 resultados inseridos/atualizados
📊 Total acumulado: 265262 resultados
🔖 Checkpoint salvo: último ID = 355275

Processando lote de 100 itens (ID 355278 a 355450)...
✅ Lote processado: 100 resultados inseridos/atualizados
📊 Total acumulado: 265362 resultados
🔖 Checkpoint salvo: último ID = 355450

Processando lote de 100 itens (ID 355451 a 355561)...
✅ Lote processado: 100 resultados inseridos/atualizados
📊 Total acumulado: 265462 resultados
🔖 Checkpoint salvo: último ID = 355561

Processando lote de 100 itens (ID 355562 a 355695)...
✅ Lote processado: 100 resultados inseridos/atualizados
📊 Total acumulado: 265562 resultados
🔖 Checkpoint salvo: último ID = 355695

Processando lote de 100 itens (ID 355696 a 355829)...
✅ Lote processado: 100 resultados inseridos/atualizados
📊 Total acumulado: 265662 resultados
🔖 Checkpoint salvo: último ID = 355829

Processando lote de 100 itens (ID 355830 a 355978)...
✅ Lote processado: 100 resultados inseridos/atualizados
📊 Total acumulado: 265762 resultados
🔖 Checkpoint salvo: último ID = 355978

Processando lote de 100 itens (ID 355979 a 356161)...
✅ Lote processado: 100 resultados inseridos/atualizados
📊 Total acumulado: 265862 resultados
🔖 Checkpoint salvo: último ID = 356161

Processando lote de 100 itens (ID 356162 a 356352)...
✅ Lote processado: 103 resultados inseridos/atualizados
📊 Total acumulado: 265965 resultados
🔖 Checkpoint salvo: último ID = 356352

Processando lote de 100 itens (ID 356353 a 356599)...
✅ Lote processado: 100 resultados inseridos/atualizados
📊 Total acumulado: 266065 resultados
🔖 Checkpoint salvo: último ID = 356599

Processando lote de 100 itens (ID 356600 a 357022)...
✅ Lote processado: 100 resultados inseridos/atualizados
📊 Total acumulado: 266165 resultados
🔖 Checkpoint salvo: último ID = 357022

Processando lote de 100 itens (ID 357024 a 357310)...
✅ Lote processado: 102 resultados inseridos/atualizados
📊 Total acumulado: 266267 resultados
🔖 Checkpoint salvo: último ID = 357310

Processando lote de 100 itens (ID 357311 a 357716)...
✅ Lote processado: 100 resultados inseridos/atualizados
📊 Total acumulado: 266367 resultados
🔖 Checkpoint salvo: último ID = 357716

Processando lote de 100 itens (ID 357718 a 357962)...
✅ Lote processado: 140 resultados inseridos/atualizados
📊 Total acumulado: 266507 resultados
🔖 Checkpoint salvo: último ID = 357962

Processando lote de 100 itens (ID 357964 a 358233)...
✅ Lote processado: 104 resultados inseridos/atualizados
📊 Total acumulado: 266611 resultados
🔖 Checkpoint salvo: último ID = 358233

Processando lote de 100 itens (ID 358238 a 358373)...
✅ Lote processado: 100 resultados inseridos/atualizados
📊 Total acumulado: 266711 resultados
🔖 Checkpoint salvo: último ID = 358373

Processando lote de 100 itens (ID 358374 a 358567)...
✅ Lote processado: 100 resultados inseridos/atualizados
📊 Total acumulado: 266811 resultados
🔖 Checkpoint salvo: último ID = 358567

Processando lote de 100 itens (ID 358568 a 358708)...
✅ Lote processado: 100 resultados inseridos/atualizados
📊 Total acumulado: 266911 resultados
🔖 Checkpoint salvo: último ID = 358708

Processando lote de 100 itens (ID 358709 a 358972)...
✅ Lote processado: 101 resultados inseridos/atualizados
📊 Total acumulado: 267012 resultados
🔖 Checkpoint salvo: último ID = 358972

Processando lote de 100 itens (ID 358974 a 359182)...
✅ Lote processado: 100 resultados inseridos/atualizados
📊 Total acumulado: 267112 resultados
🔖 Checkpoint salvo: último ID = 359182

Processando lote de 100 itens (ID 359184 a 359451)...
✅ Lote processado: 100 resultados inseridos/atualizados
📊 Total acumulado: 267212 resultados
🔖 Checkpoint salvo: último ID = 359451

Processando lote de 100 itens (ID 359452 a 359677)...
✅ Lote processado: 100 resultados inseridos/atualizados
📊 Total acumulado: 267312 resultados
🔖 Checkpoint salvo: último ID = 359677

Processando lote de 100 itens (ID 359678 a 359876)...
✅ Lote processado: 100 resultados inseridos/atualizados
📊 Total acumulado: 267412 resultados
🔖 Checkpoint salvo: último ID = 359876

Processando lote de 100 itens (ID 359877 a 360022)...
✅ Lote processado: 101 resultados inseridos/atualizados
📊 Total acumulado: 267513 resultados
🔖 Checkpoint salvo: último ID = 360022

Processando lote de 100 itens (ID 360023 a 360484)...
✅ Lote processado: 100 resultados inseridos/atualizados
📊 Total acumulado: 267613 resultados
🔖 Checkpoint salvo: último ID = 360484

Processando lote de 100 itens (ID 360485 a 363602)...
✅ Lote processado: 100 resultados inseridos/atualizados
📊 Total acumulado: 267713 resultados
🔖 Checkpoint salvo: último ID = 363602

Processando lote de 100 itens (ID 363603 a 363747)...
✅ Lote processado: 100 resultados inseridos/atualizados
📊 Total acumulado: 267813 resultados
🔖 Checkpoint salvo: último ID = 363747

Processando lote de 100 itens (ID 363753 a 363942)...
✅ Lote processado: 155 resultados inseridos/atualizados
📊 Total acumulado: 267968 resultados
🔖 Checkpoint salvo: último ID = 363942

Processando lote de 100 itens (ID 363943 a 364042)...
✅ Lote processado: 100 resultados inseridos/atualizados
📊 Total acumulado: 268068 resultados
🔖 Checkpoint salvo: último ID = 364042

Processando lote de 100 itens (ID 364043 a 364155)...
✅ Lote processado: 100 resultados inseridos/atualizados
📊 Total acumulado: 268168 resultados
🔖 Checkpoint salvo: último ID = 364155

Processando lote de 100 itens (ID 364156 a 365379)...
✅ Lote processado: 100 resultados inseridos/atualizados
📊 Total acumulado: 268268 resultados
🔖 Checkpoint salvo: último ID = 365379

Processando lote de 100 itens (ID 365381 a 365491)...
✅ Lote processado: 100 resultados inseridos/atualizados
📊 Total acumulado: 268368 resultados
🔖 Checkpoint salvo: último ID = 365491

Processando lote de 100 itens (ID 365492 a 365591)...
✅ Lote processado: 100 resultados inseridos/atualizados
📊 Total acumulado: 268468 resultados
🔖 Checkpoint salvo: último ID = 365591

Processando lote de 100 itens (ID 365592 a 365691)...
✅ Lote processado: 100 resultados inseridos/atualizados
📊 Total acumulado: 268568 resultados
🔖 Checkpoint salvo: último ID = 365691

Processando lote de 100 itens (ID 365692 a 365797)...
✅ Lote processado: 100 resultados inseridos/atualizados
📊 Total acumulado: 268668 resultados
🔖 Checkpoint salvo: último ID = 365797

Processando lote de 100 itens (ID 365798 a 365897)...
✅ Lote processado: 100 resultados inseridos/atualizados
📊 Total acumulado: 268768 resultados
🔖 Checkpoint salvo: último ID = 365897

Processando lote de 100 itens (ID 365898 a 366029)...
✅ Lote processado: 100 resultados inseridos/atualizados
📊 Total acumulado: 268868 resultados
🔖 Checkpoint salvo: último ID = 366029

Processando lote de 100 itens (ID 366032 a 366210)...
✅ Lote processado: 100 resultados inseridos/atualizados
📊 Total acumulado: 268968 resultados
🔖 Checkpoint salvo: último ID = 366210

Processando lote de 100 itens (ID 366211 a 369610)...
✅ Lote processado: 100 resultados inseridos/atualizados
📊 Total acumulado: 269068 resultados
🔖 Checkpoint salvo: último ID = 369610

Processando lote de 100 itens (ID 369611 a 369712)...
✅ Lote processado: 100 resultados inseridos/atualizados
📊 Total acumulado: 269168 resultados
🔖 Checkpoint salvo: último ID = 369712

Processando lote de 100 itens (ID 369713 a 369827)...
✅ Lote processado: 100 resultados inseridos/atualizados
📊 Total acumulado: 269268 resultados
🔖 Checkpoint salvo: último ID = 369827

Processando lote de 100 itens (ID 369828 a 370491)...
✅ Lote processado: 100 resultados inseridos/atualizados
📊 Total acumulado: 269368 resultados
🔖 Checkpoint salvo: último ID = 370491

Processando lote de 100 itens (ID 370492 a 370624)...
✅ Lote processado: 100 resultados inseridos/atualizados
📊 Total acumulado: 269468 resultados
🔖 Checkpoint salvo: último ID = 370624

Processando lote de 100 itens (ID 370625 a 370790)...
✅ Lote processado: 100 resultados inseridos/atualizados
📊 Total acumulado: 269568 resultados
🔖 Checkpoint salvo: último ID = 370790

Processando lote de 100 itens (ID 370791 a 370903)...
✅ Lote processado: 100 resultados inseridos/atualizados
📊 Total acumulado: 269668 resultados
🔖 Checkpoint salvo: último ID = 370903

Processando lote de 100 itens (ID 370904 a 371030)...
✅ Lote processado: 100 resultados inseridos/atualizados
📊 Total acumulado: 269768 resultados
🔖 Checkpoint salvo: último ID = 371030

Processando lote de 100 itens (ID 371031 a 371163)...
✅ Lote processado: 100 resultados inseridos/atualizados
📊 Total acumulado: 269868 resultados
🔖 Checkpoint salvo: último ID = 371163

Processando lote de 100 itens (ID 371164 a 371298)...
✅ Lote processado: 100 resultados inseridos/atualizados
📊 Total acumulado: 269968 resultados
🔖 Checkpoint salvo: último ID = 371298

Processando lote de 100 itens (ID 371299 a 371433)...
✅ Lote processado: 100 resultados inseridos/atualizados
📊 Total acumulado: 270068 resultados
🔖 Checkpoint salvo: último ID = 371433

Processando lote de 100 itens (ID 371435 a 371551)...
✅ Lote processado: 100 resultados inseridos/atualizados
📊 Total acumulado: 270168 resultados
🔖 Checkpoint salvo: último ID = 371551

Processando lote de 100 itens (ID 371552 a 371651)...
✅ Lote processado: 100 resultados inseridos/atualizados
📊 Total acumulado: 270268 resultados
🔖 Checkpoint salvo: último ID = 371651

Processando lote de 100 itens (ID 371652 a 371751)...
✅ Lote processado: 100 resultados inseridos/atualizados
📊 Total acumulado: 270368 resultados
🔖 Checkpoint salvo: último ID = 371751

Processando lote de 100 itens (ID 371752 a 371901)...
✅ Lote processado: 100 resultados inseridos/atualizados
📊 Total acumulado: 270468 resultados
🔖 Checkpoint salvo: último ID = 371901

Processando lote de 100 itens (ID 371902 a 372114)...
✅ Lote processado: 100 resultados inseridos/atualizados
📊 Total acumulado: 270568 resultados
🔖 Checkpoint salvo: último ID = 372114

Processando lote de 100 itens (ID 372115 a 372217)...
✅ Lote processado: 100 resultados inseridos/atualizados
📊 Total acumulado: 270668 resultados
🔖 Checkpoint salvo: último ID = 372217

Processando lote de 100 itens (ID 372218 a 372373)...
✅ Lote processado: 100 resultados inseridos/atualizados
📊 Total acumulado: 270768 resultados
🔖 Checkpoint salvo: último ID = 372373

Processando lote de 100 itens (ID 372378 a 372568)...
✅ Lote processado: 100 resultados inseridos/atualizados
📊 Total acumulado: 270868 resultados
🔖 Checkpoint salvo: último ID = 372568

Processando lote de 100 itens (ID 372569 a 372668)...
✅ Lote processado: 100 resultados inseridos/atualizados
📊 Total acumulado: 270968 resultados
🔖 Checkpoint salvo: último ID = 372668

Processando lote de 100 itens (ID 372669 a 372869)...
✅ Lote processado: 100 resultados inseridos/atualizados
📊 Total acumulado: 271068 resultados
🔖 Checkpoint salvo: último ID = 372869

Processando lote de 100 itens (ID 372870 a 373002)...
✅ Lote processado: 100 resultados inseridos/atualizados
📊 Total acumulado: 271168 resultados
🔖 Checkpoint salvo: último ID = 373002

Processando lote de 100 itens (ID 373003 a 373102)...
✅ Lote processado: 100 resultados inseridos/atualizados
📊 Total acumulado: 271268 resultados
🔖 Checkpoint salvo: último ID = 373102

Processando lote de 100 itens (ID 373103 a 373202)...
✅ Lote processado: 100 resultados inseridos/atualizados
📊 Total acumulado: 271368 resultados
🔖 Checkpoint salvo: último ID = 373202

Processando lote de 100 itens (ID 373203 a 373302)...
✅ Lote processado: 100 resultados inseridos/atualizados
📊 Total acumulado: 271468 resultados
🔖 Checkpoint salvo: último ID = 373302

Processando lote de 100 itens (ID 373303 a 373402)...
✅ Lote processado: 100 resultados inseridos/atualizados
📊 Total acumulado: 271568 resultados
🔖 Checkpoint salvo: último ID = 373402

Processando lote de 100 itens (ID 373403 a 373509)...
✅ Lote processado: 100 resultados inseridos/atualizados
📊 Total acumulado: 271668 resultados
🔖 Checkpoint salvo: último ID = 373509

Processando lote de 100 itens (ID 373510 a 373609)...
✅ Lote processado: 100 resultados inseridos/atualizados
📊 Total acumulado: 271768 resultados
🔖 Checkpoint salvo: último ID = 373609

Processando lote de 100 itens (ID 373610 a 373709)...
✅ Lote processado: 100 resultados inseridos/atualizados
📊 Total acumulado: 271868 resultados
🔖 Checkpoint salvo: último ID = 373709

Processando lote de 100 itens (ID 373710 a 373809)...
✅ Lote processado: 100 resultados inseridos/atualizados
📊 Total acumulado: 271968 resultados
🔖 Checkpoint salvo: último ID = 373809

Processando lote de 100 itens (ID 373810 a 373909)...
✅ Lote processado: 100 resultados inseridos/atualizados
📊 Total acumulado: 272068 resultados
🔖 Checkpoint salvo: último ID = 373909

Processando lote de 100 itens (ID 373910 a 374025)...
✅ Lote processado: 100 resultados inseridos/atualizados
📊 Total acumulado: 272168 resultados
🔖 Checkpoint salvo: último ID = 374025

Processando lote de 100 itens (ID 374027 a 374191)...
✅ Lote processado: 100 resultados inseridos/atualizados
📊 Total acumulado: 272268 resultados
🔖 Checkpoint salvo: último ID = 374191

Processando lote de 100 itens (ID 374192 a 374291)...
✅ Lote processado: 100 resultados inseridos/atualizados
📊 Total acumulado: 272368 resultados
🔖 Checkpoint salvo: último ID = 374291

Processando lote de 100 itens (ID 374292 a 374391)...
✅ Lote processado: 100 resultados inseridos/atualizados
📊 Total acumulado: 272468 resultados
🔖 Checkpoint salvo: último ID = 374391

Processando lote de 100 itens (ID 374392 a 374491)...
✅ Lote processado: 100 resultados inseridos/atualizados
📊 Total acumulado: 272568 resultados
🔖 Checkpoint salvo: último ID = 374491

Processando lote de 100 itens (ID 374492 a 374591)...
✅ Lote processado: 100 resultados inseridos/atualizados
📊 Total acumulado: 272668 resultados
🔖 Checkpoint salvo: último ID = 374591

Processando lote de 100 itens (ID 374592 a 374808)...
✅ Lote processado: 100 resultados inseridos/atualizados
📊 Total acumulado: 272768 resultados
🔖 Checkpoint salvo: último ID = 374808

Processando lote de 100 itens (ID 374809 a 374908)...
✅ Lote processado: 100 resultados inseridos/atualizados
📊 Total acumulado: 272868 resultados
🔖 Checkpoint salvo: último ID = 374908

Processando lote de 100 itens (ID 374909 a 375008)...
✅ Lote processado: 100 resultados inseridos/atualizados
📊 Total acumulado: 272968 resultados
🔖 Checkpoint salvo: último ID = 375008

Processando lote de 100 itens (ID 375009 a 375123)...
✅ Lote processado: 100 resultados inseridos/atualizados
📊 Total acumulado: 273068 resultados
🔖 Checkpoint salvo: último ID = 375123

Processando lote de 100 itens (ID 375124 a 375223)...
✅ Lote processado: 100 resultados inseridos/atualizados
📊 Total acumulado: 273168 resultados
🔖 Checkpoint salvo: último ID = 375223

Processando lote de 100 itens (ID 375224 a 375445)...
✅ Lote processado: 100 resultados inseridos/atualizados
📊 Total acumulado: 273268 resultados
🔖 Checkpoint salvo: último ID = 375445

Processando lote de 100 itens (ID 375446 a 375545)...
✅ Lote processado: 100 resultados inseridos/atualizados
📊 Total acumulado: 273368 resultados
🔖 Checkpoint salvo: último ID = 375545

Processando lote de 100 itens (ID 375546 a 375652)...
✅ Lote processado: 100 resultados inseridos/atualizados
📊 Total acumulado: 273468 resultados
🔖 Checkpoint salvo: último ID = 375652

Processando lote de 100 itens (ID 375653 a 375758)...
✅ Lote processado: 100 resultados inseridos/atualizados
📊 Total acumulado: 273568 resultados
🔖 Checkpoint salvo: último ID = 375758

Processando lote de 100 itens (ID 375759 a 379529)...
✅ Lote processado: 100 resultados inseridos/atualizados
📊 Total acumulado: 273668 resultados
🔖 Checkpoint salvo: último ID = 379529

Processando lote de 100 itens (ID 379533 a 379840)...
✅ Lote processado: 100 resultados inseridos/atualizados
📊 Total acumulado: 273768 resultados
🔖 Checkpoint salvo: último ID = 379840

Processando lote de 100 itens (ID 379841 a 380265)...
✅ Lote processado: 100 resultados inseridos/atualizados
📊 Total acumulado: 273868 resultados
🔖 Checkpoint salvo: último ID = 380265

Processando lote de 100 itens (ID 380266 a 380494)...
✅ Lote processado: 100 resultados inseridos/atualizados
📊 Total acumulado: 273968 resultados
🔖 Checkpoint salvo: último ID = 380494

Processando lote de 100 itens (ID 380495 a 380719)...
✅ Lote processado: 100 resultados inseridos/atualizados
📊 Total acumulado: 274068 resultados
🔖 Checkpoint salvo: último ID = 380719

Processando lote de 100 itens (ID 380721 a 380955)...
✅ Lote processado: 100 resultados inseridos/atualizados
📊 Total acumulado: 274168 resultados
🔖 Checkpoint salvo: último ID = 380955

Processando lote de 100 itens (ID 380958 a 381074)...
✅ Lote processado: 100 resultados inseridos/atualizados
📊 Total acumulado: 274268 resultados
🔖 Checkpoint salvo: último ID = 381074

Processando lote de 100 itens (ID 381075 a 381183)...
✅ Lote processado: 100 resultados inseridos/atualizados
📊 Total acumulado: 274368 resultados
🔖 Checkpoint salvo: último ID = 381183

Processando lote de 100 itens (ID 381184 a 381292)...
✅ Lote processado: 100 resultados inseridos/atualizados
📊 Total acumulado: 274468 resultados
🔖 Checkpoint salvo: último ID = 381292

Processando lote de 100 itens (ID 381293 a 381444)...
✅ Lote processado: 100 resultados inseridos/atualizados
📊 Total acumulado: 274568 resultados
🔖 Checkpoint salvo: último ID = 381444

Processando lote de 100 itens (ID 381445 a 381828)...
✅ Lote processado: 100 resultados inseridos/atualizados
📊 Total acumulado: 274668 resultados
🔖 Checkpoint salvo: último ID = 381828

Processando lote de 100 itens (ID 381829 a 381984)...
✅ Lote processado: 100 resultados inseridos/atualizados
📊 Total acumulado: 274768 resultados
🔖 Checkpoint salvo: último ID = 381984

Processando lote de 100 itens (ID 381985 a 382109)...
✅ Lote processado: 100 resultados inseridos/atualizados
📊 Total acumulado: 274868 resultados
🔖 Checkpoint salvo: último ID = 382109

Processando lote de 100 itens (ID 382110 a 382313)...
✅ Lote processado: 100 resultados inseridos/atualizados
📊 Total acumulado: 274968 resultados
🔖 Checkpoint salvo: último ID = 382313

Processando lote de 100 itens (ID 382314 a 382653)...
✅ Lote processado: 102 resultados inseridos/atualizados
📊 Total acumulado: 275070 resultados
🔖 Checkpoint salvo: último ID = 382653

Processando lote de 100 itens (ID 382654 a 382759)...
✅ Lote processado: 146 resultados inseridos/atualizados
📊 Total acumulado: 275216 resultados
🔖 Checkpoint salvo: último ID = 382759

Processando lote de 100 itens (ID 382760 a 382873)...
✅ Lote processado: 134 resultados inseridos/atualizados
📊 Total acumulado: 275350 resultados
🔖 Checkpoint salvo: último ID = 382873

Processando lote de 100 itens (ID 382874 a 383017)...
✅ Lote processado: 176 resultados inseridos/atualizados
📊 Total acumulado: 275526 resultados
🔖 Checkpoint salvo: último ID = 383017

Processando lote de 100 itens (ID 383018 a 383123)...
✅ Lote processado: 143 resultados inseridos/atualizados
📊 Total acumulado: 275669 resultados
🔖 Checkpoint salvo: último ID = 383123

Processando lote de 100 itens (ID 383127 a 383287)...
✅ Lote processado: 109 resultados inseridos/atualizados
📊 Total acumulado: 275778 resultados
🔖 Checkpoint salvo: último ID = 383287

Processando lote de 100 itens (ID 383288 a 383489)...
✅ Lote processado: 100 resultados inseridos/atualizados
📊 Total acumulado: 275878 resultados
🔖 Checkpoint salvo: último ID = 383489

Processando lote de 100 itens (ID 383490 a 383642)...
✅ Lote processado: 100 resultados inseridos/atualizados
📊 Total acumulado: 275978 resultados
🔖 Checkpoint salvo: último ID = 383642

Processando lote de 100 itens (ID 383643 a 383742)...
✅ Lote processado: 100 resultados inseridos/atualizados
📊 Total acumulado: 276078 resultados
🔖 Checkpoint salvo: último ID = 383742

Processando lote de 100 itens (ID 383743 a 383842)...
✅ Lote processado: 100 resultados inseridos/atualizados
📊 Total acumulado: 276178 resultados
🔖 Checkpoint salvo: último ID = 383842

Processando lote de 100 itens (ID 383843 a 384472)...
✅ Lote processado: 100 resultados inseridos/atualizados
📊 Total acumulado: 276278 resultados
🔖 Checkpoint salvo: último ID = 384472

Processando lote de 100 itens (ID 384474 a 384671)...
✅ Lote processado: 100 resultados inseridos/atualizados
📊 Total acumulado: 276378 resultados
🔖 Checkpoint salvo: último ID = 384671

Processando lote de 100 itens (ID 384673 a 384856)...
✅ Lote processado: 100 resultados inseridos/atualizados
📊 Total acumulado: 276478 resultados
🔖 Checkpoint salvo: último ID = 384856

Processando lote de 100 itens (ID 384857 a 384980)...
✅ Lote processado: 100 resultados inseridos/atualizados
📊 Total acumulado: 276578 resultados
🔖 Checkpoint salvo: último ID = 384980

Processando lote de 100 itens (ID 384984 a 385187)...
✅ Lote processado: 100 resultados inseridos/atualizados
📊 Total acumulado: 276678 resultados
🔖 Checkpoint salvo: último ID = 385187

Processando lote de 100 itens (ID 385188 a 385347)...
✅ Lote processado: 100 resultados inseridos/atualizados
📊 Total acumulado: 276778 resultados
🔖 Checkpoint salvo: último ID = 385347

Processando lote de 100 itens (ID 385348 a 385556)...
✅ Lote processado: 100 resultados inseridos/atualizados
📊 Total acumulado: 276878 resultados
🔖 Checkpoint salvo: último ID = 385556

Processando lote de 100 itens (ID 385558 a 385763)...
✅ Lote processado: 100 resultados inseridos/atualizados
📊 Total acumulado: 276978 resultados
🔖 Checkpoint salvo: último ID = 385763

Processando lote de 100 itens (ID 385764 a 385869)...
✅ Lote processado: 100 resultados inseridos/atualizados
📊 Total acumulado: 277078 resultados
🔖 Checkpoint salvo: último ID = 385869

Processando lote de 100 itens (ID 385870 a 385978)...
✅ Lote processado: 100 resultados inseridos/atualizados
📊 Total acumulado: 277178 resultados
🔖 Checkpoint salvo: último ID = 385978

Processando lote de 100 itens (ID 385979 a 386083)...
✅ Lote processado: 100 resultados inseridos/atualizados
📊 Total acumulado: 277278 resultados
🔖 Checkpoint salvo: último ID = 386083

Processando lote de 100 itens (ID 386084 a 386200)...
✅ Lote processado: 100 resultados inseridos/atualizados
📊 Total acumulado: 277378 resultados
🔖 Checkpoint salvo: último ID = 386200

Processando lote de 100 itens (ID 386201 a 386300)...
✅ Lote processado: 100 resultados inseridos/atualizados
📊 Total acumulado: 277478 resultados
🔖 Checkpoint salvo: último ID = 386300

Processando lote de 100 itens (ID 386301 a 386400)...
✅ Lote processado: 100 resultados inseridos/atualizados
📊 Total acumulado: 277578 resultados
🔖 Checkpoint salvo: último ID = 386400

Processando lote de 100 itens (ID 386401 a 386500)...
✅ Lote processado: 100 resultados inseridos/atualizados
📊 Total acumulado: 277678 resultados
🔖 Checkpoint salvo: último ID = 386500

Processando lote de 100 itens (ID 386501 a 386646)...
✅ Lote processado: 100 resultados inseridos/atualizados
📊 Total acumulado: 277778 resultados
🔖 Checkpoint salvo: último ID = 386646

Processando lote de 100 itens (ID 386647 a 386785)...
✅ Lote processado: 103 resultados inseridos/atualizados
📊 Total acumulado: 277881 resultados
🔖 Checkpoint salvo: último ID = 386785

Processando lote de 100 itens (ID 386789 a 386907)...
✅ Lote processado: 100 resultados inseridos/atualizados
📊 Total acumulado: 277981 resultados
🔖 Checkpoint salvo: último ID = 386907

Processando lote de 100 itens (ID 386908 a 387007)...
✅ Lote processado: 100 resultados inseridos/atualizados
📊 Total acumulado: 278081 resultados
🔖 Checkpoint salvo: último ID = 387007

Processando lote de 100 itens (ID 387008 a 387109)...
✅ Lote processado: 100 resultados inseridos/atualizados
📊 Total acumulado: 278181 resultados
🔖 Checkpoint salvo: último ID = 387109

Processando lote de 100 itens (ID 387110 a 387278)...
✅ Lote processado: 100 resultados inseridos/atualizados
📊 Total acumulado: 278281 resultados
🔖 Checkpoint salvo: último ID = 387278

Processando lote de 100 itens (ID 387279 a 387392)...
✅ Lote processado: 103 resultados inseridos/atualizados
📊 Total acumulado: 278384 resultados
🔖 Checkpoint salvo: último ID = 387392

Processando lote de 100 itens (ID 387395 a 387519)...
✅ Lote processado: 199 resultados inseridos/atualizados
📊 Total acumulado: 278583 resultados
🔖 Checkpoint salvo: último ID = 387519

Processando lote de 100 itens (ID 387520 a 387620)...
✅ Lote processado: 420 resultados inseridos/atualizados
📊 Total acumulado: 279003 resultados
🔖 Checkpoint salvo: último ID = 387620

Processando lote de 100 itens (ID 387621 a 387956)...
✅ Lote processado: 446 resultados inseridos/atualizados
📊 Total acumulado: 279449 resultados
🔖 Checkpoint salvo: último ID = 387956

Processando lote de 100 itens (ID 387957 a 388189)...
✅ Lote processado: 149 resultados inseridos/atualizados
📊 Total acumulado: 279598 resultados
🔖 Checkpoint salvo: último ID = 388189

Processando lote de 100 itens (ID 388192 a 388443)...
✅ Lote processado: 100 resultados inseridos/atualizados
📊 Total acumulado: 279698 resultados
🔖 Checkpoint salvo: último ID = 388443

Processando lote de 100 itens (ID 388444 a 388659)...
✅ Lote processado: 100 resultados inseridos/atualizados
📊 Total acumulado: 279798 resultados
🔖 Checkpoint salvo: último ID = 388659

Processando lote de 100 itens (ID 388661 a 388886)...
✅ Lote processado: 100 resultados inseridos/atualizados
📊 Total acumulado: 279898 resultados
🔖 Checkpoint salvo: último ID = 388886

Processando lote de 100 itens (ID 388888 a 389017)...
✅ Lote processado: 100 resultados inseridos/atualizados
📊 Total acumulado: 279998 resultados
🔖 Checkpoint salvo: último ID = 389017

Processando lote de 100 itens (ID 389018 a 389153)...
✅ Lote processado: 100 resultados inseridos/atualizados
📊 Total acumulado: 280098 resultados
🔖 Checkpoint salvo: último ID = 389153

Processando lote de 100 itens (ID 389154 a 389253)...
✅ Lote processado: 100 resultados inseridos/atualizados
📊 Total acumulado: 280198 resultados
🔖 Checkpoint salvo: último ID = 389253

Processando lote de 100 itens (ID 389254 a 389412)...
✅ Lote processado: 100 resultados inseridos/atualizados
📊 Total acumulado: 280298 resultados
🔖 Checkpoint salvo: último ID = 389412

Processando lote de 100 itens (ID 389413 a 389585)...
✅ Lote processado: 100 resultados inseridos/atualizados
📊 Total acumulado: 280398 resultados
🔖 Checkpoint salvo: último ID = 389585

Processando lote de 100 itens (ID 389586 a 390452)...
✅ Lote processado: 100 resultados inseridos/atualizados
📊 Total acumulado: 280498 resultados
🔖 Checkpoint salvo: último ID = 390452

Processando lote de 100 itens (ID 390453 a 390596)...
✅ Lote processado: 100 resultados inseridos/atualizados
📊 Total acumulado: 280598 resultados
🔖 Checkpoint salvo: último ID = 390596

Processando lote de 100 itens (ID 390597 a 390696)...
✅ Lote processado: 100 resultados inseridos/atualizados
📊 Total acumulado: 280698 resultados
🔖 Checkpoint salvo: último ID = 390696

Processando lote de 100 itens (ID 390697 a 390796)...
✅ Lote processado: 100 resultados inseridos/atualizados
📊 Total acumulado: 280798 resultados
🔖 Checkpoint salvo: último ID = 390796

Processando lote de 100 itens (ID 390797 a 390927)...
✅ Lote processado: 100 resultados inseridos/atualizados
📊 Total acumulado: 280898 resultados
🔖 Checkpoint salvo: último ID = 390927

Processando lote de 100 itens (ID 390928 a 391027)...
✅ Lote processado: 100 resultados inseridos/atualizados
📊 Total acumulado: 280998 resultados
🔖 Checkpoint salvo: último ID = 391027

Processando lote de 100 itens (ID 391028 a 391127)...
✅ Lote processado: 100 resultados inseridos/atualizados
📊 Total acumulado: 281098 resultados
🔖 Checkpoint salvo: último ID = 391127

Processando lote de 100 itens (ID 391128 a 391239)...
✅ Lote processado: 100 resultados inseridos/atualizados
📊 Total acumulado: 281198 resultados
🔖 Checkpoint salvo: último ID = 391239

Processando lote de 100 itens (ID 391240 a 391339)...
✅ Lote processado: 100 resultados inseridos/atualizados
📊 Total acumulado: 281298 resultados
🔖 Checkpoint salvo: último ID = 391339

Processando lote de 100 itens (ID 391340 a 391490)...
✅ Lote processado: 100 resultados inseridos/atualizados
📊 Total acumulado: 281398 resultados
🔖 Checkpoint salvo: último ID = 391490

Processando lote de 100 itens (ID 391491 a 391633)...
✅ Lote processado: 100 resultados inseridos/atualizados
📊 Total acumulado: 281498 resultados
🔖 Checkpoint salvo: último ID = 391633

Processando lote de 100 itens (ID 391634 a 392634)...
✅ Lote processado: 100 resultados inseridos/atualizados
📊 Total acumulado: 281598 resultados
🔖 Checkpoint salvo: último ID = 392634

Processando lote de 100 itens (ID 392636 a 392764)...
✅ Lote processado: 100 resultados inseridos/atualizados
📊 Total acumulado: 281698 resultados
🔖 Checkpoint salvo: último ID = 392764

Processando lote de 100 itens (ID 392765 a 392948)...
✅ Lote processado: 100 resultados inseridos/atualizados
📊 Total acumulado: 281798 resultados
🔖 Checkpoint salvo: último ID = 392948

Processando lote de 100 itens (ID 392949 a 393147)...
✅ Lote processado: 100 resultados inseridos/atualizados
📊 Total acumulado: 281898 resultados
🔖 Checkpoint salvo: último ID = 393147

Processando lote de 100 itens (ID 393149 a 393363)...
✅ Lote processado: 100 resultados inseridos/atualizados
📊 Total acumulado: 281998 resultados
🔖 Checkpoint salvo: último ID = 393363

Processando lote de 100 itens (ID 393365 a 393510)...
✅ Lote processado: 100 resultados inseridos/atualizados
📊 Total acumulado: 282098 resultados
🔖 Checkpoint salvo: último ID = 393510

Processando lote de 100 itens (ID 393511 a 393643)...
✅ Lote processado: 100 resultados inseridos/atualizados
📊 Total acumulado: 282198 resultados
🔖 Checkpoint salvo: último ID = 393643

Processando lote de 100 itens (ID 393644 a 393745)...
✅ Lote processado: 100 resultados inseridos/atualizados
📊 Total acumulado: 282298 resultados
🔖 Checkpoint salvo: último ID = 393745

Processando lote de 100 itens (ID 393746 a 393845)...
✅ Lote processado: 100 resultados inseridos/atualizados
📊 Total acumulado: 282398 resultados
🔖 Checkpoint salvo: último ID = 393845

Processando lote de 100 itens (ID 393846 a 394008)...
✅ Lote processado: 100 resultados inseridos/atualizados
📊 Total acumulado: 282498 resultados
🔖 Checkpoint salvo: último ID = 394008

Processando lote de 100 itens (ID 394009 a 394114)...
✅ Lote processado: 100 resultados inseridos/atualizados
📊 Total acumulado: 282598 resultados
🔖 Checkpoint salvo: último ID = 394114

Processando lote de 100 itens (ID 394115 a 394268)...
✅ Lote processado: 100 resultados inseridos/atualizados
📊 Total acumulado: 282698 resultados
🔖 Checkpoint salvo: último ID = 394268

Processando lote de 100 itens (ID 394269 a 394469)...
✅ Lote processado: 100 resultados inseridos/atualizados
📊 Total acumulado: 282798 resultados
🔖 Checkpoint salvo: último ID = 394469

Processando lote de 100 itens (ID 394473 a 394615)...
✅ Lote processado: 100 resultados inseridos/atualizados
📊 Total acumulado: 282898 resultados
🔖 Checkpoint salvo: último ID = 394615

Processando lote de 100 itens (ID 394616 a 394752)...
✅ Lote processado: 100 resultados inseridos/atualizados
📊 Total acumulado: 282998 resultados
🔖 Checkpoint salvo: último ID = 394752

Processando lote de 100 itens (ID 394753 a 394853)...
✅ Lote processado: 100 resultados inseridos/atualizados
📊 Total acumulado: 283098 resultados
🔖 Checkpoint salvo: último ID = 394853

Processando lote de 100 itens (ID 394854 a 394953)...
✅ Lote processado: 100 resultados inseridos/atualizados
📊 Total acumulado: 283198 resultados
🔖 Checkpoint salvo: último ID = 394953

Processando lote de 100 itens (ID 394954 a 395058)...
✅ Lote processado: 100 resultados inseridos/atualizados
📊 Total acumulado: 283298 resultados
🔖 Checkpoint salvo: último ID = 395058

Processando lote de 100 itens (ID 395059 a 395171)...
✅ Lote processado: 100 resultados inseridos/atualizados
📊 Total acumulado: 283398 resultados
🔖 Checkpoint salvo: último ID = 395171

Processando lote de 100 itens (ID 395172 a 395334)...
✅ Lote processado: 100 resultados inseridos/atualizados
📊 Total acumulado: 283498 resultados
🔖 Checkpoint salvo: último ID = 395334

Processando lote de 100 itens (ID 395335 a 395434)...
✅ Lote processado: 100 resultados inseridos/atualizados
📊 Total acumulado: 283598 resultados
🔖 Checkpoint salvo: último ID = 395434

Processando lote de 100 itens (ID 395435 a 395719)...
✅ Lote processado: 100 resultados inseridos/atualizados
📊 Total acumulado: 283698 resultados
🔖 Checkpoint salvo: último ID = 395719

Processando lote de 100 itens (ID 395720 a 395819)...
✅ Lote processado: 100 resultados inseridos/atualizados
📊 Total acumulado: 283798 resultados
🔖 Checkpoint salvo: último ID = 395819

Processando lote de 100 itens (ID 395820 a 395919)...
✅ Lote processado: 100 resultados inseridos/atualizados
📊 Total acumulado: 283898 resultados
🔖 Checkpoint salvo: último ID = 395919

Processando lote de 100 itens (ID 395920 a 396063)...
✅ Lote processado: 100 resultados inseridos/atualizados
📊 Total acumulado: 283998 resultados
🔖 Checkpoint salvo: último ID = 396063

Processando lote de 100 itens (ID 396064 a 396245)...
✅ Lote processado: 100 resultados inseridos/atualizados
📊 Total acumulado: 284098 resultados
🔖 Checkpoint salvo: último ID = 396245

Processando lote de 100 itens (ID 396246 a 396348)...
✅ Lote processado: 100 resultados inseridos/atualizados
📊 Total acumulado: 284198 resultados
🔖 Checkpoint salvo: último ID = 396348

Processando lote de 100 itens (ID 396349 a 396505)...
✅ Lote processado: 100 resultados inseridos/atualizados
📊 Total acumulado: 284298 resultados
🔖 Checkpoint salvo: último ID = 396505

Processando lote de 100 itens (ID 396507 a 396709)...
✅ Lote processado: 100 resultados inseridos/atualizados
📊 Total acumulado: 284398 resultados
🔖 Checkpoint salvo: último ID = 396709

Processando lote de 100 itens (ID 396711 a 396910)...
✅ Lote processado: 100 resultados inseridos/atualizados
📊 Total acumulado: 284498 resultados
🔖 Checkpoint salvo: último ID = 396910

Processando lote de 100 itens (ID 396911 a 397014)...
✅ Lote processado: 100 resultados inseridos/atualizados
📊 Total acumulado: 284598 resultados
🔖 Checkpoint salvo: último ID = 397014

Processando lote de 100 itens (ID 397015 a 397182)...
✅ Lote processado: 100 resultados inseridos/atualizados
📊 Total acumulado: 284698 resultados
🔖 Checkpoint salvo: último ID = 397182

Processando lote de 100 itens (ID 397183 a 397324)...
✅ Lote processado: 100 resultados inseridos/atualizados
📊 Total acumulado: 284798 resultados
🔖 Checkpoint salvo: último ID = 397324

Processando lote de 100 itens (ID 397325 a 397425)...
✅ Lote processado: 100 resultados inseridos/atualizados
📊 Total acumulado: 284898 resultados
🔖 Checkpoint salvo: último ID = 397425

Processando lote de 100 itens (ID 397426 a 397532)...
✅ Lote processado: 100 resultados inseridos/atualizados
📊 Total acumulado: 284998 resultados
🔖 Checkpoint salvo: último ID = 397532

Processando lote de 100 itens (ID 397533 a 397658)...
✅ Lote processado: 100 resultados inseridos/atualizados
📊 Total acumulado: 285098 resultados
🔖 Checkpoint salvo: último ID = 397658

Processando lote de 100 itens (ID 397661 a 397822)...
✅ Lote processado: 100 resultados inseridos/atualizados
📊 Total acumulado: 285198 resultados
🔖 Checkpoint salvo: último ID = 397822

Processando lote de 100 itens (ID 397823 a 397923)...
✅ Lote processado: 100 resultados inseridos/atualizados
📊 Total acumulado: 285298 resultados
🔖 Checkpoint salvo: último ID = 397923

Processando lote de 100 itens (ID 397924 a 398023)...
✅ Lote processado: 100 resultados inseridos/atualizados
📊 Total acumulado: 285398 resultados
🔖 Checkpoint salvo: último ID = 398023

Processando lote de 100 itens (ID 398024 a 398191)...
✅ Lote processado: 100 resultados inseridos/atualizados
📊 Total acumulado: 285498 resultados
🔖 Checkpoint salvo: último ID = 398191

Processando lote de 100 itens (ID 398193 a 398402)...
✅ Lote processado: 100 resultados inseridos/atualizados
📊 Total acumulado: 285598 resultados
🔖 Checkpoint salvo: último ID = 398402

Processando lote de 100 itens (ID 398403 a 398635)...
✅ Lote processado: 100 resultados inseridos/atualizados
📊 Total acumulado: 285698 resultados
🔖 Checkpoint salvo: último ID = 398635

Processando lote de 100 itens (ID 398638 a 398862)...
✅ Lote processado: 100 resultados inseridos/atualizados
📊 Total acumulado: 285798 resultados
🔖 Checkpoint salvo: último ID = 398862

Processando lote de 100 itens (ID 398865 a 399075)...
✅ Lote processado: 100 resultados inseridos/atualizados
📊 Total acumulado: 285898 resultados
🔖 Checkpoint salvo: último ID = 399075

Processando lote de 100 itens (ID 399076 a 399175)...
✅ Lote processado: 100 resultados inseridos/atualizados
📊 Total acumulado: 285998 resultados
🔖 Checkpoint salvo: último ID = 399175

Processando lote de 100 itens (ID 399176 a 399316)...
✅ Lote processado: 100 resultados inseridos/atualizados
📊 Total acumulado: 286098 resultados
🔖 Checkpoint salvo: último ID = 399316

Processando lote de 100 itens (ID 399317 a 399434)...
✅ Lote processado: 100 resultados inseridos/atualizados
📊 Total acumulado: 286198 resultados
🔖 Checkpoint salvo: último ID = 399434

Processando lote de 100 itens (ID 399435 a 399545)...
✅ Lote processado: 100 resultados inseridos/atualizados
📊 Total acumulado: 286298 resultados
🔖 Checkpoint salvo: último ID = 399545

Processando lote de 100 itens (ID 399546 a 399832)...
✅ Lote processado: 100 resultados inseridos/atualizados
📊 Total acumulado: 286398 resultados
🔖 Checkpoint salvo: último ID = 399832

Processando lote de 100 itens (ID 399833 a 399988)...
✅ Lote processado: 102 resultados inseridos/atualizados
📊 Total acumulado: 286500 resultados
🔖 Checkpoint salvo: último ID = 399988

Processando lote de 100 itens (ID 399989 a 400398)...
✅ Lote processado: 100 resultados inseridos/atualizados
📊 Total acumulado: 286600 resultados
🔖 Checkpoint salvo: último ID = 400398

Processando lote de 100 itens (ID 400399 a 400499)...
✅ Lote processado: 100 resultados inseridos/atualizados
📊 Total acumulado: 286700 resultados
🔖 Checkpoint salvo: último ID = 400499

Processando lote de 100 itens (ID 400500 a 400603)...
✅ Lote processado: 100 resultados inseridos/atualizados
📊 Total acumulado: 286800 resultados
🔖 Checkpoint salvo: último ID = 400603

Processando lote de 100 itens (ID 400604 a 400704)...
✅ Lote processado: 100 resultados inseridos/atualizados
📊 Total acumulado: 286900 resultados
🔖 Checkpoint salvo: último ID = 400704

Processando lote de 100 itens (ID 400705 a 400805)...
✅ Lote processado: 100 resultados inseridos/atualizados
📊 Total acumulado: 287000 resultados
🔖 Checkpoint salvo: último ID = 400805

Processando lote de 100 itens (ID 400806 a 400905)...
✅ Lote processado: 100 resultados inseridos/atualizados
📊 Total acumulado: 287100 resultados
🔖 Checkpoint salvo: último ID = 400905

Processando lote de 100 itens (ID 400906 a 401684)...
✅ Lote processado: 100 resultados inseridos/atualizados
📊 Total acumulado: 287200 resultados
🔖 Checkpoint salvo: último ID = 401684

Processando lote de 100 itens (ID 401685 a 401792)...
✅ Lote processado: 100 resultados inseridos/atualizados
📊 Total acumulado: 287300 resultados
🔖 Checkpoint salvo: último ID = 401792

Processando lote de 100 itens (ID 401793 a 401892)...
✅ Lote processado: 100 resultados inseridos/atualizados
📊 Total acumulado: 287400 resultados
🔖 Checkpoint salvo: último ID = 401892

Processando lote de 100 itens (ID 401893 a 402097)...
✅ Lote processado: 100 resultados inseridos/atualizados
📊 Total acumulado: 287500 resultados
🔖 Checkpoint salvo: último ID = 402097

Processando lote de 100 itens (ID 402098 a 402197)...
✅ Lote processado: 100 resultados inseridos/atualizados
📊 Total acumulado: 287600 resultados
🔖 Checkpoint salvo: último ID = 402197

Processando lote de 100 itens (ID 402198 a 402297)...
✅ Lote processado: 100 resultados inseridos/atualizados
📊 Total acumulado: 287700 resultados
🔖 Checkpoint salvo: último ID = 402297

Processando lote de 100 itens (ID 402298 a 402577)...
✅ Lote processado: 100 resultados inseridos/atualizados
📊 Total acumulado: 287800 resultados
🔖 Checkpoint salvo: último ID = 402577

Processando lote de 100 itens (ID 402578 a 402677)...
✅ Lote processado: 100 resultados inseridos/atualizados
📊 Total acumulado: 287900 resultados
🔖 Checkpoint salvo: último ID = 402677

Processando lote de 100 itens (ID 402678 a 402848)...
✅ Lote processado: 100 resultados inseridos/atualizados
📊 Total acumulado: 288000 resultados
🔖 Checkpoint salvo: último ID = 402848

Processando lote de 100 itens (ID 402850 a 403073)...
✅ Lote processado: 100 resultados inseridos/atualizados
📊 Total acumulado: 288100 resultados
🔖 Checkpoint salvo: último ID = 403073

Processando lote de 100 itens (ID 403075 a 403306)...
✅ Lote processado: 102 resultados inseridos/atualizados
📊 Total acumulado: 288202 resultados
🔖 Checkpoint salvo: último ID = 403306

Processando lote de 100 itens (ID 403307 a 403408)...
✅ Lote processado: 100 resultados inseridos/atualizados
📊 Total acumulado: 288302 resultados
🔖 Checkpoint salvo: último ID = 403408

Processando lote de 100 itens (ID 403409 a 403511)...
✅ Lote processado: 100 resultados inseridos/atualizados
📊 Total acumulado: 288402 resultados
🔖 Checkpoint salvo: último ID = 403511

Processando lote de 100 itens (ID 403512 a 403750)...
✅ Lote processado: 100 resultados inseridos/atualizados
📊 Total acumulado: 288502 resultados
🔖 Checkpoint salvo: último ID = 403750

Processando lote de 100 itens (ID 403751 a 403855)...
✅ Lote processado: 100 resultados inseridos/atualizados
📊 Total acumulado: 288602 resultados
🔖 Checkpoint salvo: último ID = 403855

Processando lote de 100 itens (ID 403856 a 403956)...
✅ Lote processado: 100 resultados inseridos/atualizados
📊 Total acumulado: 288702 resultados
🔖 Checkpoint salvo: último ID = 403956

Processando lote de 100 itens (ID 403957 a 404082)...
✅ Lote processado: 100 resultados inseridos/atualizados
📊 Total acumulado: 288802 resultados
🔖 Checkpoint salvo: último ID = 404082

Processando lote de 100 itens (ID 404083 a 404329)...
✅ Lote processado: 100 resultados inseridos/atualizados
📊 Total acumulado: 288902 resultados
🔖 Checkpoint salvo: último ID = 404329

Processando lote de 100 itens (ID 404330 a 404466)...
✅ Lote processado: 100 resultados inseridos/atualizados
📊 Total acumulado: 289002 resultados
🔖 Checkpoint salvo: último ID = 404466

Processando lote de 100 itens (ID 404467 a 404577)...
✅ Lote processado: 100 resultados inseridos/atualizados
📊 Total acumulado: 289102 resultados
🔖 Checkpoint salvo: último ID = 404577

Processando lote de 100 itens (ID 404578 a 404709)...
✅ Lote processado: 101 resultados inseridos/atualizados
📊 Total acumulado: 289203 resultados
🔖 Checkpoint salvo: último ID = 404709

Processando lote de 100 itens (ID 404710 a 404812)...
✅ Lote processado: 100 resultados inseridos/atualizados
📊 Total acumulado: 289303 resultados
🔖 Checkpoint salvo: último ID = 404812

Processando lote de 100 itens (ID 404813 a 404919)...
✅ Lote processado: 100 resultados inseridos/atualizados
📊 Total acumulado: 289403 resultados
🔖 Checkpoint salvo: último ID = 404919

Processando lote de 100 itens (ID 404920 a 405029)...
✅ Lote processado: 100 resultados inseridos/atualizados
📊 Total acumulado: 289503 resultados
🔖 Checkpoint salvo: último ID = 405029

Processando lote de 100 itens (ID 405030 a 405132)...
✅ Lote processado: 100 resultados inseridos/atualizados
📊 Total acumulado: 289603 resultados
🔖 Checkpoint salvo: último ID = 405132

Processando lote de 100 itens (ID 405133 a 405251)...
✅ Lote processado: 100 resultados inseridos/atualizados
📊 Total acumulado: 289703 resultados
🔖 Checkpoint salvo: último ID = 405251

Processando lote de 100 itens (ID 405252 a 405394)...
✅ Lote processado: 100 resultados inseridos/atualizados
📊 Total acumulado: 289803 resultados
🔖 Checkpoint salvo: último ID = 405394

Processando lote de 100 itens (ID 405396 a 405633)...
✅ Lote processado: 100 resultados inseridos/atualizados
📊 Total acumulado: 289903 resultados
🔖 Checkpoint salvo: último ID = 405633

Processando lote de 100 itens (ID 405634 a 405884)...
✅ Lote processado: 100 resultados inseridos/atualizados
📊 Total acumulado: 290003 resultados
🔖 Checkpoint salvo: último ID = 405884

Processando lote de 100 itens (ID 405885 a 406025)...
✅ Lote processado: 100 resultados inseridos/atualizados
📊 Total acumulado: 290103 resultados
🔖 Checkpoint salvo: último ID = 406025

Processando lote de 100 itens (ID 406026 a 406186)...
✅ Lote processado: 100 resultados inseridos/atualizados
📊 Total acumulado: 290203 resultados
🔖 Checkpoint salvo: último ID = 406186

Processando lote de 100 itens (ID 406188 a 406355)...
✅ Lote processado: 100 resultados inseridos/atualizados
📊 Total acumulado: 290303 resultados
🔖 Checkpoint salvo: último ID = 406355

Processando lote de 100 itens (ID 406356 a 406459)...
✅ Lote processado: 101 resultados inseridos/atualizados
📊 Total acumulado: 290404 resultados
🔖 Checkpoint salvo: último ID = 406459

Processando lote de 100 itens (ID 406461 a 406573)...
✅ Lote processado: 102 resultados inseridos/atualizados
📊 Total acumulado: 290506 resultados
🔖 Checkpoint salvo: último ID = 406573

Processando lote de 100 itens (ID 406575 a 406691)...
✅ Lote processado: 101 resultados inseridos/atualizados
📊 Total acumulado: 290607 resultados
🔖 Checkpoint salvo: último ID = 406691

Processando lote de 100 itens (ID 406692 a 406820)...
✅ Lote processado: 100 resultados inseridos/atualizados
📊 Total acumulado: 290707 resultados
🔖 Checkpoint salvo: último ID = 406820

Processando lote de 100 itens (ID 406821 a 407302)...
✅ Lote processado: 100 resultados inseridos/atualizados
📊 Total acumulado: 290807 resultados
🔖 Checkpoint salvo: último ID = 407302

Processando lote de 100 itens (ID 407303 a 408321)...
✅ Lote processado: 100 resultados inseridos/atualizados
📊 Total acumulado: 290907 resultados
🔖 Checkpoint salvo: último ID = 408321

Processando lote de 100 itens (ID 408322 a 408508)...
✅ Lote processado: 100 resultados inseridos/atualizados
📊 Total acumulado: 291007 resultados
🔖 Checkpoint salvo: último ID = 408508

Processando lote de 100 itens (ID 408511 a 408761)...
✅ Lote processado: 100 resultados inseridos/atualizados
📊 Total acumulado: 291107 resultados
🔖 Checkpoint salvo: último ID = 408761

Processando lote de 100 itens (ID 408762 a 408861)...
✅ Lote processado: 100 resultados inseridos/atualizados
📊 Total acumulado: 291207 resultados
🔖 Checkpoint salvo: último ID = 408861

Processando lote de 100 itens (ID 408862 a 408961)...
✅ Lote processado: 100 resultados inseridos/atualizados
📊 Total acumulado: 291307 resultados
🔖 Checkpoint salvo: último ID = 408961

Processando lote de 100 itens (ID 408962 a 409061)...
✅ Lote processado: 100 resultados inseridos/atualizados
📊 Total acumulado: 291407 resultados
🔖 Checkpoint salvo: último ID = 409061

Processando lote de 100 itens (ID 409062 a 409161)...
✅ Lote processado: 100 resultados inseridos/atualizados
📊 Total acumulado: 291507 resultados
🔖 Checkpoint salvo: último ID = 409161

Processando lote de 100 itens (ID 409162 a 409499)...
✅ Lote processado: 100 resultados inseridos/atualizados
📊 Total acumulado: 291607 resultados
🔖 Checkpoint salvo: último ID = 409499

Processando lote de 100 itens (ID 409500 a 409674)...
✅ Lote processado: 100 resultados inseridos/atualizados
📊 Total acumulado: 291707 resultados
🔖 Checkpoint salvo: último ID = 409674

Processando lote de 100 itens (ID 409675 a 409844)...
✅ Lote processado: 100 resultados inseridos/atualizados
📊 Total acumulado: 291807 resultados
🔖 Checkpoint salvo: último ID = 409844

Processando lote de 100 itens (ID 409845 a 409946)...
✅ Lote processado: 100 resultados inseridos/atualizados
📊 Total acumulado: 291907 resultados
🔖 Checkpoint salvo: último ID = 409946

Processando lote de 100 itens (ID 409947 a 410046)...
✅ Lote processado: 100 resultados inseridos/atualizados
📊 Total acumulado: 292007 resultados
🔖 Checkpoint salvo: último ID = 410046

Processando lote de 100 itens (ID 410047 a 410146)...
✅ Lote processado: 100 resultados inseridos/atualizados
📊 Total acumulado: 292107 resultados
🔖 Checkpoint salvo: último ID = 410146

Processando lote de 100 itens (ID 410147 a 410372)...
✅ Lote processado: 100 resultados inseridos/atualizados
📊 Total acumulado: 292207 resultados
🔖 Checkpoint salvo: último ID = 410372

Processando lote de 100 itens (ID 410373 a 410539)...
✅ Lote processado: 100 resultados inseridos/atualizados
📊 Total acumulado: 292307 resultados
🔖 Checkpoint salvo: último ID = 410539

Processando lote de 100 itens (ID 410540 a 410666)...
✅ Lote processado: 101 resultados inseridos/atualizados
📊 Total acumulado: 292408 resultados
🔖 Checkpoint salvo: último ID = 410666

Processando lote de 100 itens (ID 410667 a 410789)...
✅ Lote processado: 100 resultados inseridos/atualizados
📊 Total acumulado: 292508 resultados
🔖 Checkpoint salvo: último ID = 410789

Processando lote de 100 itens (ID 410790 a 410897)...
✅ Lote processado: 100 resultados inseridos/atualizados
📊 Total acumulado: 292608 resultados
🔖 Checkpoint salvo: último ID = 410897

Processando lote de 100 itens (ID 410898 a 411018)...
✅ Lote processado: 101 resultados inseridos/atualizados
📊 Total acumulado: 292709 resultados
🔖 Checkpoint salvo: último ID = 411018

Processando lote de 100 itens (ID 411019 a 411145)...
✅ Lote processado: 100 resultados inseridos/atualizados
📊 Total acumulado: 292809 resultados
🔖 Checkpoint salvo: último ID = 411145

Processando lote de 100 itens (ID 411146 a 411257)...
✅ Lote processado: 101 resultados inseridos/atualizados
📊 Total acumulado: 292910 resultados
🔖 Checkpoint salvo: último ID = 411257

Processando lote de 100 itens (ID 411258 a 411368)...
✅ Lote processado: 101 resultados inseridos/atualizados
📊 Total acumulado: 293011 resultados
🔖 Checkpoint salvo: último ID = 411368

Processando lote de 100 itens (ID 411369 a 411498)...
✅ Lote processado: 100 resultados inseridos/atualizados
📊 Total acumulado: 293111 resultados
🔖 Checkpoint salvo: último ID = 411498

Processando lote de 100 itens (ID 411499 a 411704)...
✅ Lote processado: 100 resultados inseridos/atualizados
📊 Total acumulado: 293211 resultados
🔖 Checkpoint salvo: último ID = 411704

Processando lote de 100 itens (ID 411705 a 411856)...
✅ Lote processado: 100 resultados inseridos/atualizados
📊 Total acumulado: 293311 resultados
🔖 Checkpoint salvo: último ID = 411856

Processando lote de 100 itens (ID 411857 a 411968)...
✅ Lote processado: 100 resultados inseridos/atualizados
📊 Total acumulado: 293411 resultados
🔖 Checkpoint salvo: último ID = 411968

Processando lote de 100 itens (ID 411969 a 412080)...
✅ Lote processado: 100 resultados inseridos/atualizados
📊 Total acumulado: 293511 resultados
🔖 Checkpoint salvo: último ID = 412080

Processando lote de 100 itens (ID 412082 a 412213)...
✅ Lote processado: 100 resultados inseridos/atualizados
📊 Total acumulado: 293611 resultados
🔖 Checkpoint salvo: último ID = 412213

Processando lote de 100 itens (ID 412214 a 412347)...
✅ Lote processado: 100 resultados inseridos/atualizados
📊 Total acumulado: 293711 resultados
🔖 Checkpoint salvo: último ID = 412347

Processando lote de 100 itens (ID 412348 a 412494)...
✅ Lote processado: 100 resultados inseridos/atualizados
📊 Total acumulado: 293811 resultados
🔖 Checkpoint salvo: último ID = 412494

Processando lote de 100 itens (ID 412495 a 412633)...
✅ Lote processado: 100 resultados inseridos/atualizados
📊 Total acumulado: 293911 resultados
🔖 Checkpoint salvo: último ID = 412633

Processando lote de 100 itens (ID 412634 a 412814)...
✅ Lote processado: 100 resultados inseridos/atualizados
📊 Total acumulado: 294011 resultados
🔖 Checkpoint salvo: último ID = 412814

Processando lote de 100 itens (ID 412815 a 413087)...
✅ Lote processado: 100 resultados inseridos/atualizados
📊 Total acumulado: 294111 resultados
🔖 Checkpoint salvo: último ID = 413087

Processando lote de 100 itens (ID 413088 a 413243)...
✅ Lote processado: 100 resultados inseridos/atualizados
📊 Total acumulado: 294211 resultados
🔖 Checkpoint salvo: último ID = 413243

Processando lote de 100 itens (ID 413247 a 413389)...
✅ Lote processado: 100 resultados inseridos/atualizados
📊 Total acumulado: 294311 resultados
🔖 Checkpoint salvo: último ID = 413389

Processando lote de 100 itens (ID 413390 a 413532)...
✅ Lote processado: 100 resultados inseridos/atualizados
📊 Total acumulado: 294411 resultados
🔖 Checkpoint salvo: último ID = 413532

Processando lote de 100 itens (ID 413533 a 413671)...
✅ Lote processado: 100 resultados inseridos/atualizados
📊 Total acumulado: 294511 resultados
🔖 Checkpoint salvo: último ID = 413671

Processando lote de 100 itens (ID 413672 a 414065)...
✅ Lote processado: 100 resultados inseridos/atualizados
📊 Total acumulado: 294611 resultados
🔖 Checkpoint salvo: último ID = 414065

Processando lote de 100 itens (ID 414070 a 414199)...
✅ Lote processado: 111 resultados inseridos/atualizados
📊 Total acumulado: 294722 resultados
🔖 Checkpoint salvo: último ID = 414199

Processando lote de 100 itens (ID 414200 a 414364)...
✅ Lote processado: 100 resultados inseridos/atualizados
📊 Total acumulado: 294822 resultados
🔖 Checkpoint salvo: último ID = 414364

Processando lote de 100 itens (ID 414365 a 418470)...
✅ Lote processado: 100 resultados inseridos/atualizados
📊 Total acumulado: 294922 resultados
🔖 Checkpoint salvo: último ID = 418470

Processando lote de 100 itens (ID 418471 a 418570)...
✅ Lote processado: 100 resultados inseridos/atualizados
📊 Total acumulado: 295022 resultados
🔖 Checkpoint salvo: último ID = 418570

Processando lote de 100 itens (ID 418571 a 418692)...
✅ Lote processado: 100 resultados inseridos/atualizados
📊 Total acumulado: 295122 resultados
🔖 Checkpoint salvo: último ID = 418692

Processando lote de 100 itens (ID 418694 a 418807)...
✅ Lote processado: 100 resultados inseridos/atualizados
📊 Total acumulado: 295222 resultados
🔖 Checkpoint salvo: último ID = 418807

Processando lote de 100 itens (ID 418808 a 419064)...
✅ Lote processado: 100 resultados inseridos/atualizados
📊 Total acumulado: 295322 resultados
🔖 Checkpoint salvo: último ID = 419064

Processando lote de 100 itens (ID 419065 a 419175)...
✅ Lote processado: 100 resultados inseridos/atualizados
📊 Total acumulado: 295422 resultados
🔖 Checkpoint salvo: último ID = 419175

Processando lote de 100 itens (ID 419176 a 419276)...
✅ Lote processado: 100 resultados inseridos/atualizados
📊 Total acumulado: 295522 resultados
🔖 Checkpoint salvo: último ID = 419276

Processando lote de 100 itens (ID 419277 a 419376)...
✅ Lote processado: 100 resultados inseridos/atualizados
📊 Total acumulado: 295622 resultados
🔖 Checkpoint salvo: último ID = 419376

Processando lote de 100 itens (ID 419377 a 419523)...
✅ Lote processado: 125 resultados inseridos/atualizados
📊 Total acumulado: 295747 resultados
🔖 Checkpoint salvo: último ID = 419523

Processando lote de 100 itens (ID 419524 a 419646)...
✅ Lote processado: 100 resultados inseridos/atualizados
📊 Total acumulado: 295847 resultados
🔖 Checkpoint salvo: último ID = 419646

Processando lote de 100 itens (ID 419647 a 419763)...
✅ Lote processado: 100 resultados inseridos/atualizados
📊 Total acumulado: 295947 resultados
🔖 Checkpoint salvo: último ID = 419763

Processando lote de 100 itens (ID 419770 a 420036)...
✅ Lote processado: 100 resultados inseridos/atualizados
📊 Total acumulado: 296047 resultados
🔖 Checkpoint salvo: último ID = 420036

Processando lote de 100 itens (ID 420037 a 420365)...
✅ Lote processado: 100 resultados inseridos/atualizados
📊 Total acumulado: 296147 resultados
🔖 Checkpoint salvo: último ID = 420365

Processando lote de 100 itens (ID 420367 a 420554)...
✅ Lote processado: 100 resultados inseridos/atualizados
📊 Total acumulado: 296247 resultados
🔖 Checkpoint salvo: último ID = 420554

Processando lote de 100 itens (ID 420556 a 420719)...
✅ Lote processado: 100 resultados inseridos/atualizados
📊 Total acumulado: 296347 resultados
🔖 Checkpoint salvo: último ID = 420719

Processando lote de 100 itens (ID 420720 a 420819)...
✅ Lote processado: 100 resultados inseridos/atualizados
📊 Total acumulado: 296447 resultados
🔖 Checkpoint salvo: último ID = 420819

Processando lote de 100 itens (ID 420820 a 420919)...
✅ Lote processado: 100 resultados inseridos/atualizados
📊 Total acumulado: 296547 resultados
🔖 Checkpoint salvo: último ID = 420919

Processando lote de 100 itens (ID 420920 a 421019)...
✅ Lote processado: 100 resultados inseridos/atualizados
📊 Total acumulado: 296647 resultados
🔖 Checkpoint salvo: último ID = 421019

Processando lote de 100 itens (ID 421020 a 421204)...
✅ Lote processado: 100 resultados inseridos/atualizados
📊 Total acumulado: 296747 resultados
🔖 Checkpoint salvo: último ID = 421204

Processando lote de 100 itens (ID 421205 a 421546)...
✅ Lote processado: 100 resultados inseridos/atualizados
📊 Total acumulado: 296847 resultados
🔖 Checkpoint salvo: último ID = 421546

Processando lote de 100 itens (ID 421547 a 421648)...
✅ Lote processado: 100 resultados inseridos/atualizados
📊 Total acumulado: 296947 resultados
🔖 Checkpoint salvo: último ID = 421648

Processando lote de 100 itens (ID 421649 a 421755)...
✅ Lote processado: 100 resultados inseridos/atualizados
📊 Total acumulado: 297047 resultados
🔖 Checkpoint salvo: último ID = 421755

Processando lote de 100 itens (ID 421756 a 421862)...
✅ Lote processado: 100 resultados inseridos/atualizados
📊 Total acumulado: 297147 resultados
🔖 Checkpoint salvo: último ID = 421862

Processando lote de 100 itens (ID 421863 a 421968)...
✅ Lote processado: 100 resultados inseridos/atualizados
📊 Total acumulado: 297247 resultados
🔖 Checkpoint salvo: último ID = 421968

Processando lote de 100 itens (ID 421969 a 422146)...
✅ Lote processado: 100 resultados inseridos/atualizados
📊 Total acumulado: 297347 resultados
🔖 Checkpoint salvo: último ID = 422146

Processando lote de 100 itens (ID 422148 a 422255)...
✅ Lote processado: 100 resultados inseridos/atualizados
📊 Total acumulado: 297447 resultados
🔖 Checkpoint salvo: último ID = 422255

Processando lote de 100 itens (ID 422256 a 422374)...
✅ Lote processado: 100 resultados inseridos/atualizados
📊 Total acumulado: 297547 resultados
🔖 Checkpoint salvo: último ID = 422374

Processando lote de 100 itens (ID 422376 a 422490)...
✅ Lote processado: 100 resultados inseridos/atualizados
📊 Total acumulado: 297647 resultados
🔖 Checkpoint salvo: último ID = 422490

Processando lote de 100 itens (ID 422492 a 422604)...
✅ Lote processado: 100 resultados inseridos/atualizados
📊 Total acumulado: 297747 resultados
🔖 Checkpoint salvo: último ID = 422604

Processando lote de 100 itens (ID 422605 a 422943)...
✅ Lote processado: 100 resultados inseridos/atualizados
📊 Total acumulado: 297847 resultados
🔖 Checkpoint salvo: último ID = 422943

Processando lote de 100 itens (ID 422944 a 423043)...
✅ Lote processado: 100 resultados inseridos/atualizados
📊 Total acumulado: 297947 resultados
🔖 Checkpoint salvo: último ID = 423043

Processando lote de 100 itens (ID 423044 a 423242)...
✅ Lote processado: 100 resultados inseridos/atualizados
📊 Total acumulado: 298047 resultados
🔖 Checkpoint salvo: último ID = 423242

Processando lote de 100 itens (ID 423243 a 423369)...
✅ Lote processado: 100 resultados inseridos/atualizados
📊 Total acumulado: 298147 resultados
🔖 Checkpoint salvo: último ID = 423369

Processando lote de 100 itens (ID 423370 a 423499)...
✅ Lote processado: 100 resultados inseridos/atualizados
📊 Total acumulado: 298247 resultados
🔖 Checkpoint salvo: último ID = 423499

Processando lote de 100 itens (ID 423500 a 423710)...
✅ Lote processado: 100 resultados inseridos/atualizados
📊 Total acumulado: 298347 resultados
🔖 Checkpoint salvo: último ID = 423710

Processando lote de 100 itens (ID 423713 a 423906)...
✅ Lote processado: 100 resultados inseridos/atualizados
📊 Total acumulado: 298447 resultados
🔖 Checkpoint salvo: último ID = 423906

Processando lote de 100 itens (ID 423907 a 424011)...
✅ Lote processado: 100 resultados inseridos/atualizados
📊 Total acumulado: 298547 resultados
🔖 Checkpoint salvo: último ID = 424011

Processando lote de 100 itens (ID 424012 a 424120)...
✅ Lote processado: 100 resultados inseridos/atualizados
📊 Total acumulado: 298647 resultados
🔖 Checkpoint salvo: último ID = 424120

Processando lote de 100 itens (ID 424121 a 424225)...
✅ Lote processado: 100 resultados inseridos/atualizados
📊 Total acumulado: 298747 resultados
🔖 Checkpoint salvo: último ID = 424225

Processando lote de 100 itens (ID 424230 a 424336)...
✅ Lote processado: 100 resultados inseridos/atualizados
📊 Total acumulado: 298847 resultados
🔖 Checkpoint salvo: último ID = 424336

Processando lote de 100 itens (ID 424337 a 424516)...
✅ Lote processado: 100 resultados inseridos/atualizados
📊 Total acumulado: 298947 resultados
🔖 Checkpoint salvo: último ID = 424516

Processando lote de 100 itens (ID 424517 a 424618)...
✅ Lote processado: 100 resultados inseridos/atualizados
📊 Total acumulado: 299047 resultados
🔖 Checkpoint salvo: último ID = 424618

Processando lote de 100 itens (ID 424619 a 424725)...
✅ Lote processado: 100 resultados inseridos/atualizados
📊 Total acumulado: 299147 resultados
🔖 Checkpoint salvo: último ID = 424725

Processando lote de 100 itens (ID 424726 a 424827)...
✅ Lote processado: 100 resultados inseridos/atualizados
📊 Total acumulado: 299247 resultados
🔖 Checkpoint salvo: último ID = 424827

Processando lote de 100 itens (ID 424828 a 424944)...
✅ Lote processado: 100 resultados inseridos/atualizados
📊 Total acumulado: 299347 resultados
🔖 Checkpoint salvo: último ID = 424944

Processando lote de 100 itens (ID 424945 a 425074)...
✅ Lote processado: 100 resultados inseridos/atualizados
📊 Total acumulado: 299447 resultados
🔖 Checkpoint salvo: último ID = 425074

Processando lote de 100 itens (ID 425075 a 425289)...
✅ Lote processado: 100 resultados inseridos/atualizados
📊 Total acumulado: 299547 resultados
🔖 Checkpoint salvo: último ID = 425289

Processando lote de 100 itens (ID 425293 a 425538)...
✅ Lote processado: 100 resultados inseridos/atualizados
📊 Total acumulado: 299647 resultados
🔖 Checkpoint salvo: último ID = 425538

Processando lote de 100 itens (ID 425539 a 425760)...
✅ Lote processado: 100 resultados inseridos/atualizados
📊 Total acumulado: 299747 resultados
🔖 Checkpoint salvo: último ID = 425760

Processando lote de 100 itens (ID 425762 a 426018)...
✅ Lote processado: 100 resultados inseridos/atualizados
📊 Total acumulado: 299847 resultados
🔖 Checkpoint salvo: último ID = 426018

Processando lote de 100 itens (ID 426029 a 426327)...
✅ Lote processado: 100 resultados inseridos/atualizados
📊 Total acumulado: 299947 resultados
🔖 Checkpoint salvo: último ID = 426327

Processando lote de 100 itens (ID 426328 a 426524)...
✅ Lote processado: 100 resultados inseridos/atualizados
📊 Total acumulado: 300047 resultados
🔖 Checkpoint salvo: último ID = 426524

Processando lote de 100 itens (ID 426525 a 426628)...
✅ Lote processado: 100 resultados inseridos/atualizados
📊 Total acumulado: 300147 resultados
🔖 Checkpoint salvo: último ID = 426628

Processando lote de 100 itens (ID 426629 a 426729)...
✅ Lote processado: 100 resultados inseridos/atualizados
📊 Total acumulado: 300247 resultados
🔖 Checkpoint salvo: último ID = 426729

Processando lote de 100 itens (ID 426730 a 426911)...
✅ Lote processado: 100 resultados inseridos/atualizados
📊 Total acumulado: 300347 resultados
🔖 Checkpoint salvo: último ID = 426911

Processando lote de 100 itens (ID 426912 a 427130)...
✅ Lote processado: 100 resultados inseridos/atualizados
📊 Total acumulado: 300447 resultados
🔖 Checkpoint salvo: último ID = 427130

Processando lote de 100 itens (ID 427131 a 427288)...
✅ Lote processado: 100 resultados inseridos/atualizados
📊 Total acumulado: 300547 resultados
🔖 Checkpoint salvo: último ID = 427288

Processando lote de 100 itens (ID 427289 a 427393)...
✅ Lote processado: 100 resultados inseridos/atualizados
📊 Total acumulado: 300647 resultados
🔖 Checkpoint salvo: último ID = 427393

Processando lote de 100 itens (ID 427394 a 427495)...
✅ Lote processado: 100 resultados inseridos/atualizados
📊 Total acumulado: 300747 resultados
🔖 Checkpoint salvo: último ID = 427495

Processando lote de 100 itens (ID 427496 a 427655)...
✅ Lote processado: 100 resultados inseridos/atualizados
📊 Total acumulado: 300847 resultados
🔖 Checkpoint salvo: último ID = 427655

Processando lote de 100 itens (ID 427656 a 427803)...
✅ Lote processado: 100 resultados inseridos/atualizados
📊 Total acumulado: 300947 resultados
🔖 Checkpoint salvo: último ID = 427803

Processando lote de 100 itens (ID 427804 a 427911)...
✅ Lote processado: 100 resultados inseridos/atualizados
📊 Total acumulado: 301047 resultados
🔖 Checkpoint salvo: último ID = 427911

Processando lote de 100 itens (ID 427912 a 428018)...
✅ Lote processado: 100 resultados inseridos/atualizados
📊 Total acumulado: 301147 resultados
🔖 Checkpoint salvo: último ID = 428018

Processando lote de 100 itens (ID 428019 a 428138)...
✅ Lote processado: 100 resultados inseridos/atualizados
📊 Total acumulado: 301247 resultados
🔖 Checkpoint salvo: último ID = 428138

Processando lote de 100 itens (ID 428139 a 428242)...
✅ Lote processado: 100 resultados inseridos/atualizados
📊 Total acumulado: 301347 resultados
🔖 Checkpoint salvo: último ID = 428242

Processando lote de 100 itens (ID 428243 a 428346)...
✅ Lote processado: 100 resultados inseridos/atualizados
📊 Total acumulado: 301447 resultados
🔖 Checkpoint salvo: último ID = 428346

Processando lote de 100 itens (ID 428347 a 428451)...
✅ Lote processado: 100 resultados inseridos/atualizados
📊 Total acumulado: 301547 resultados
🔖 Checkpoint salvo: último ID = 428451

Processando lote de 100 itens (ID 428452 a 428556)...
✅ Lote processado: 100 resultados inseridos/atualizados
📊 Total acumulado: 301647 resultados
🔖 Checkpoint salvo: último ID = 428556

Processando lote de 100 itens (ID 428558 a 428658)...
✅ Lote processado: 100 resultados inseridos/atualizados
📊 Total acumulado: 301747 resultados
🔖 Checkpoint salvo: último ID = 428658

Processando lote de 100 itens (ID 428659 a 428758)...
✅ Lote processado: 100 resultados inseridos/atualizados
📊 Total acumulado: 301847 resultados
🔖 Checkpoint salvo: último ID = 428758

Processando lote de 100 itens (ID 428759 a 428858)...
✅ Lote processado: 100 resultados inseridos/atualizados
📊 Total acumulado: 301947 resultados
🔖 Checkpoint salvo: último ID = 428858

Processando lote de 100 itens (ID 428859 a 428958)...
✅ Lote processado: 100 resultados inseridos/atualizados
📊 Total acumulado: 302047 resultados
🔖 Checkpoint salvo: último ID = 428958

Processando lote de 100 itens (ID 428959 a 429058)...
✅ Lote processado: 100 resultados inseridos/atualizados
📊 Total acumulado: 302147 resultados
🔖 Checkpoint salvo: último ID = 429058

Processando lote de 100 itens (ID 429059 a 429159)...
✅ Lote processado: 100 resultados inseridos/atualizados
📊 Total acumulado: 302247 resultados
🔖 Checkpoint salvo: último ID = 429159

Processando lote de 100 itens (ID 429160 a 429285)...
✅ Lote processado: 100 resultados inseridos/atualizados
📊 Total acumulado: 302347 resultados
🔖 Checkpoint salvo: último ID = 429285

Processando lote de 100 itens (ID 429286 a 429415)...
✅ Lote processado: 100 resultados inseridos/atualizados
📊 Total acumulado: 302447 resultados
🔖 Checkpoint salvo: último ID = 429415

Processando lote de 100 itens (ID 429416 a 429515)...
✅ Lote processado: 100 resultados inseridos/atualizados
📊 Total acumulado: 302547 resultados
🔖 Checkpoint salvo: último ID = 429515

Processando lote de 100 itens (ID 429516 a 429636)...
✅ Lote processado: 100 resultados inseridos/atualizados
📊 Total acumulado: 302647 resultados
🔖 Checkpoint salvo: último ID = 429636

Processando lote de 100 itens (ID 429637 a 430472)...
✅ Lote processado: 100 resultados inseridos/atualizados
📊 Total acumulado: 302747 resultados
🔖 Checkpoint salvo: último ID = 430472

Processando lote de 100 itens (ID 430474 a 430577)...
✅ Lote processado: 100 resultados inseridos/atualizados
📊 Total acumulado: 302847 resultados
🔖 Checkpoint salvo: último ID = 430577

Processando lote de 100 itens (ID 430578 a 430794)...
✅ Lote processado: 100 resultados inseridos/atualizados
📊 Total acumulado: 302947 resultados
🔖 Checkpoint salvo: último ID = 430794

Processando lote de 100 itens (ID 430795 a 431033)...
✅ Lote processado: 109 resultados inseridos/atualizados
📊 Total acumulado: 303056 resultados
🔖 Checkpoint salvo: último ID = 431033

Processando lote de 100 itens (ID 431034 a 431152)...
✅ Lote processado: 100 resultados inseridos/atualizados
📊 Total acumulado: 303156 resultados
🔖 Checkpoint salvo: último ID = 431152

Processando lote de 100 itens (ID 431154 a 431257)...
✅ Lote processado: 100 resultados inseridos/atualizados
📊 Total acumulado: 303256 resultados
🔖 Checkpoint salvo: último ID = 431257

Processando lote de 100 itens (ID 431258 a 431575)...
✅ Lote processado: 100 resultados inseridos/atualizados
📊 Total acumulado: 303356 resultados
🔖 Checkpoint salvo: último ID = 431575

Processando lote de 100 itens (ID 431576 a 431679)...
✅ Lote processado: 100 resultados inseridos/atualizados
📊 Total acumulado: 303456 resultados
🔖 Checkpoint salvo: último ID = 431679

Processando lote de 100 itens (ID 431680 a 431783)...
✅ Lote processado: 100 resultados inseridos/atualizados
📊 Total acumulado: 303556 resultados
🔖 Checkpoint salvo: último ID = 431783

Processando lote de 100 itens (ID 431784 a 431923)...
✅ Lote processado: 100 resultados inseridos/atualizados
📊 Total acumulado: 303656 resultados
🔖 Checkpoint salvo: último ID = 431923

Processando lote de 100 itens (ID 431924 a 432048)...
✅ Lote processado: 100 resultados inseridos/atualizados
📊 Total acumulado: 303756 resultados
🔖 Checkpoint salvo: último ID = 432048

Processando lote de 100 itens (ID 432049 a 432380)...
✅ Lote processado: 100 resultados inseridos/atualizados
📊 Total acumulado: 303856 resultados
🔖 Checkpoint salvo: último ID = 432380

Processando lote de 100 itens (ID 432383 a 432515)...
✅ Lote processado: 100 resultados inseridos/atualizados
📊 Total acumulado: 303956 resultados
🔖 Checkpoint salvo: último ID = 432515

Processando lote de 100 itens (ID 432516 a 432618)...
✅ Lote processado: 100 resultados inseridos/atualizados
📊 Total acumulado: 304056 resultados
🔖 Checkpoint salvo: último ID = 432618

Processando lote de 100 itens (ID 432619 a 432718)...
✅ Lote processado: 100 resultados inseridos/atualizados
📊 Total acumulado: 304156 resultados
🔖 Checkpoint salvo: último ID = 432718

Processando lote de 100 itens (ID 432721 a 432821)...
✅ Lote processado: 100 resultados inseridos/atualizados
📊 Total acumulado: 304256 resultados
🔖 Checkpoint salvo: último ID = 432821

Processando lote de 100 itens (ID 432822 a 433028)...
✅ Lote processado: 100 resultados inseridos/atualizados
📊 Total acumulado: 304356 resultados
🔖 Checkpoint salvo: último ID = 433028

Processando lote de 100 itens (ID 433029 a 433130)...
✅ Lote processado: 100 resultados inseridos/atualizados
📊 Total acumulado: 304456 resultados
🔖 Checkpoint salvo: último ID = 433130

Processando lote de 100 itens (ID 433131 a 433256)...
✅ Lote processado: 100 resultados inseridos/atualizados
📊 Total acumulado: 304556 resultados
🔖 Checkpoint salvo: último ID = 433256

Processando lote de 100 itens (ID 433257 a 433389)...
✅ Lote processado: 100 resultados inseridos/atualizados
📊 Total acumulado: 304656 resultados
🔖 Checkpoint salvo: último ID = 433389

Processando lote de 100 itens (ID 433390 a 433493)...
✅ Lote processado: 100 resultados inseridos/atualizados
📊 Total acumulado: 304756 resultados
🔖 Checkpoint salvo: último ID = 433493

Processando lote de 100 itens (ID 433494 a 433619)...
✅ Lote processado: 100 resultados inseridos/atualizados
📊 Total acumulado: 304856 resultados
🔖 Checkpoint salvo: último ID = 433619

Processando lote de 100 itens (ID 433623 a 433757)...
✅ Lote processado: 100 resultados inseridos/atualizados
📊 Total acumulado: 304956 resultados
🔖 Checkpoint salvo: último ID = 433757

Processando lote de 100 itens (ID 433758 a 434189)...
✅ Lote processado: 100 resultados inseridos/atualizados
📊 Total acumulado: 305056 resultados
🔖 Checkpoint salvo: último ID = 434189

Processando lote de 100 itens (ID 434190 a 434375)...
✅ Lote processado: 136 resultados inseridos/atualizados
📊 Total acumulado: 305192 resultados
🔖 Checkpoint salvo: último ID = 434375

Processando lote de 100 itens (ID 434376 a 434475)...
✅ Lote processado: 213 resultados inseridos/atualizados
📊 Total acumulado: 305405 resultados
🔖 Checkpoint salvo: último ID = 434475

Processando lote de 100 itens (ID 434476 a 434575)...
✅ Lote processado: 187 resultados inseridos/atualizados
📊 Total acumulado: 305592 resultados
🔖 Checkpoint salvo: último ID = 434575

Processando lote de 100 itens (ID 434576 a 434675)...
✅ Lote processado: 100 resultados inseridos/atualizados
📊 Total acumulado: 305692 resultados
🔖 Checkpoint salvo: último ID = 434675

Processando lote de 100 itens (ID 434676 a 434872)...
✅ Lote processado: 100 resultados inseridos/atualizados
📊 Total acumulado: 305792 resultados
🔖 Checkpoint salvo: último ID = 434872

Processando lote de 100 itens (ID 434873 a 434979)...
✅ Lote processado: 100 resultados inseridos/atualizados
📊 Total acumulado: 305892 resultados
🔖 Checkpoint salvo: último ID = 434979

Processando lote de 100 itens (ID 434981 a 435114)...
✅ Lote processado: 100 resultados inseridos/atualizados
📊 Total acumulado: 305992 resultados
🔖 Checkpoint salvo: último ID = 435114

Processando lote de 100 itens (ID 435139 a 435248)...
✅ Lote processado: 100 resultados inseridos/atualizados
📊 Total acumulado: 306092 resultados
🔖 Checkpoint salvo: último ID = 435248

Processando lote de 100 itens (ID 435249 a 435378)...
✅ Lote processado: 100 resultados inseridos/atualizados
📊 Total acumulado: 306192 resultados
🔖 Checkpoint salvo: último ID = 435378

Processando lote de 100 itens (ID 435379 a 435512)...
✅ Lote processado: 100 resultados inseridos/atualizados
📊 Total acumulado: 306292 resultados
🔖 Checkpoint salvo: último ID = 435512

Processando lote de 100 itens (ID 435513 a 435622)...
✅ Lote processado: 100 resultados inseridos/atualizados
📊 Total acumulado: 306392 resultados
🔖 Checkpoint salvo: último ID = 435622

Processando lote de 100 itens (ID 435623 a 435743)...
✅ Lote processado: 100 resultados inseridos/atualizados
📊 Total acumulado: 306492 resultados
🔖 Checkpoint salvo: último ID = 435743

Processando lote de 100 itens (ID 435744 a 435885)...
✅ Lote processado: 100 resultados inseridos/atualizados
📊 Total acumulado: 306592 resultados
🔖 Checkpoint salvo: último ID = 435885

Processando lote de 100 itens (ID 435887 a 436005)...
✅ Lote processado: 100 resultados inseridos/atualizados
📊 Total acumulado: 306692 resultados
🔖 Checkpoint salvo: último ID = 436005

Processando lote de 100 itens (ID 436006 a 436115)...
✅ Lote processado: 100 resultados inseridos/atualizados
📊 Total acumulado: 306792 resultados
🔖 Checkpoint salvo: último ID = 436115

Processando lote de 100 itens (ID 436117 a 436250)...
✅ Lote processado: 100 resultados inseridos/atualizados
📊 Total acumulado: 306892 resultados
🔖 Checkpoint salvo: último ID = 436250

Processando lote de 100 itens (ID 436251 a 436442)...
✅ Lote processado: 100 resultados inseridos/atualizados
📊 Total acumulado: 306992 resultados
🔖 Checkpoint salvo: último ID = 436442

Processando lote de 100 itens (ID 436443 a 436597)...
✅ Lote processado: 100 resultados inseridos/atualizados
📊 Total acumulado: 307092 resultados
🔖 Checkpoint salvo: último ID = 436597

Processando lote de 100 itens (ID 436598 a 436698)...
✅ Lote processado: 100 resultados inseridos/atualizados
📊 Total acumulado: 307192 resultados
🔖 Checkpoint salvo: último ID = 436698

Processando lote de 100 itens (ID 436699 a 436813)...
✅ Lote processado: 100 resultados inseridos/atualizados
📊 Total acumulado: 307292 resultados
🔖 Checkpoint salvo: último ID = 436813

Processando lote de 100 itens (ID 436814 a 436915)...
✅ Lote processado: 100 resultados inseridos/atualizados
📊 Total acumulado: 307392 resultados
🔖 Checkpoint salvo: último ID = 436915

Processando lote de 100 itens (ID 436916 a 437019)...
✅ Lote processado: 100 resultados inseridos/atualizados
📊 Total acumulado: 307492 resultados
🔖 Checkpoint salvo: último ID = 437019

Processando lote de 100 itens (ID 437020 a 437119)...
✅ Lote processado: 100 resultados inseridos/atualizados
📊 Total acumulado: 307592 resultados
🔖 Checkpoint salvo: último ID = 437119

Processando lote de 100 itens (ID 437120 a 437221)...
✅ Lote processado: 100 resultados inseridos/atualizados
📊 Total acumulado: 307692 resultados
🔖 Checkpoint salvo: último ID = 437221

Processando lote de 100 itens (ID 437222 a 437340)...
✅ Lote processado: 100 resultados inseridos/atualizados
📊 Total acumulado: 307792 resultados
🔖 Checkpoint salvo: último ID = 437340

Processando lote de 100 itens (ID 437341 a 437467)...
✅ Lote processado: 100 resultados inseridos/atualizados
📊 Total acumulado: 307892 resultados
🔖 Checkpoint salvo: último ID = 437467

Processando lote de 100 itens (ID 437469 a 437585)...
✅ Lote processado: 100 resultados inseridos/atualizados
📊 Total acumulado: 307992 resultados
🔖 Checkpoint salvo: último ID = 437585

Processando lote de 100 itens (ID 437586 a 437699)...
✅ Lote processado: 100 resultados inseridos/atualizados
📊 Total acumulado: 308092 resultados
🔖 Checkpoint salvo: último ID = 437699

Processando lote de 100 itens (ID 437700 a 437806)...
✅ Lote processado: 100 resultados inseridos/atualizados
📊 Total acumulado: 308192 resultados
🔖 Checkpoint salvo: último ID = 437806

Processando lote de 100 itens (ID 437808 a 437914)...
✅ Lote processado: 100 resultados inseridos/atualizados
📊 Total acumulado: 308292 resultados
🔖 Checkpoint salvo: último ID = 437914

Processando lote de 100 itens (ID 437915 a 438033)...
✅ Lote processado: 99 resultados inseridos/atualizados
📊 Total acumulado: 308391 resultados
🔖 Checkpoint salvo: último ID = 438033

Processando lote de 100 itens (ID 438034 a 438152)...
✅ Lote processado: 100 resultados inseridos/atualizados
📊 Total acumulado: 308491 resultados
🔖 Checkpoint salvo: último ID = 438152

Processando lote de 100 itens (ID 438153 a 438259)...
✅ Lote processado: 100 resultados inseridos/atualizados
📊 Total acumulado: 308591 resultados
🔖 Checkpoint salvo: último ID = 438259

Processando lote de 100 itens (ID 438260 a 438391)...
✅ Lote processado: 100 resultados inseridos/atualizados
📊 Total acumulado: 308691 resultados
🔖 Checkpoint salvo: último ID = 438391

Processando lote de 100 itens (ID 438392 a 438556)...
✅ Lote processado: 100 resultados inseridos/atualizados
📊 Total acumulado: 308791 resultados
🔖 Checkpoint salvo: último ID = 438556

Processando lote de 100 itens (ID 438557 a 438658)...
✅ Lote processado: 100 resultados inseridos/atualizados
📊 Total acumulado: 308891 resultados
🔖 Checkpoint salvo: último ID = 438658

Processando lote de 100 itens (ID 438659 a 438764)...
✅ Lote processado: 100 resultados inseridos/atualizados
📊 Total acumulado: 308991 resultados
🔖 Checkpoint salvo: último ID = 438764

Processando lote de 100 itens (ID 438765 a 438864)...
✅ Lote processado: 100 resultados inseridos/atualizados
📊 Total acumulado: 309091 resultados
🔖 Checkpoint salvo: último ID = 438864

Processando lote de 100 itens (ID 438865 a 439432)...
✅ Lote processado: 100 resultados inseridos/atualizados
📊 Total acumulado: 309191 resultados
🔖 Checkpoint salvo: último ID = 439432

Processando lote de 100 itens (ID 439433 a 439677)...
✅ Lote processado: 100 resultados inseridos/atualizados
📊 Total acumulado: 309291 resultados
🔖 Checkpoint salvo: último ID = 439677

Processando lote de 100 itens (ID 439678 a 439777)...
✅ Lote processado: 100 resultados inseridos/atualizados
📊 Total acumulado: 309391 resultados
🔖 Checkpoint salvo: último ID = 439777

Processando lote de 100 itens (ID 439778 a 439877)...
✅ Lote processado: 100 resultados inseridos/atualizados
📊 Total acumulado: 309491 resultados
🔖 Checkpoint salvo: último ID = 439877

Processando lote de 100 itens (ID 439878 a 440048)...
✅ Lote processado: 100 resultados inseridos/atualizados
📊 Total acumulado: 309591 resultados
🔖 Checkpoint salvo: último ID = 440048

Processando lote de 100 itens (ID 440054 a 440199)...
✅ Lote processado: 100 resultados inseridos/atualizados
📊 Total acumulado: 309691 resultados
🔖 Checkpoint salvo: último ID = 440199

Processando lote de 100 itens (ID 440200 a 440338)...
✅ Lote processado: 100 resultados inseridos/atualizados
📊 Total acumulado: 309791 resultados
🔖 Checkpoint salvo: último ID = 440338

Processando lote de 100 itens (ID 440340 a 440503)...
✅ Lote processado: 100 resultados inseridos/atualizados
📊 Total acumulado: 309891 resultados
🔖 Checkpoint salvo: último ID = 440503

Processando lote de 100 itens (ID 440504 a 440690)...
✅ Lote processado: 100 resultados inseridos/atualizados
📊 Total acumulado: 309991 resultados
🔖 Checkpoint salvo: último ID = 440690

Processando lote de 100 itens (ID 440692 a 440886)...
✅ Lote processado: 100 resultados inseridos/atualizados
📊 Total acumulado: 310091 resultados
🔖 Checkpoint salvo: último ID = 440886

Processando lote de 100 itens (ID 440890 a 441113)...
✅ Lote processado: 100 resultados inseridos/atualizados
📊 Total acumulado: 310191 resultados
🔖 Checkpoint salvo: último ID = 441113

Processando lote de 100 itens (ID 441114 a 441216)...
✅ Lote processado: 100 resultados inseridos/atualizados
📊 Total acumulado: 310291 resultados
🔖 Checkpoint salvo: último ID = 441216

Processando lote de 100 itens (ID 441217 a 441326)...
✅ Lote processado: 100 resultados inseridos/atualizados
📊 Total acumulado: 310391 resultados
🔖 Checkpoint salvo: último ID = 441326

Processando lote de 100 itens (ID 441327 a 441440)...
✅ Lote processado: 100 resultados inseridos/atualizados
📊 Total acumulado: 310491 resultados
🔖 Checkpoint salvo: último ID = 441440

Processando lote de 100 itens (ID 441441 a 441540)...
✅ Lote processado: 100 resultados inseridos/atualizados
📊 Total acumulado: 310591 resultados
🔖 Checkpoint salvo: último ID = 441540

Processando lote de 100 itens (ID 441541 a 441640)...
✅ Lote processado: 100 resultados inseridos/atualizados
📊 Total acumulado: 310691 resultados
🔖 Checkpoint salvo: último ID = 441640

Processando lote de 100 itens (ID 441641 a 441760)...
✅ Lote processado: 100 resultados inseridos/atualizados
📊 Total acumulado: 310791 resultados
🔖 Checkpoint salvo: último ID = 441760

Processando lote de 100 itens (ID 441761 a 441947)...
✅ Lote processado: 100 resultados inseridos/atualizados
📊 Total acumulado: 310891 resultados
🔖 Checkpoint salvo: último ID = 441947

Processando lote de 100 itens (ID 441948 a 442082)...
✅ Lote processado: 100 resultados inseridos/atualizados
📊 Total acumulado: 310991 resultados
🔖 Checkpoint salvo: último ID = 442082

Processando lote de 100 itens (ID 442083 a 442183)...