nohup: ignorando entrada
Iniciando população a partir do ID 0
Total já inserido: 0

Processando lote de 100 itens (ID 2 a 122)...
✅ Lote processado: 100 resultados inseridos
📊 Total acumulado: 100 resultados
🔖 Checkpoint salvo: último ID = 122

Processando lote de 100 itens (ID 123 a 230)...
✅ Lote processado: 100 resultados inseridos
📊 Total acumulado: 200 resultados
🔖 Checkpoint salvo: último ID = 230

Processando lote de 100 itens (ID 231 a 362)...
✅ Lote processado: 100 resultados inseridos
📊 Total acumulado: 300 resultados
🔖 Checkpoint salvo: último ID = 362

Processando lote de 100 itens (ID 363 a 463)...
✅ Lote processado: 100 resultados inseridos
📊 Total acumulado: 400 resultados
🔖 Checkpoint salvo: último ID = 463

Processando lote de 100 itens (ID 464 a 563)...
✅ Lote processado: 100 resultados inseridos
📊 Total acumulado: 500 resultados
🔖 Checkpoint salvo: último ID = 563

Processando lote de 100 itens (ID 564 a 663)...
✅ Lote processado: 100 resultados inseridos
📊 Total acumulado: 600 resultados
🔖 Checkpoint salvo: último ID = 663

Processando lote de 100 itens (ID 664 a 763)...
✅ Lote processado: 100 resultados inseridos
📊 Total acumulado: 700 resultados
🔖 Checkpoint salvo: último ID = 763

Processando lote de 100 itens (ID 764 a 863)...
✅ Lote processado: 100 resultados inseridos
📊 Total acumulado: 800 resultados
🔖 Checkpoint salvo: último ID = 863

Processando lote de 100 itens (ID 864 a 963)...
✅ Lote processado: 100 resultados inseridos
📊 Total acumulado: 900 resultados
🔖 Checkpoint salvo: último ID = 963

Processando lote de 100 itens (ID 964 a 1068)...
✅ Lote processado: 101 resultados inseridos
📊 Total acumulado: 1001 resultados
🔖 Checkpoint salvo: último ID = 1068

Processando lote de 100 itens (ID 1069 a 1168)...
✅ Lote processado: 100 resultados inseridos
📊 Total acumulado: 1101 resultados
🔖 Checkpoint salvo: último ID = 1168

Processando lote de 100 itens (ID 1169 a 1268)...
✅ Lote processado: 100 resultados inseridos
📊 Total acumulado: 1201 resultados
🔖 Checkpoint salvo: último ID = 1268

Processando lote de 100 itens (ID 1269 a 1368)...
✅ Lote processado: 100 resultados inseridos
📊 Total acumulado: 1301 resultados
🔖 Checkpoint salvo: último ID = 1368

Processando lote de 100 itens (ID 1369 a 1468)...
✅ Lote processado: 100 resultados inseridos
📊 Total acumulado: 1401 resultados
🔖 Checkpoint salvo: último ID = 1468

Processando lote de 100 itens (ID 1469 a 1568)...
✅ Lote processado: 100 resultados inseridos
📊 Total acumulado: 1501 resultados
🔖 Checkpoint salvo: último ID = 1568

Processando lote de 100 itens (ID 1569 a 1668)...
✅ Lote processado: 100 resultados inseridos
📊 Total acumulado: 1601 resultados
🔖 Checkpoint salvo: último ID = 1668

Processando lote de 100 itens (ID 1669 a 1768)...
✅ Lote processado: 100 resultados inseridos
📊 Total acumulado: 1701 resultados
🔖 Checkpoint salvo: último ID = 1768

Processando lote de 100 itens (ID 1769 a 1868)...
✅ Lote processado: 100 resultados inseridos
📊 Total acumulado: 1801 resultados
🔖 Checkpoint salvo: último ID = 1868

Processando lote de 100 itens (ID 1869 a 1968)...
✅ Lote processado: 100 resultados inseridos
📊 Total acumulado: 1901 resultados
🔖 Checkpoint salvo: último ID = 1968

Processando lote de 100 itens (ID 1969 a 2068)...
✅ Lote processado: 100 resultados inseridos
📊 Total acumulado: 2001 resultados
🔖 Checkpoint salvo: último ID = 2068

Processando lote de 100 itens (ID 2069 a 2168)...
✅ Lote processado: 100 resultados inseridos
📊 Total acumulado: 2101 resultados
🔖 Checkpoint salvo: último ID = 2168

Processando lote de 100 itens (ID 2169 a 2268)...
✅ Lote processado: 100 resultados inseridos
📊 Total acumulado: 2201 resultados
🔖 Checkpoint salvo: último ID = 2268

Processando lote de 100 itens (ID 2269 a 2368)...
✅ Lote processado: 100 resultados inseridos
📊 Total acumulado: 2301 resultados
🔖 Checkpoint salvo: último ID = 2368

Processando lote de 100 itens (ID 2369 a 2468)...
✅ Lote processado: 100 resultados inseridos
📊 Total acumulado: 2401 resultados
🔖 Checkpoint salvo: último ID = 2468

Processando lote de 100 itens (ID 2469 a 2568)...
✅ Lote processado: 100 resultados inseridos
📊 Total acumulado: 2501 resultados
🔖 Checkpoint salvo: último ID = 2568

Processando lote de 100 itens (ID 2569 a 2668)...
✅ Lote processado: 100 resultados inseridos
📊 Total acumulado: 2601 resultados
🔖 Checkpoint salvo: último ID = 2668

Processando lote de 100 itens (ID 2669 a 2768)...
✅ Lote processado: 97 resultados inseridos
📊 Total acumulado: 2698 resultados
🔖 Checkpoint salvo: último ID = 2768

Processando lote de 100 itens (ID 2769 a 2868)...
✅ Lote processado: 100 resultados inseridos
📊 Total acumulado: 2798 resultados
🔖 Checkpoint salvo: último ID = 2868

Processando lote de 100 itens (ID 2869 a 2968)...
✅ Lote processado: 100 resultados inseridos
📊 Total acumulado: 2898 resultados
🔖 Checkpoint salvo: último ID = 2968

Processando lote de 100 itens (ID 2969 a 3068)...
✅ Lote processado: 100 resultados inseridos
📊 Total acumulado: 2998 resultados
🔖 Checkpoint salvo: último ID = 3068

Processando lote de 100 itens (ID 3069 a 3168)...
✅ Lote processado: 100 resultados inseridos
📊 Total acumulado: 3098 resultados
🔖 Checkpoint salvo: último ID = 3168

Processando lote de 100 itens (ID 3169 a 3268)...
✅ Lote processado: 100 resultados inseridos
📊 Total acumulado: 3198 resultados
🔖 Checkpoint salvo: último ID = 3268

Processando lote de 100 itens (ID 3269 a 3368)...
✅ Lote processado: 100 resultados inseridos
📊 Total acumulado: 3298 resultados
🔖 Checkpoint salvo: último ID = 3368

Processando lote de 100 itens (ID 3369 a 3468)...
✅ Lote processado: 100 resultados inseridos
📊 Total acumulado: 3398 resultados
🔖 Checkpoint salvo: último ID = 3468

Processando lote de 100 itens (ID 3469 a 3568)...
✅ Lote processado: 100 resultados inseridos
📊 Total acumulado: 3498 resultados
🔖 Checkpoint salvo: último ID = 3568

Processando lote de 100 itens (ID 3569 a 3668)...
✅ Lote processado: 100 resultados inseridos
📊 Total acumulado: 3598 resultados
🔖 Checkpoint salvo: último ID = 3668

Processando lote de 100 itens (ID 3669 a 3768)...
✅ Lote processado: 100 resultados inseridos
📊 Total acumulado: 3698 resultados
🔖 Checkpoint salvo: último ID = 3768

Processando lote de 100 itens (ID 3769 a 3868)...
✅ Lote processado: 100 resultados inseridos
📊 Total acumulado: 3798 resultados
🔖 Checkpoint salvo: último ID = 3868

Processando lote de 100 itens (ID 3869 a 3968)...
✅ Lote processado: 100 resultados inseridos
📊 Total acumulado: 3898 resultados
🔖 Checkpoint salvo: último ID = 3968

Processando lote de 100 itens (ID 3969 a 4068)...
✅ Lote processado: 100 resultados inseridos
📊 Total acumulado: 3998 resultados
🔖 Checkpoint salvo: último ID = 4068

Processando lote de 100 itens (ID 4069 a 4168)...
✅ Lote processado: 100 resultados inseridos
📊 Total acumulado: 4098 resultados
🔖 Checkpoint salvo: último ID = 4168

Processando lote de 100 itens (ID 4169 a 4268)...
✅ Lote processado: 100 resultados inseridos
📊 Total acumulado: 4198 resultados
🔖 Checkpoint salvo: último ID = 4268

Processando lote de 100 itens (ID 4269 a 4368)...
✅ Lote processado: 100 resultados inseridos
📊 Total acumulado: 4298 resultados
🔖 Checkpoint salvo: último ID = 4368

Processando lote de 100 itens (ID 4369 a 4468)...
✅ Lote processado: 100 resultados inseridos
📊 Total acumulado: 4398 resultados
🔖 Checkpoint salvo: último ID = 4468

Processando lote de 100 itens (ID 4469 a 4568)...
✅ Lote processado: 100 resultados inseridos
📊 Total acumulado: 4498 resultados
🔖 Checkpoint salvo: último ID = 4568

Processando lote de 100 itens (ID 4569 a 4692)...
✅ Lote processado: 100 resultados inseridos
📊 Total acumulado: 4598 resultados
🔖 Checkpoint salvo: último ID = 4692

Processando lote de 100 itens (ID 4693 a 4973)...
✅ Lote processado: 100 resultados inseridos
📊 Total acumulado: 4698 resultados
🔖 Checkpoint salvo: último ID = 4973

Processando lote de 100 itens (ID 4974 a 5080)...
✅ Lote processado: 100 resultados inseridos
📊 Total acumulado: 4798 resultados
🔖 Checkpoint salvo: último ID = 5080

Processando lote de 100 itens (ID 5081 a 5272)...
✅ Lote processado: 106 resultados inseridos
📊 Total acumulado: 4904 resultados
🔖 Checkpoint salvo: último ID = 5272

Processando lote de 100 itens (ID 5273 a 5401)...
✅ Lote processado: 100 resultados inseridos
📊 Total acumulado: 5004 resultados
🔖 Checkpoint salvo: último ID = 5401

Processando lote de 100 itens (ID 5402 a 5997)...
✅ Lote processado: 100 resultados inseridos
📊 Total acumulado: 5104 resultados
🔖 Checkpoint salvo: último ID = 5997

Processando lote de 100 itens (ID 5998 a 6135)...
✅ Lote processado: 100 resultados inseridos
📊 Total acumulado: 5204 resultados
🔖 Checkpoint salvo: último ID = 6135

Processando lote de 100 itens (ID 6136 a 6263)...
✅ Lote processado: 100 resultados inseridos
📊 Total acumulado: 5304 resultados
🔖 Checkpoint salvo: último ID = 6263

Processando lote de 100 itens (ID 6264 a 6394)...
✅ Lote processado: 100 resultados inseridos
📊 Total acumulado: 5404 resultados
🔖 Checkpoint salvo: último ID = 6394

Processando lote de 100 itens (ID 6399 a 7009)...
✅ Lote processado: 100 resultados inseridos
📊 Total acumulado: 5504 resultados
🔖 Checkpoint salvo: último ID = 7009

Processando lote de 100 itens (ID 7010 a 7221)...
✅ Lote processado: 100 resultados inseridos
📊 Total acumulado: 5604 resultados
🔖 Checkpoint salvo: último ID = 7221

Processando lote de 100 itens (ID 7222 a 7321)...
✅ Lote processado: 100 resultados inseridos
📊 Total acumulado: 5704 resultados
🔖 Checkpoint salvo: último ID = 7321

Processando lote de 100 itens (ID 7322 a 7565)...
✅ Lote processado: 100 resultados inseridos
📊 Total acumulado: 5804 resultados
🔖 Checkpoint salvo: último ID = 7565

Processando lote de 100 itens (ID 7566 a 8062)...
✅ Lote processado: 100 resultados inseridos
📊 Total acumulado: 5904 resultados
🔖 Checkpoint salvo: último ID = 8062

Processando lote de 100 itens (ID 8063 a 8180)...
✅ Lote processado: 128 resultados inseridos
📊 Total acumulado: 6032 resultados
🔖 Checkpoint salvo: último ID = 8180

Processando lote de 100 itens (ID 8181 a 8281)...
✅ Lote processado: 110 resultados inseridos
📊 Total acumulado: 6142 resultados
🔖 Checkpoint salvo: último ID = 8281

Processando lote de 100 itens (ID 8282 a 8382)...
✅ Lote processado: 100 resultados inseridos
📊 Total acumulado: 6242 resultados
🔖 Checkpoint salvo: último ID = 8382

Processando lote de 100 itens (ID 8383 a 8482)...
✅ Lote processado: 100 resultados inseridos
📊 Total acumulado: 6342 resultados
🔖 Checkpoint salvo: último ID = 8482

Processando lote de 100 itens (ID 8483 a 8584)...
✅ Lote processado: 100 resultados inseridos
📊 Total acumulado: 6442 resultados
🔖 Checkpoint salvo: último ID = 8584

Processando lote de 100 itens (ID 8585 a 8953)...
✅ Lote processado: 100 resultados inseridos
📊 Total acumulado: 6542 resultados
🔖 Checkpoint salvo: último ID = 8953

Processando lote de 100 itens (ID 8954 a 9053)...
✅ Lote processado: 100 resultados inseridos
📊 Total acumulado: 6642 resultados
🔖 Checkpoint salvo: último ID = 9053

Processando lote de 100 itens (ID 9054 a 9164)...
✅ Lote processado: 100 resultados inseridos
📊 Total acumulado: 6742 resultados
🔖 Checkpoint salvo: último ID = 9164

Processando lote de 100 itens (ID 9165 a 9280)...
✅ Lote processado: 100 resultados inseridos
📊 Total acumulado: 6842 resultados
🔖 Checkpoint salvo: último ID = 9280

Processando lote de 100 itens (ID 9281 a 9436)...
✅ Lote processado: 160 resultados inseridos
📊 Total acumulado: 7002 resultados
🔖 Checkpoint salvo: último ID = 9436

Processando lote de 100 itens (ID 9437 a 9539)...
✅ Lote processado: 1539 resultados inseridos
📊 Total acumulado: 8541 resultados
🔖 Checkpoint salvo: último ID = 9539

Processando lote de 100 itens (ID 9540 a 9690)...
✅ Lote processado: 378 resultados inseridos
📊 Total acumulado: 8919 resultados
🔖 Checkpoint salvo: último ID = 9690

Processando lote de 100 itens (ID 9691 a 9828)...
✅ Lote processado: 100 resultados inseridos
📊 Total acumulado: 9019 resultados
🔖 Checkpoint salvo: último ID = 9828

Processando lote de 100 itens (ID 9830 a 10339)...
✅ Lote processado: 100 resultados inseridos
📊 Total acumulado: 9119 resultados
🔖 Checkpoint salvo: último ID = 10339

Processando lote de 100 itens (ID 10340 a 10567)...
✅ Lote processado: 100 resultados inseridos
📊 Total acumulado: 9219 resultados
🔖 Checkpoint salvo: último ID = 10567

Processando lote de 100 itens (ID 10568 a 10674)...
✅ Lote processado: 100 resultados inseridos
📊 Total acumulado: 9319 resultados
🔖 Checkpoint salvo: último ID = 10674

Processando lote de 100 itens (ID 10675 a 10779)...
✅ Lote processado: 100 resultados inseridos
📊 Total acumulado: 9419 resultados
🔖 Checkpoint salvo: último ID = 10779

Processando lote de 100 itens (ID 10780 a 10998)...
✅ Lote processado: 100 resultados inseridos
📊 Total acumulado: 9519 resultados
🔖 Checkpoint salvo: último ID = 10998

Processando lote de 100 itens (ID 11000 a 11441)...
✅ Lote processado: 103 resultados inseridos
📊 Total acumulado: 9622 resultados
🔖 Checkpoint salvo: último ID = 11441

Processando lote de 100 itens (ID 11442 a 11583)...
✅ Lote processado: 180 resultados inseridos
📊 Total acumulado: 9802 resultados
🔖 Checkpoint salvo: último ID = 11583

Processando lote de 100 itens (ID 11584 a 11790)...
✅ Lote processado: 100 resultados inseridos
📊 Total acumulado: 9902 resultados
🔖 Checkpoint salvo: último ID = 11790

Processando lote de 100 itens (ID 11791 a 11975)...
✅ Lote processado: 101 resultados inseridos
📊 Total acumulado: 10003 resultados
🔖 Checkpoint salvo: último ID = 11975

Processando lote de 100 itens (ID 11976 a 12156)...
✅ Lote processado: 100 resultados inseridos
📊 Total acumulado: 10103 resultados
🔖 Checkpoint salvo: último ID = 12156

Processando lote de 100 itens (ID 12157 a 12273)...
✅ Lote processado: 101 resultados inseridos
📊 Total acumulado: 10204 resultados
🔖 Checkpoint salvo: último ID = 12273

Processando lote de 100 itens (ID 12274 a 12373)...
✅ Lote processado: 100 resultados inseridos
📊 Total acumulado: 10304 resultados
🔖 Checkpoint salvo: último ID = 12373

Processando lote de 100 itens (ID 12374 a 12493)...
✅ Lote processado: 100 resultados inseridos
📊 Total acumulado: 10404 resultados
🔖 Checkpoint salvo: último ID = 12493

Processando lote de 100 itens (ID 12494 a 12656)...
✅ Lote processado: 104 resultados inseridos
📊 Total acumulado: 10508 resultados
🔖 Checkpoint salvo: último ID = 12656

Processando lote de 100 itens (ID 12657 a 12785)...
✅ Lote processado: 100 resultados inseridos
📊 Total acumulado: 10608 resultados
🔖 Checkpoint salvo: último ID = 12785

Processando lote de 100 itens (ID 12786 a 12958)...
✅ Lote processado: 100 resultados inseridos
📊 Total acumulado: 10708 resultados
🔖 Checkpoint salvo: último ID = 12958

Processando lote de 100 itens (ID 12959 a 13128)...
Erro ao inserir resultado: (psycopg2.ProgrammingError) can't adapt type 'dict'
[SQL: 
                    INSERT INTO resultados (
                        numeroControlePNCPCompra, numeroItem, sequencialResultado,
                        niFornecedor, nomeRazaoSocialFornecedor, tipoPessoa,
                        porteFornecedorId, porteFornecedorNome,
                        valorUnitarioHomologado, quantidadeHomologada, valorTotalHomologado,
                        percentualDesconto, situacaoCompraItemResultadoId, situacaoCompraItemResultadoNome,
                        dataResultado, dataInclusao, dataAtualizacao,
                        ordemClassificacaoSrp, indicadorSubcontratacao,
                        aplicacaoMargemPreferencia, aplicacaoBeneficioMeEpp, aplicacaoCriterioDesempate,
                        motivoCancelamento, dataCancelamento, codigoPais, paisOrigemProdutoServico,
                        naturezaJuridicaId, naturezaJuridicaNome,
                        amparoLegalMargemPreferencia, amparoLegalCriterioDesempate,
                        moedaEstrangeira, valorNominalMoedaEstrangeira, dataCotacaoMoedaEstrangeira,
                        timezoneCotacaoMoedaEstrangeira
                    ) VALUES (
                        %(numeroControlePNCPCompra)s, %(numeroItem)s, %(sequencialResultado)s,
                        %(niFornecedor)s, %(nomeRazaoSocialFornecedor)s, %(tipoPessoa)s,
                        %(porteFornecedorId)s, %(porteFornecedorNome)s,
                        %(valorUnitarioHomologado)s, %(quantidadeHomologada)s, %(valorTotalHomologado)s,
                        %(percentualDesconto)s, %(situacaoCompraItemResultadoId)s, %(situacaoCompraItemResultadoNome)s,
                        %(dataResultado)s, %(dataInclusao)s, %(dataAtualizacao)s,
                        %(ordemClassificacaoSrp)s, %(indicadorSubcontratacao)s,
                        %(aplicacaoMargemPreferencia)s, %(aplicacaoBeneficioMeEpp)s, %(aplicacaoCriterioDesempate)s,
                        %(motivoCancelamento)s, %(dataCancelamento)s, %(codigoPais)s, %(paisOrigemProdutoServico)s,
                        %(naturezaJuridicaId)s, %(naturezaJuridicaNome)s,
                        %(amparoLegalMargemPreferencia)s, %(amparoLegalCriterioDesempate)s,
                        %(moedaEstrangeira)s, %(valorNominalMoedaEstrangeira)s, %(dataCotacaoMoedaEstrangeira)s,
                        %(timezoneCotacaoMoedaEstrangeira)s
                    )
                    ON CONFLICT (numeroControlePNCPCompra, numeroItem, sequencialResultado) 
                    DO UPDATE SET
                        nomeRazaoSocialFornecedor = EXCLUDED.nomeRazaoSocialFornecedor,
                        valorUnitarioHomologado = EXCLUDED.valorUnitarioHomologado,
                        valorTotalHomologado = EXCLUDED.valorTotalHomologado,
                        dataAtualizacao = EXCLUDED.dataAtualizacao
                ]
[parameters: {'numeroControlePNCPCompra': '15126437000143-1-002464/2024-000001', 'numeroItem': 63, 'sequencialResultado': 1, 'niFornecedor': '96441704000179', 'nomeRazaoSocialFornecedor': 'KLEMMEN IMPORTACOES LTDA', 'tipoPessoa': 'PJ', 'porteFornecedorId': 1, 'porteFornecedorNome': 'ME', 'valorUnitarioHomologado': 279.8, 'quantidadeHomologada': 10.0, 'valorTotalHomologado': 2798.0, 'percentualDesconto': 0.0, 'situacaoCompraItemResultadoId': 1, 'situacaoCompraItemResultadoNome': 'Informado', 'dataResultado': '2024-10-16', 'dataInclusao': '2024-10-16T08:50:24', 'dataAtualizacao': '2024-10-16T08:50:24', 'ordemClassificacaoSrp': 1, 'indicadorSubcontratacao': False, 'aplicacaoMargemPreferencia': False, 'aplicacaoBeneficioMeEpp': True, 'aplicacaoCriterioDesempate': True, 'motivoCancelamento': None, 'dataCancelamento': None, 'codigoPais': 'BRA', 'paisOrigemProdutoServico': None, 'naturezaJuridicaId': '2062', 'naturezaJuridicaNome': 'Sociedade Empresária Limitada', 'amparoLegalMargemPreferencia': None, 'amparoLegalCriterioDesempate': {'id': 148, 'nome': 'Lei 14.133/2021, art. 60, outros incisos', 'descricao': 'Critério de desempate: Utilizar esse código quando a justificativa de de ... (82 characters truncated) ... evistos nos Amparos Legais, códigos 145; 146; e 147, constantes no Manual de Integração do PNCP em seu item 5.15. Amparo Legal.', 'statusAtivo': True}, 'moedaEstrangeira': None, 'valorNominalMoedaEstrangeira': None, 'dataCotacaoMoedaEstrangeira': None, 'timezoneCotacaoMoedaEstrangeira': None}]
(Background on this error at: https://sqlalche.me/e/20/f405)
Erro ao inserir resultado: (psycopg2.ProgrammingError) can't adapt type 'dict'
[SQL: 
                    INSERT INTO resultados (
                        numeroControlePNCPCompra, numeroItem, sequencialResultado,
                        niFornecedor, nomeRazaoSocialFornecedor, tipoPessoa,
                        porteFornecedorId, porteFornecedorNome,
                        valorUnitarioHomologado, quantidadeHomologada, valorTotalHomologado,
                        percentualDesconto, situacaoCompraItemResultadoId, situacaoCompraItemResultadoNome,
                        dataResultado, dataInclusao, dataAtualizacao,
                        ordemClassificacaoSrp, indicadorSubcontratacao,
                        aplicacaoMargemPreferencia, aplicacaoBeneficioMeEpp, aplicacaoCriterioDesempate,
                        motivoCancelamento, dataCancelamento, codigoPais, paisOrigemProdutoServico,
                        naturezaJuridicaId, naturezaJuridicaNome,
                        amparoLegalMargemPreferencia, amparoLegalCriterioDesempate,
                        moedaEstrangeira, valorNominalMoedaEstrangeira, dataCotacaoMoedaEstrangeira,
                        timezoneCotacaoMoedaEstrangeira
                    ) VALUES (
                        %(numeroControlePNCPCompra)s, %(numeroItem)s, %(sequencialResultado)s,
                        %(niFornecedor)s, %(nomeRazaoSocialFornecedor)s, %(tipoPessoa)s,
                        %(porteFornecedorId)s, %(porteFornecedorNome)s,
                        %(valorUnitarioHomologado)s, %(quantidadeHomologada)s, %(valorTotalHomologado)s,
                        %(percentualDesconto)s, %(situacaoCompraItemResultadoId)s, %(situacaoCompraItemResultadoNome)s,
                        %(dataResultado)s, %(dataInclusao)s, %(dataAtualizacao)s,
                        %(ordemClassificacaoSrp)s, %(indicadorSubcontratacao)s,
                        %(aplicacaoMargemPreferencia)s, %(aplicacaoBeneficioMeEpp)s, %(aplicacaoCriterioDesempate)s,
                        %(motivoCancelamento)s, %(dataCancelamento)s, %(codigoPais)s, %(paisOrigemProdutoServico)s,
                        %(naturezaJuridicaId)s, %(naturezaJuridicaNome)s,
                        %(amparoLegalMargemPreferencia)s, %(amparoLegalCriterioDesempate)s,
                        %(moedaEstrangeira)s, %(valorNominalMoedaEstrangeira)s, %(dataCotacaoMoedaEstrangeira)s,
                        %(timezoneCotacaoMoedaEstrangeira)s
                    )
                    ON CONFLICT (numeroControlePNCPCompra, numeroItem, sequencialResultado) 
                    DO UPDATE SET
                        nomeRazaoSocialFornecedor = EXCLUDED.nomeRazaoSocialFornecedor,
                        valorUnitarioHomologado = EXCLUDED.valorUnitarioHomologado,
                        valorTotalHomologado = EXCLUDED.valorTotalHomologado,
                        dataAtualizacao = EXCLUDED.dataAtualizacao
                ]
[parameters: {'numeroControlePNCPCompra': '15126437000143-1-002464/2024-000001', 'numeroItem': 65, 'sequencialResultado': 1, 'niFornecedor': '96441704000179', 'nomeRazaoSocialFornecedor': 'KLEMMEN IMPORTACOES LTDA', 'tipoPessoa': 'PJ', 'porteFornecedorId': 1, 'porteFornecedorNome': 'ME', 'valorUnitarioHomologado': 289.9, 'quantidadeHomologada': 10.0, 'valorTotalHomologado': 2899.0, 'percentualDesconto': 0.0, 'situacaoCompraItemResultadoId': 1, 'situacaoCompraItemResultadoNome': 'Informado', 'dataResultado': '2024-10-16', 'dataInclusao': '2024-10-16T08:50:24', 'dataAtualizacao': '2024-10-16T08:50:24', 'ordemClassificacaoSrp': 1, 'indicadorSubcontratacao': False, 'aplicacaoMargemPreferencia': False, 'aplicacaoBeneficioMeEpp': True, 'aplicacaoCriterioDesempate': True, 'motivoCancelamento': None, 'dataCancelamento': None, 'codigoPais': 'BRA', 'paisOrigemProdutoServico': None, 'naturezaJuridicaId': '2062', 'naturezaJuridicaNome': 'Sociedade Empresária Limitada', 'amparoLegalMargemPreferencia': None, 'amparoLegalCriterioDesempate': {'id': 148, 'nome': 'Lei 14.133/2021, art. 60, outros incisos', 'descricao': 'Critério de desempate: Utilizar esse código quando a justificativa de de ... (82 characters truncated) ... evistos nos Amparos Legais, códigos 145; 146; e 147, constantes no Manual de Integração do PNCP em seu item 5.15. Amparo Legal.', 'statusAtivo': True}, 'moedaEstrangeira': None, 'valorNominalMoedaEstrangeira': None, 'dataCotacaoMoedaEstrangeira': None, 'timezoneCotacaoMoedaEstrangeira': None}]
(Background on this error at: https://sqlalche.me/e/20/f405)
Erro ao inserir resultado: (psycopg2.ProgrammingError) can't adapt type 'dict'
[SQL: 
                    INSERT INTO resultados (
                        numeroControlePNCPCompra, numeroItem, sequencialResultado,
                        niFornecedor, nomeRazaoSocialFornecedor, tipoPessoa,
                        porteFornecedorId, porteFornecedorNome,
                        valorUnitarioHomologado, quantidadeHomologada, valorTotalHomologado,
                        percentualDesconto, situacaoCompraItemResultadoId, situacaoCompraItemResultadoNome,
                        dataResultado, dataInclusao, dataAtualizacao,
                        ordemClassificacaoSrp, indicadorSubcontratacao,
                        aplicacaoMargemPreferencia, aplicacaoBeneficioMeEpp, aplicacaoCriterioDesempate,
                        motivoCancelamento, dataCancelamento, codigoPais, paisOrigemProdutoServico,
                        naturezaJuridicaId, naturezaJuridicaNome,
                        amparoLegalMargemPreferencia, amparoLegalCriterioDesempate,
                        moedaEstrangeira, valorNominalMoedaEstrangeira, dataCotacaoMoedaEstrangeira,
                        timezoneCotacaoMoedaEstrangeira
                    ) VALUES (
                        %(numeroControlePNCPCompra)s, %(numeroItem)s, %(sequencialResultado)s,
                        %(niFornecedor)s, %(nomeRazaoSocialFornecedor)s, %(tipoPessoa)s,
                        %(porteFornecedorId)s, %(porteFornecedorNome)s,
                        %(valorUnitarioHomologado)s, %(quantidadeHomologada)s, %(valorTotalHomologado)s,
                        %(percentualDesconto)s, %(situacaoCompraItemResultadoId)s, %(situacaoCompraItemResultadoNome)s,
                        %(dataResultado)s, %(dataInclusao)s, %(dataAtualizacao)s,
                        %(ordemClassificacaoSrp)s, %(indicadorSubcontratacao)s,
                        %(aplicacaoMargemPreferencia)s, %(aplicacaoBeneficioMeEpp)s, %(aplicacaoCriterioDesempate)s,
                        %(motivoCancelamento)s, %(dataCancelamento)s, %(codigoPais)s, %(paisOrigemProdutoServico)s,
                        %(naturezaJuridicaId)s, %(naturezaJuridicaNome)s,
                        %(amparoLegalMargemPreferencia)s, %(amparoLegalCriterioDesempate)s,
                        %(moedaEstrangeira)s, %(valorNominalMoedaEstrangeira)s, %(dataCotacaoMoedaEstrangeira)s,
                        %(timezoneCotacaoMoedaEstrangeira)s
                    )
                    ON CONFLICT (numeroControlePNCPCompra, numeroItem, sequencialResultado) 
                    DO UPDATE SET
                        nomeRazaoSocialFornecedor = EXCLUDED.nomeRazaoSocialFornecedor,
                        valorUnitarioHomologado = EXCLUDED.valorUnitarioHomologado,
                        valorTotalHomologado = EXCLUDED.valorTotalHomologado,
                        dataAtualizacao = EXCLUDED.dataAtualizacao
                ]
[parameters: {'numeroControlePNCPCompra': '15126437000143-1-002464/2024-000001', 'numeroItem': 64, 'sequencialResultado': 1, 'niFornecedor': '96441704000179', 'nomeRazaoSocialFornecedor': 'KLEMMEN IMPORTACOES LTDA', 'tipoPessoa': 'PJ', 'porteFornecedorId': 1, 'porteFornecedorNome': 'ME', 'valorUnitarioHomologado': 279.8, 'quantidadeHomologada': 10.0, 'valorTotalHomologado': 2798.0, 'percentualDesconto': 0.0, 'situacaoCompraItemResultadoId': 1, 'situacaoCompraItemResultadoNome': 'Informado', 'dataResultado': '2024-10-16', 'dataInclusao': '2024-10-16T08:50:24', 'dataAtualizacao': '2024-10-16T08:50:24', 'ordemClassificacaoSrp': 1, 'indicadorSubcontratacao': False, 'aplicacaoMargemPreferencia': False, 'aplicacaoBeneficioMeEpp': True, 'aplicacaoCriterioDesempate': True, 'motivoCancelamento': None, 'dataCancelamento': None, 'codigoPais': 'BRA', 'paisOrigemProdutoServico': None, 'naturezaJuridicaId': '2062', 'naturezaJuridicaNome': 'Sociedade Empresária Limitada', 'amparoLegalMargemPreferencia': None, 'amparoLegalCriterioDesempate': {'id': 148, 'nome': 'Lei 14.133/2021, art. 60, outros incisos', 'descricao': 'Critério de desempate: Utilizar esse código quando a justificativa de de ... (82 characters truncated) ... evistos nos Amparos Legais, códigos 145; 146; e 147, constantes no Manual de Integração do PNCP em seu item 5.15. Amparo Legal.', 'statusAtivo': True}, 'moedaEstrangeira': None, 'valorNominalMoedaEstrangeira': None, 'dataCotacaoMoedaEstrangeira': None, 'timezoneCotacaoMoedaEstrangeira': None}]
(Background on this error at: https://sqlalche.me/e/20/f405)
✅ Lote processado: 97 resultados inseridos
📊 Total acumulado: 10805 resultados
🔖 Checkpoint salvo: último ID = 13128

Processando lote de 100 itens (ID 13129 a 13260)...
✅ Lote processado: 100 resultados inseridos
📊 Total acumulado: 10905 resultados
🔖 Checkpoint salvo: último ID = 13260

Processando lote de 100 itens (ID 13261 a 13371)...
✅ Lote processado: 87 resultados inseridos
📊 Total acumulado: 10992 resultados
🔖 Checkpoint salvo: último ID = 13371

Processando lote de 100 itens (ID 13372 a 13482)...
Erro ao inserir resultado: (psycopg2.ProgrammingError) can't adapt type 'dict'
[SQL: 
                    INSERT INTO resultados (
                        numeroControlePNCPCompra, numeroItem, sequencialResultado,
                        niFornecedor, nomeRazaoSocialFornecedor, tipoPessoa,
                        porteFornecedorId, porteFornecedorNome,
                        valorUnitarioHomologado, quantidadeHomologada, valorTotalHomologado,
                        percentualDesconto, situacaoCompraItemResultadoId, situacaoCompraItemResultadoNome,
                        dataResultado, dataInclusao, dataAtualizacao,
                        ordemClassificacaoSrp, indicadorSubcontratacao,
                        aplicacaoMargemPreferencia, aplicacaoBeneficioMeEpp, aplicacaoCriterioDesempate,
                        motivoCancelamento, dataCancelamento, codigoPais, paisOrigemProdutoServico,
                        naturezaJuridicaId, naturezaJuridicaNome,
                        amparoLegalMargemPreferencia, amparoLegalCriterioDesempate,
                        moedaEstrangeira, valorNominalMoedaEstrangeira, dataCotacaoMoedaEstrangeira,
                        timezoneCotacaoMoedaEstrangeira
                    ) VALUES (
                        %(numeroControlePNCPCompra)s, %(numeroItem)s, %(sequencialResultado)s,
                        %(niFornecedor)s, %(nomeRazaoSocialFornecedor)s, %(tipoPessoa)s,
                        %(porteFornecedorId)s, %(porteFornecedorNome)s,
                        %(valorUnitarioHomologado)s, %(quantidadeHomologada)s, %(valorTotalHomologado)s,
                        %(percentualDesconto)s, %(situacaoCompraItemResultadoId)s, %(situacaoCompraItemResultadoNome)s,
                        %(dataResultado)s, %(dataInclusao)s, %(dataAtualizacao)s,
                        %(ordemClassificacaoSrp)s, %(indicadorSubcontratacao)s,
                        %(aplicacaoMargemPreferencia)s, %(aplicacaoBeneficioMeEpp)s, %(aplicacaoCriterioDesempate)s,
                        %(motivoCancelamento)s, %(dataCancelamento)s, %(codigoPais)s, %(paisOrigemProdutoServico)s,
                        %(naturezaJuridicaId)s, %(naturezaJuridicaNome)s,
                        %(amparoLegalMargemPreferencia)s, %(amparoLegalCriterioDesempate)s,
                        %(moedaEstrangeira)s, %(valorNominalMoedaEstrangeira)s, %(dataCotacaoMoedaEstrangeira)s,
                        %(timezoneCotacaoMoedaEstrangeira)s
                    )
                    ON CONFLICT (numeroControlePNCPCompra, numeroItem, sequencialResultado) 
                    DO UPDATE SET
                        nomeRazaoSocialFornecedor = EXCLUDED.nomeRazaoSocialFornecedor,
                        valorUnitarioHomologado = EXCLUDED.valorUnitarioHomologado,
                        valorTotalHomologado = EXCLUDED.valorTotalHomologado,
                        dataAtualizacao = EXCLUDED.dataAtualizacao
                ]
[parameters: {'numeroControlePNCPCompra': '15126437000143-1-001836/2024-000014', 'numeroItem': 18, 'sequencialResultado': 1, 'niFornecedor': '50694319000132', 'nomeRazaoSocialFornecedor': 'L F DISTRIBUIDORA DE MATERIAIS MEDICOS LTDA', 'tipoPessoa': 'PJ', 'porteFornecedorId': 1, 'porteFornecedorNome': 'ME', 'valorUnitarioHomologado': 0.07, 'quantidadeHomologada': 43000.0, 'valorTotalHomologado': 3010.0, 'percentualDesconto': 0.0, 'situacaoCompraItemResultadoId': 1, 'situacaoCompraItemResultadoNome': 'Informado', 'dataResultado': '2024-12-09', 'dataInclusao': '2024-12-09T11:41:47', 'dataAtualizacao': '2024-12-09T11:41:47', 'ordemClassificacaoSrp': 1, 'indicadorSubcontratacao': False, 'aplicacaoMargemPreferencia': False, 'aplicacaoBeneficioMeEpp': True, 'aplicacaoCriterioDesempate': True, 'motivoCancelamento': None, 'dataCancelamento': None, 'codigoPais': 'BRA', 'paisOrigemProdutoServico': None, 'naturezaJuridicaId': '2062', 'naturezaJuridicaNome': 'Sociedade Empresária Limitada', 'amparoLegalMargemPreferencia': None, 'amparoLegalCriterioDesempate': {'id': 148, 'nome': 'Lei 14.133/2021, art. 60, outros incisos', 'descricao': 'Critério de desempate: Utilizar esse código quando a justificativa de de ... (82 characters truncated) ... evistos nos Amparos Legais, códigos 145; 146; e 147, constantes no Manual de Integração do PNCP em seu item 5.15. Amparo Legal.', 'statusAtivo': True}, 'moedaEstrangeira': None, 'valorNominalMoedaEstrangeira': None, 'dataCotacaoMoedaEstrangeira': None, 'timezoneCotacaoMoedaEstrangeira': None}]
(Background on this error at: https://sqlalche.me/e/20/f405)
Erro ao inserir resultado: (psycopg2.ProgrammingError) can't adapt type 'dict'
[SQL: 
                    INSERT INTO resultados (
                        numeroControlePNCPCompra, numeroItem, sequencialResultado,
                        niFornecedor, nomeRazaoSocialFornecedor, tipoPessoa,
                        porteFornecedorId, porteFornecedorNome,
                        valorUnitarioHomologado, quantidadeHomologada, valorTotalHomologado,
                        percentualDesconto, situacaoCompraItemResultadoId, situacaoCompraItemResultadoNome,
                        dataResultado, dataInclusao, dataAtualizacao,
                        ordemClassificacaoSrp, indicadorSubcontratacao,
                        aplicacaoMargemPreferencia, aplicacaoBeneficioMeEpp, aplicacaoCriterioDesempate,
                        motivoCancelamento, dataCancelamento, codigoPais, paisOrigemProdutoServico,
                        naturezaJuridicaId, naturezaJuridicaNome,
                        amparoLegalMargemPreferencia, amparoLegalCriterioDesempate,
                        moedaEstrangeira, valorNominalMoedaEstrangeira, dataCotacaoMoedaEstrangeira,
                        timezoneCotacaoMoedaEstrangeira
                    ) VALUES (
                        %(numeroControlePNCPCompra)s, %(numeroItem)s, %(sequencialResultado)s,
                        %(niFornecedor)s, %(nomeRazaoSocialFornecedor)s, %(tipoPessoa)s,
                        %(porteFornecedorId)s, %(porteFornecedorNome)s,
                        %(valorUnitarioHomologado)s, %(quantidadeHomologada)s, %(valorTotalHomologado)s,
                        %(percentualDesconto)s, %(situacaoCompraItemResultadoId)s, %(situacaoCompraItemResultadoNome)s,
                        %(dataResultado)s, %(dataInclusao)s, %(dataAtualizacao)s,
                        %(ordemClassificacaoSrp)s, %(indicadorSubcontratacao)s,
                        %(aplicacaoMargemPreferencia)s, %(aplicacaoBeneficioMeEpp)s, %(aplicacaoCriterioDesempate)s,
                        %(motivoCancelamento)s, %(dataCancelamento)s, %(codigoPais)s, %(paisOrigemProdutoServico)s,
                        %(naturezaJuridicaId)s, %(naturezaJuridicaNome)s,
                        %(amparoLegalMargemPreferencia)s, %(amparoLegalCriterioDesempate)s,
                        %(moedaEstrangeira)s, %(valorNominalMoedaEstrangeira)s, %(dataCotacaoMoedaEstrangeira)s,
                        %(timezoneCotacaoMoedaEstrangeira)s
                    )
                    ON CONFLICT (numeroControlePNCPCompra, numeroItem, sequencialResultado) 
                    DO UPDATE SET
                        nomeRazaoSocialFornecedor = EXCLUDED.nomeRazaoSocialFornecedor,
                        valorUnitarioHomologado = EXCLUDED.valorUnitarioHomologado,
                        valorTotalHomologado = EXCLUDED.valorTotalHomologado,
                        dataAtualizacao = EXCLUDED.dataAtualizacao
                ]
[parameters: {'numeroControlePNCPCompra': '15126437000143-1-001836/2024-000014', 'numeroItem': 46, 'sequencialResultado': 1, 'niFornecedor': '35473398000168', 'nomeRazaoSocialFornecedor': 'SOUZAMED IMPORTADORA E DISTRIBUIDORA HOSPITALAR LTDA', 'tipoPessoa': 'PJ', 'porteFornecedorId': 1, 'porteFornecedorNome': 'ME', 'valorUnitarioHomologado': 0.11, 'quantidadeHomologada': 75000.0, 'valorTotalHomologado': 8250.0, 'percentualDesconto': 0.0, 'situacaoCompraItemResultadoId': 1, 'situacaoCompraItemResultadoNome': 'Informado', 'dataResultado': '2024-12-09', 'dataInclusao': '2024-12-09T11:42:48', 'dataAtualizacao': '2024-12-09T11:42:48', 'ordemClassificacaoSrp': 1, 'indicadorSubcontratacao': False, 'aplicacaoMargemPreferencia': False, 'aplicacaoBeneficioMeEpp': True, 'aplicacaoCriterioDesempate': True, 'motivoCancelamento': None, 'dataCancelamento': None, 'codigoPais': 'BRA', 'paisOrigemProdutoServico': None, 'naturezaJuridicaId': '2062', 'naturezaJuridicaNome': 'Sociedade Empresária Limitada', 'amparoLegalMargemPreferencia': None, 'amparoLegalCriterioDesempate': {'id': 148, 'nome': 'Lei 14.133/2021, art. 60, outros incisos', 'descricao': 'Critério de desempate: Utilizar esse código quando a justificativa de de ... (82 characters truncated) ... evistos nos Amparos Legais, códigos 145; 146; e 147, constantes no Manual de Integração do PNCP em seu item 5.15. Amparo Legal.', 'statusAtivo': True}, 'moedaEstrangeira': None, 'valorNominalMoedaEstrangeira': None, 'dataCotacaoMoedaEstrangeira': None, 'timezoneCotacaoMoedaEstrangeira': None}]
(Background on this error at: https://sqlalche.me/e/20/f405)
Erro ao inserir resultado: (psycopg2.ProgrammingError) can't adapt type 'dict'
[SQL: 
                    INSERT INTO resultados (
                        numeroControlePNCPCompra, numeroItem, sequencialResultado,
                        niFornecedor, nomeRazaoSocialFornecedor, tipoPessoa,
                        porteFornecedorId, porteFornecedorNome,
                        valorUnitarioHomologado, quantidadeHomologada, valorTotalHomologado,
                        percentualDesconto, situacaoCompraItemResultadoId, situacaoCompraItemResultadoNome,
                        dataResultado, dataInclusao, dataAtualizacao,
                        ordemClassificacaoSrp, indicadorSubcontratacao,
                        aplicacaoMargemPreferencia, aplicacaoBeneficioMeEpp, aplicacaoCriterioDesempate,
                        motivoCancelamento, dataCancelamento, codigoPais, paisOrigemProdutoServico,
                        naturezaJuridicaId, naturezaJuridicaNome,
                        amparoLegalMargemPreferencia, amparoLegalCriterioDesempate,
                        moedaEstrangeira, valorNominalMoedaEstrangeira, dataCotacaoMoedaEstrangeira,
                        timezoneCotacaoMoedaEstrangeira
                    ) VALUES (
                        %(numeroControlePNCPCompra)s, %(numeroItem)s, %(sequencialResultado)s,
                        %(niFornecedor)s, %(nomeRazaoSocialFornecedor)s, %(tipoPessoa)s,
                        %(porteFornecedorId)s, %(porteFornecedorNome)s,
                        %(valorUnitarioHomologado)s, %(quantidadeHomologada)s, %(valorTotalHomologado)s,
                        %(percentualDesconto)s, %(situacaoCompraItemResultadoId)s, %(situacaoCompraItemResultadoNome)s,
                        %(dataResultado)s, %(dataInclusao)s, %(dataAtualizacao)s,
                        %(ordemClassificacaoSrp)s, %(indicadorSubcontratacao)s,
                        %(aplicacaoMargemPreferencia)s, %(aplicacaoBeneficioMeEpp)s, %(aplicacaoCriterioDesempate)s,
                        %(motivoCancelamento)s, %(dataCancelamento)s, %(codigoPais)s, %(paisOrigemProdutoServico)s,
                        %(naturezaJuridicaId)s, %(naturezaJuridicaNome)s,
                        %(amparoLegalMargemPreferencia)s, %(amparoLegalCriterioDesempate)s,
                        %(moedaEstrangeira)s, %(valorNominalMoedaEstrangeira)s, %(dataCotacaoMoedaEstrangeira)s,
                        %(timezoneCotacaoMoedaEstrangeira)s
                    )
                    ON CONFLICT (numeroControlePNCPCompra, numeroItem, sequencialResultado) 
                    DO UPDATE SET
                        nomeRazaoSocialFornecedor = EXCLUDED.nomeRazaoSocialFornecedor,
                        valorUnitarioHomologado = EXCLUDED.valorUnitarioHomologado,
                        valorTotalHomologado = EXCLUDED.valorTotalHomologado,
                        dataAtualizacao = EXCLUDED.dataAtualizacao
                ]
[parameters: {'numeroControlePNCPCompra': '15126437000143-1-001836/2024-000014', 'numeroItem': 49, 'sequencialResultado': 1, 'niFornecedor': '35473398000168', 'nomeRazaoSocialFornecedor': 'SOUZAMED IMPORTADORA E DISTRIBUIDORA HOSPITALAR LTDA', 'tipoPessoa': 'PJ', 'porteFornecedorId': 1, 'porteFornecedorNome': 'ME', 'valorUnitarioHomologado': 0.11, 'quantidadeHomologada': 35000.0, 'valorTotalHomologado': 3850.0, 'percentualDesconto': 0.0, 'situacaoCompraItemResultadoId': 1, 'situacaoCompraItemResultadoNome': 'Informado', 'dataResultado': '2024-12-09', 'dataInclusao': '2024-12-09T11:42:48', 'dataAtualizacao': '2024-12-09T11:42:48', 'ordemClassificacaoSrp': 1, 'indicadorSubcontratacao': False, 'aplicacaoMargemPreferencia': False, 'aplicacaoBeneficioMeEpp': True, 'aplicacaoCriterioDesempate': True, 'motivoCancelamento': None, 'dataCancelamento': None, 'codigoPais': 'BRA', 'paisOrigemProdutoServico': None, 'naturezaJuridicaId': '2062', 'naturezaJuridicaNome': 'Sociedade Empresária Limitada', 'amparoLegalMargemPreferencia': None, 'amparoLegalCriterioDesempate': {'id': 148, 'nome': 'Lei 14.133/2021, art. 60, outros incisos', 'descricao': 'Critério de desempate: Utilizar esse código quando a justificativa de de ... (82 characters truncated) ... evistos nos Amparos Legais, códigos 145; 146; e 147, constantes no Manual de Integração do PNCP em seu item 5.15. Amparo Legal.', 'statusAtivo': True}, 'moedaEstrangeira': None, 'valorNominalMoedaEstrangeira': None, 'dataCotacaoMoedaEstrangeira': None, 'timezoneCotacaoMoedaEstrangeira': None}]
(Background on this error at: https://sqlalche.me/e/20/f405)
Erro ao inserir resultado: (psycopg2.ProgrammingError) can't adapt type 'dict'
[SQL: 
                    INSERT INTO resultados (
                        numeroControlePNCPCompra, numeroItem, sequencialResultado,
                        niFornecedor, nomeRazaoSocialFornecedor, tipoPessoa,
                        porteFornecedorId, porteFornecedorNome,
                        valorUnitarioHomologado, quantidadeHomologada, valorTotalHomologado,
                        percentualDesconto, situacaoCompraItemResultadoId, situacaoCompraItemResultadoNome,
                        dataResultado, dataInclusao, dataAtualizacao,
                        ordemClassificacaoSrp, indicadorSubcontratacao,
                        aplicacaoMargemPreferencia, aplicacaoBeneficioMeEpp, aplicacaoCriterioDesempate,
                        motivoCancelamento, dataCancelamento, codigoPais, paisOrigemProdutoServico,
                        naturezaJuridicaId, naturezaJuridicaNome,
                        amparoLegalMargemPreferencia, amparoLegalCriterioDesempate,
                        moedaEstrangeira, valorNominalMoedaEstrangeira, dataCotacaoMoedaEstrangeira,
                        timezoneCotacaoMoedaEstrangeira
                    ) VALUES (
                        %(numeroControlePNCPCompra)s, %(numeroItem)s, %(sequencialResultado)s,
                        %(niFornecedor)s, %(nomeRazaoSocialFornecedor)s, %(tipoPessoa)s,
                        %(porteFornecedorId)s, %(porteFornecedorNome)s,
                        %(valorUnitarioHomologado)s, %(quantidadeHomologada)s, %(valorTotalHomologado)s,
                        %(percentualDesconto)s, %(situacaoCompraItemResultadoId)s, %(situacaoCompraItemResultadoNome)s,
                        %(dataResultado)s, %(dataInclusao)s, %(dataAtualizacao)s,
                        %(ordemClassificacaoSrp)s, %(indicadorSubcontratacao)s,
                        %(aplicacaoMargemPreferencia)s, %(aplicacaoBeneficioMeEpp)s, %(aplicacaoCriterioDesempate)s,
                        %(motivoCancelamento)s, %(dataCancelamento)s, %(codigoPais)s, %(paisOrigemProdutoServico)s,
                        %(naturezaJuridicaId)s, %(naturezaJuridicaNome)s,
                        %(amparoLegalMargemPreferencia)s, %(amparoLegalCriterioDesempate)s,
                        %(moedaEstrangeira)s, %(valorNominalMoedaEstrangeira)s, %(dataCotacaoMoedaEstrangeira)s,
                        %(timezoneCotacaoMoedaEstrangeira)s
                    )
                    ON CONFLICT (numeroControlePNCPCompra, numeroItem, sequencialResultado) 
                    DO UPDATE SET
                        nomeRazaoSocialFornecedor = EXCLUDED.nomeRazaoSocialFornecedor,
                        valorUnitarioHomologado = EXCLUDED.valorUnitarioHomologado,
                        valorTotalHomologado = EXCLUDED.valorTotalHomologado,
                        dataAtualizacao = EXCLUDED.dataAtualizacao
                ]
[parameters: {'numeroControlePNCPCompra': '15126437000143-1-001836/2024-000014', 'numeroItem': 50, 'sequencialResultado': 1, 'niFornecedor': '35473398000168', 'nomeRazaoSocialFornecedor': 'SOUZAMED IMPORTADORA E DISTRIBUIDORA HOSPITALAR LTDA', 'tipoPessoa': 'PJ', 'porteFornecedorId': 1, 'porteFornecedorNome': 'ME', 'valorUnitarioHomologado': 0.11, 'quantidadeHomologada': 110000.0, 'valorTotalHomologado': 12100.0, 'percentualDesconto': 0.0, 'situacaoCompraItemResultadoId': 1, 'situacaoCompraItemResultadoNome': 'Informado', 'dataResultado': '2024-12-09', 'dataInclusao': '2024-12-09T11:42:48', 'dataAtualizacao': '2024-12-09T11:42:48', 'ordemClassificacaoSrp': 1, 'indicadorSubcontratacao': False, 'aplicacaoMargemPreferencia': False, 'aplicacaoBeneficioMeEpp': True, 'aplicacaoCriterioDesempate': True, 'motivoCancelamento': None, 'dataCancelamento': None, 'codigoPais': 'BRA', 'paisOrigemProdutoServico': None, 'naturezaJuridicaId': '2062', 'naturezaJuridicaNome': 'Sociedade Empresária Limitada', 'amparoLegalMargemPreferencia': None, 'amparoLegalCriterioDesempate': {'id': 148, 'nome': 'Lei 14.133/2021, art. 60, outros incisos', 'descricao': 'Critério de desempate: Utilizar esse código quando a justificativa de de ... (82 characters truncated) ... evistos nos Amparos Legais, códigos 145; 146; e 147, constantes no Manual de Integração do PNCP em seu item 5.15. Amparo Legal.', 'statusAtivo': True}, 'moedaEstrangeira': None, 'valorNominalMoedaEstrangeira': None, 'dataCotacaoMoedaEstrangeira': None, 'timezoneCotacaoMoedaEstrangeira': None}]
(Background on this error at: https://sqlalche.me/e/20/f405)
Erro ao inserir resultado: (psycopg2.ProgrammingError) can't adapt type 'dict'
[SQL: 
                    INSERT INTO resultados (
                        numeroControlePNCPCompra, numeroItem, sequencialResultado,
                        niFornecedor, nomeRazaoSocialFornecedor, tipoPessoa,
                        porteFornecedorId, porteFornecedorNome,
                        valorUnitarioHomologado, quantidadeHomologada, valorTotalHomologado,
                        percentualDesconto, situacaoCompraItemResultadoId, situacaoCompraItemResultadoNome,
                        dataResultado, dataInclusao, dataAtualizacao,
                        ordemClassificacaoSrp, indicadorSubcontratacao,
                        aplicacaoMargemPreferencia, aplicacaoBeneficioMeEpp, aplicacaoCriterioDesempate,
                        motivoCancelamento, dataCancelamento, codigoPais, paisOrigemProdutoServico,
                        naturezaJuridicaId, naturezaJuridicaNome,
                        amparoLegalMargemPreferencia, amparoLegalCriterioDesempate,
                        moedaEstrangeira, valorNominalMoedaEstrangeira, dataCotacaoMoedaEstrangeira,
                        timezoneCotacaoMoedaEstrangeira
                    ) VALUES (
                        %(numeroControlePNCPCompra)s, %(numeroItem)s, %(sequencialResultado)s,
                        %(niFornecedor)s, %(nomeRazaoSocialFornecedor)s, %(tipoPessoa)s,
                        %(porteFornecedorId)s, %(porteFornecedorNome)s,
                        %(valorUnitarioHomologado)s, %(quantidadeHomologada)s, %(valorTotalHomologado)s,
                        %(percentualDesconto)s, %(situacaoCompraItemResultadoId)s, %(situacaoCompraItemResultadoNome)s,
                        %(dataResultado)s, %(dataInclusao)s, %(dataAtualizacao)s,
                        %(ordemClassificacaoSrp)s, %(indicadorSubcontratacao)s,
                        %(aplicacaoMargemPreferencia)s, %(aplicacaoBeneficioMeEpp)s, %(aplicacaoCriterioDesempate)s,
                        %(motivoCancelamento)s, %(dataCancelamento)s, %(codigoPais)s, %(paisOrigemProdutoServico)s,
                        %(naturezaJuridicaId)s, %(naturezaJuridicaNome)s,
                        %(amparoLegalMargemPreferencia)s, %(amparoLegalCriterioDesempate)s,
                        %(moedaEstrangeira)s, %(valorNominalMoedaEstrangeira)s, %(dataCotacaoMoedaEstrangeira)s,
                        %(timezoneCotacaoMoedaEstrangeira)s
                    )
                    ON CONFLICT (numeroControlePNCPCompra, numeroItem, sequencialResultado) 
                    DO UPDATE SET
                        nomeRazaoSocialFornecedor = EXCLUDED.nomeRazaoSocialFornecedor,
                        valorUnitarioHomologado = EXCLUDED.valorUnitarioHomologado,
                        valorTotalHomologado = EXCLUDED.valorTotalHomologado,
                        dataAtualizacao = EXCLUDED.dataAtualizacao
                ]
[parameters: {'numeroControlePNCPCompra': '20067146000161-1-000054/2024-000001', 'numeroItem': 1, 'sequencialResultado': 1, 'niFornecedor': '39535062000133', 'nomeRazaoSocialFornecedor': 'BENICIO PNEUS LTDA', 'tipoPessoa': 'PJ', 'porteFornecedorId': 1, 'porteFornecedorNome': 'ME', 'valorUnitarioHomologado': 757.98, 'quantidadeHomologada': 4.0, 'valorTotalHomologado': 3031.92, 'percentualDesconto': 0.0, 'situacaoCompraItemResultadoId': 1, 'situacaoCompraItemResultadoNome': 'Informado', 'dataResultado': '2024-11-27', 'dataInclusao': '2024-11-27T10:46:21', 'dataAtualizacao': '2024-11-27T10:46:21', 'ordemClassificacaoSrp': 1, 'indicadorSubcontratacao': False, 'aplicacaoMargemPreferencia': False, 'aplicacaoBeneficioMeEpp': True, 'aplicacaoCriterioDesempate': True, 'motivoCancelamento': None, 'dataCancelamento': None, 'codigoPais': 'BRA', 'paisOrigemProdutoServico': None, 'naturezaJuridicaId': '2062', 'naturezaJuridicaNome': 'Sociedade Empresária Limitada', 'amparoLegalMargemPreferencia': None, 'amparoLegalCriterioDesempate': {'id': 148, 'nome': 'Lei 14.133/2021, art. 60, outros incisos', 'descricao': 'Critério de desempate: Utilizar esse código quando a justificativa de de ... (82 characters truncated) ... evistos nos Amparos Legais, códigos 145; 146; e 147, constantes no Manual de Integração do PNCP em seu item 5.15. Amparo Legal.', 'statusAtivo': True}, 'moedaEstrangeira': None, 'valorNominalMoedaEstrangeira': None, 'dataCotacaoMoedaEstrangeira': None, 'timezoneCotacaoMoedaEstrangeira': None}]
(Background on this error at: https://sqlalche.me/e/20/f405)
Erro ao inserir resultado: (psycopg2.ProgrammingError) can't adapt type 'dict'
[SQL: 
                    INSERT INTO resultados (
                        numeroControlePNCPCompra, numeroItem, sequencialResultado,
                        niFornecedor, nomeRazaoSocialFornecedor, tipoPessoa,
                        porteFornecedorId, porteFornecedorNome,
                        valorUnitarioHomologado, quantidadeHomologada, valorTotalHomologado,
                        percentualDesconto, situacaoCompraItemResultadoId, situacaoCompraItemResultadoNome,
                        dataResultado, dataInclusao, dataAtualizacao,
                        ordemClassificacaoSrp, indicadorSubcontratacao,
                        aplicacaoMargemPreferencia, aplicacaoBeneficioMeEpp, aplicacaoCriterioDesempate,
                        motivoCancelamento, dataCancelamento, codigoPais, paisOrigemProdutoServico,
                        naturezaJuridicaId, naturezaJuridicaNome,
                        amparoLegalMargemPreferencia, amparoLegalCriterioDesempate,
                        moedaEstrangeira, valorNominalMoedaEstrangeira, dataCotacaoMoedaEstrangeira,
                        timezoneCotacaoMoedaEstrangeira
                    ) VALUES (
                        %(numeroControlePNCPCompra)s, %(numeroItem)s, %(sequencialResultado)s,
                        %(niFornecedor)s, %(nomeRazaoSocialFornecedor)s, %(tipoPessoa)s,
                        %(porteFornecedorId)s, %(porteFornecedorNome)s,
                        %(valorUnitarioHomologado)s, %(quantidadeHomologada)s, %(valorTotalHomologado)s,
                        %(percentualDesconto)s, %(situacaoCompraItemResultadoId)s, %(situacaoCompraItemResultadoNome)s,
                        %(dataResultado)s, %(dataInclusao)s, %(dataAtualizacao)s,
                        %(ordemClassificacaoSrp)s, %(indicadorSubcontratacao)s,
                        %(aplicacaoMargemPreferencia)s, %(aplicacaoBeneficioMeEpp)s, %(aplicacaoCriterioDesempate)s,
                        %(motivoCancelamento)s, %(dataCancelamento)s, %(codigoPais)s, %(paisOrigemProdutoServico)s,
                        %(naturezaJuridicaId)s, %(naturezaJuridicaNome)s,
                        %(amparoLegalMargemPreferencia)s, %(amparoLegalCriterioDesempate)s,
                        %(moedaEstrangeira)s, %(valorNominalMoedaEstrangeira)s, %(dataCotacaoMoedaEstrangeira)s,
                        %(timezoneCotacaoMoedaEstrangeira)s
                    )
                    ON CONFLICT (numeroControlePNCPCompra, numeroItem, sequencialResultado) 
                    DO UPDATE SET
                        nomeRazaoSocialFornecedor = EXCLUDED.nomeRazaoSocialFornecedor,
                        valorUnitarioHomologado = EXCLUDED.valorUnitarioHomologado,
                        valorTotalHomologado = EXCLUDED.valorTotalHomologado,
                        dataAtualizacao = EXCLUDED.dataAtualizacao
                ]
[parameters: {'numeroControlePNCPCompra': '20067146000161-1-000054/2024-000001', 'numeroItem': 7, 'sequencialResultado': 1, 'niFornecedor': '39535062000133', 'nomeRazaoSocialFornecedor': 'BENICIO PNEUS LTDA', 'tipoPessoa': 'PJ', 'porteFornecedorId': 1, 'porteFornecedorNome': 'ME', 'valorUnitarioHomologado': 318.99, 'quantidadeHomologada': 10.0, 'valorTotalHomologado': 3189.9, 'percentualDesconto': 0.0, 'situacaoCompraItemResultadoId': 1, 'situacaoCompraItemResultadoNome': 'Informado', 'dataResultado': '2024-11-27', 'dataInclusao': '2024-11-27T10:46:21', 'dataAtualizacao': '2024-11-27T10:46:21', 'ordemClassificacaoSrp': 1, 'indicadorSubcontratacao': False, 'aplicacaoMargemPreferencia': False, 'aplicacaoBeneficioMeEpp': True, 'aplicacaoCriterioDesempate': True, 'motivoCancelamento': None, 'dataCancelamento': None, 'codigoPais': 'BRA', 'paisOrigemProdutoServico': None, 'naturezaJuridicaId': '2062', 'naturezaJuridicaNome': 'Sociedade Empresária Limitada', 'amparoLegalMargemPreferencia': None, 'amparoLegalCriterioDesempate': {'id': 148, 'nome': 'Lei 14.133/2021, art. 60, outros incisos', 'descricao': 'Critério de desempate: Utilizar esse código quando a justificativa de de ... (82 characters truncated) ... evistos nos Amparos Legais, códigos 145; 146; e 147, constantes no Manual de Integração do PNCP em seu item 5.15. Amparo Legal.', 'statusAtivo': True}, 'moedaEstrangeira': None, 'valorNominalMoedaEstrangeira': None, 'dataCotacaoMoedaEstrangeira': None, 'timezoneCotacaoMoedaEstrangeira': None}]
(Background on this error at: https://sqlalche.me/e/20/f405)
✅ Lote processado: 85 resultados inseridos
📊 Total acumulado: 11077 resultados
🔖 Checkpoint salvo: último ID = 13482

Processando lote de 100 itens (ID 13484 a 13630)...
✅ Lote processado: 86 resultados inseridos
📊 Total acumulado: 11163 resultados
🔖 Checkpoint salvo: último ID = 13630

Processando lote de 100 itens (ID 13631 a 13751)...
✅ Lote processado: 87 resultados inseridos
📊 Total acumulado: 11250 resultados
🔖 Checkpoint salvo: último ID = 13751

Processando lote de 100 itens (ID 13752 a 13874)...
✅ Lote processado: 114 resultados inseridos
📊 Total acumulado: 11364 resultados
🔖 Checkpoint salvo: último ID = 13874

Processando lote de 100 itens (ID 13875 a 14092)...
✅ Lote processado: 113 resultados inseridos
📊 Total acumulado: 11477 resultados
🔖 Checkpoint salvo: último ID = 14092

Processando lote de 100 itens (ID 14093 a 14207)...
✅ Lote processado: 91 resultados inseridos
📊 Total acumulado: 11568 resultados
🔖 Checkpoint salvo: último ID = 14207

Processando lote de 100 itens (ID 14208 a 14311)...
✅ Lote processado: 82 resultados inseridos
📊 Total acumulado: 11650 resultados
🔖 Checkpoint salvo: último ID = 14311

Processando lote de 100 itens (ID 14312 a 14414)...
✅ Lote processado: 102 resultados inseridos
📊 Total acumulado: 11752 resultados
🔖 Checkpoint salvo: último ID = 14414

Processando lote de 100 itens (ID 14415 a 14515)...
✅ Lote processado: 87 resultados inseridos
📊 Total acumulado: 11839 resultados
🔖 Checkpoint salvo: último ID = 14515

Processando lote de 100 itens (ID 14516 a 14627)...
✅ Lote processado: 91 resultados inseridos
📊 Total acumulado: 11930 resultados
🔖 Checkpoint salvo: último ID = 14627

Processando lote de 100 itens (ID 14628 a 14822)...
✅ Lote processado: 89 resultados inseridos
📊 Total acumulado: 12019 resultados
🔖 Checkpoint salvo: último ID = 14822

Processando lote de 100 itens (ID 14823 a 14930)...
✅ Lote processado: 90 resultados inseridos
📊 Total acumulado: 12109 resultados
🔖 Checkpoint salvo: último ID = 14930

Processando lote de 100 itens (ID 14931 a 15044)...
✅ Lote processado: 86 resultados inseridos
📊 Total acumulado: 12195 resultados
🔖 Checkpoint salvo: último ID = 15044

Processando lote de 100 itens (ID 15045 a 15166)...
✅ Lote processado: 89 resultados inseridos
📊 Total acumulado: 12284 resultados
🔖 Checkpoint salvo: último ID = 15166

Processando lote de 100 itens (ID 15167 a 15270)...
✅ Lote processado: 86 resultados inseridos
📊 Total acumulado: 12370 resultados
🔖 Checkpoint salvo: último ID = 15270

Processando lote de 100 itens (ID 15271 a 15372)...
✅ Lote processado: 93 resultados inseridos
📊 Total acumulado: 12463 resultados
🔖 Checkpoint salvo: último ID = 15372

Processando lote de 100 itens (ID 15373 a 15480)...
✅ Lote processado: 90 resultados inseridos
📊 Total acumulado: 12553 resultados
🔖 Checkpoint salvo: último ID = 15480

Processando lote de 100 itens (ID 15481 a 15595)...
✅ Lote processado: 89 resultados inseridos
📊 Total acumulado: 12642 resultados
🔖 Checkpoint salvo: último ID = 15595

Processando lote de 100 itens (ID 15596 a 15792)...
✅ Lote processado: 100 resultados inseridos
📊 Total acumulado: 12742 resultados
🔖 Checkpoint salvo: último ID = 15792

Processando lote de 100 itens (ID 15793 a 15900)...
✅ Lote processado: 91 resultados inseridos
📊 Total acumulado: 12833 resultados
🔖 Checkpoint salvo: último ID = 15900

Processando lote de 100 itens (ID 15901 a 16007)...
✅ Lote processado: 88 resultados inseridos
📊 Total acumulado: 12921 resultados
🔖 Checkpoint salvo: último ID = 16007

Processando lote de 100 itens (ID 16008 a 16115)...
✅ Lote processado: 104 resultados inseridos
📊 Total acumulado: 13025 resultados
🔖 Checkpoint salvo: último ID = 16115

Processando lote de 100 itens (ID 16116 a 16216)...
✅ Lote processado: 100 resultados inseridos
📊 Total acumulado: 13125 resultados
🔖 Checkpoint salvo: último ID = 16216

Processando lote de 100 itens (ID 16217 a 16332)...
✅ Lote processado: 100 resultados inseridos
📊 Total acumulado: 13225 resultados
🔖 Checkpoint salvo: último ID = 16332

Processando lote de 100 itens (ID 16333 a 16475)...
✅ Lote processado: 100 resultados inseridos
📊 Total acumulado: 13325 resultados
🔖 Checkpoint salvo: último ID = 16475

Processando lote de 100 itens (ID 16476 a 16883)...
✅ Lote processado: 100 resultados inseridos
📊 Total acumulado: 13425 resultados
🔖 Checkpoint salvo: último ID = 16883

Processando lote de 100 itens (ID 16885 a 17005)...
Erro ao inserir resultado: (psycopg2.ProgrammingError) can't adapt type 'dict'
[SQL: 
                    INSERT INTO resultados (
                        numeroControlePNCPCompra, numeroItem, sequencialResultado,
                        niFornecedor, nomeRazaoSocialFornecedor, tipoPessoa,
                        porteFornecedorId, porteFornecedorNome,
                        valorUnitarioHomologado, quantidadeHomologada, valorTotalHomologado,
                        percentualDesconto, situacaoCompraItemResultadoId, situacaoCompraItemResultadoNome,
                        dataResultado, dataInclusao, dataAtualizacao,
                        ordemClassificacaoSrp, indicadorSubcontratacao,
                        aplicacaoMargemPreferencia, aplicacaoBeneficioMeEpp, aplicacaoCriterioDesempate,
                        motivoCancelamento, dataCancelamento, codigoPais, paisOrigemProdutoServico,
                        naturezaJuridicaId, naturezaJuridicaNome,
                        amparoLegalMargemPreferencia, amparoLegalCriterioDesempate,
                        moedaEstrangeira, valorNominalMoedaEstrangeira, dataCotacaoMoedaEstrangeira,
                        timezoneCotacaoMoedaEstrangeira
                    ) VALUES (
                        %(numeroControlePNCPCompra)s, %(numeroItem)s, %(sequencialResultado)s,
                        %(niFornecedor)s, %(nomeRazaoSocialFornecedor)s, %(tipoPessoa)s,
                        %(porteFornecedorId)s, %(porteFornecedorNome)s,
                        %(valorUnitarioHomologado)s, %(quantidadeHomologada)s, %(valorTotalHomologado)s,
                        %(percentualDesconto)s, %(situacaoCompraItemResultadoId)s, %(situacaoCompraItemResultadoNome)s,
                        %(dataResultado)s, %(dataInclusao)s, %(dataAtualizacao)s,
                        %(ordemClassificacaoSrp)s, %(indicadorSubcontratacao)s,
                        %(aplicacaoMargemPreferencia)s, %(aplicacaoBeneficioMeEpp)s, %(aplicacaoCriterioDesempate)s,
                        %(motivoCancelamento)s, %(dataCancelamento)s, %(codigoPais)s, %(paisOrigemProdutoServico)s,
                        %(naturezaJuridicaId)s, %(naturezaJuridicaNome)s,
                        %(amparoLegalMargemPreferencia)s, %(amparoLegalCriterioDesempate)s,
                        %(moedaEstrangeira)s, %(valorNominalMoedaEstrangeira)s, %(dataCotacaoMoedaEstrangeira)s,
                        %(timezoneCotacaoMoedaEstrangeira)s
                    )
                    ON CONFLICT (numeroControlePNCPCompra, numeroItem, sequencialResultado) 
                    DO UPDATE SET
                        nomeRazaoSocialFornecedor = EXCLUDED.nomeRazaoSocialFornecedor,
                        valorUnitarioHomologado = EXCLUDED.valorUnitarioHomologado,
                        valorTotalHomologado = EXCLUDED.valorTotalHomologado,
                        dataAtualizacao = EXCLUDED.dataAtualizacao
                ]
[parameters: {'numeroControlePNCPCompra': '19875020000134-1-000063/2024-000001', 'numeroItem': 23, 'sequencialResultado': 1, 'niFornecedor': '20951018000186', 'nomeRazaoSocialFornecedor': 'COMERCIO E TRANSPORTES QUEIROZ LTDA', 'tipoPessoa': 'PJ', 'porteFornecedorId': 1, 'porteFornecedorNome': 'ME', 'valorUnitarioHomologado': 152.0, 'quantidadeHomologada': 30.0, 'valorTotalHomologado': 4560.0, 'percentualDesconto': 0.0, 'situacaoCompraItemResultadoId': 1, 'situacaoCompraItemResultadoNome': 'Informado', 'dataResultado': '2024-10-08', 'dataInclusao': '2024-10-08T15:51:45', 'dataAtualizacao': '2024-10-08T15:51:45', 'ordemClassificacaoSrp': 1, 'indicadorSubcontratacao': False, 'aplicacaoMargemPreferencia': False, 'aplicacaoBeneficioMeEpp': False, 'aplicacaoCriterioDesempate': True, 'motivoCancelamento': None, 'dataCancelamento': None, 'codigoPais': 'BRA', 'paisOrigemProdutoServico': None, 'naturezaJuridicaId': '2062', 'naturezaJuridicaNome': 'Sociedade Empresária Limitada', 'amparoLegalMargemPreferencia': None, 'amparoLegalCriterioDesempate': {'id': 146, 'nome': 'Lei 14.133/2021, art. 60, §1º, I', 'descricao': 'Critério de desempate: Prioriza, em situações de empate onde nenhum outro critér ... (43 characters truncated) ... itório do Estado ou Distrito Federal do órgão licitante, ou, em licitações municipais, no Estado onde o município está situado.', 'statusAtivo': True}, 'moedaEstrangeira': None, 'valorNominalMoedaEstrangeira': None, 'dataCotacaoMoedaEstrangeira': None, 'timezoneCotacaoMoedaEstrangeira': None}]
(Background on this error at: https://sqlalche.me/e/20/f405)
Erro ao inserir resultado: (psycopg2.ProgrammingError) can't adapt type 'dict'
[SQL: 
                    INSERT INTO resultados (
                        numeroControlePNCPCompra, numeroItem, sequencialResultado,
                        niFornecedor, nomeRazaoSocialFornecedor, tipoPessoa,
                        porteFornecedorId, porteFornecedorNome,
                        valorUnitarioHomologado, quantidadeHomologada, valorTotalHomologado,
                        percentualDesconto, situacaoCompraItemResultadoId, situacaoCompraItemResultadoNome,
                        dataResultado, dataInclusao, dataAtualizacao,
                        ordemClassificacaoSrp, indicadorSubcontratacao,
                        aplicacaoMargemPreferencia, aplicacaoBeneficioMeEpp, aplicacaoCriterioDesempate,
                        motivoCancelamento, dataCancelamento, codigoPais, paisOrigemProdutoServico,
                        naturezaJuridicaId, naturezaJuridicaNome,
                        amparoLegalMargemPreferencia, amparoLegalCriterioDesempate,
                        moedaEstrangeira, valorNominalMoedaEstrangeira, dataCotacaoMoedaEstrangeira,
                        timezoneCotacaoMoedaEstrangeira
                    ) VALUES (
                        %(numeroControlePNCPCompra)s, %(numeroItem)s, %(sequencialResultado)s,
                        %(niFornecedor)s, %(nomeRazaoSocialFornecedor)s, %(tipoPessoa)s,
                        %(porteFornecedorId)s, %(porteFornecedorNome)s,
                        %(valorUnitarioHomologado)s, %(quantidadeHomologada)s, %(valorTotalHomologado)s,
                        %(percentualDesconto)s, %(situacaoCompraItemResultadoId)s, %(situacaoCompraItemResultadoNome)s,
                        %(dataResultado)s, %(dataInclusao)s, %(dataAtualizacao)s,
                        %(ordemClassificacaoSrp)s, %(indicadorSubcontratacao)s,
                        %(aplicacaoMargemPreferencia)s, %(aplicacaoBeneficioMeEpp)s, %(aplicacaoCriterioDesempate)s,
                        %(motivoCancelamento)s, %(dataCancelamento)s, %(codigoPais)s, %(paisOrigemProdutoServico)s,
                        %(naturezaJuridicaId)s, %(naturezaJuridicaNome)s,
                        %(amparoLegalMargemPreferencia)s, %(amparoLegalCriterioDesempate)s,
                        %(moedaEstrangeira)s, %(valorNominalMoedaEstrangeira)s, %(dataCotacaoMoedaEstrangeira)s,
                        %(timezoneCotacaoMoedaEstrangeira)s
                    )
                    ON CONFLICT (numeroControlePNCPCompra, numeroItem, sequencialResultado) 
                    DO UPDATE SET
                        nomeRazaoSocialFornecedor = EXCLUDED.nomeRazaoSocialFornecedor,
                        valorUnitarioHomologado = EXCLUDED.valorUnitarioHomologado,
                        valorTotalHomologado = EXCLUDED.valorTotalHomologado,
                        dataAtualizacao = EXCLUDED.dataAtualizacao
                ]
[parameters: {'numeroControlePNCPCompra': '19875020000134-1-000063/2024-000001', 'numeroItem': 25, 'sequencialResultado': 1, 'niFornecedor': '20951018000186', 'nomeRazaoSocialFornecedor': 'COMERCIO E TRANSPORTES QUEIROZ LTDA', 'tipoPessoa': 'PJ', 'porteFornecedorId': 1, 'porteFornecedorNome': 'ME', 'valorUnitarioHomologado': 150.0, 'quantidadeHomologada': 30.0, 'valorTotalHomologado': 4500.0, 'percentualDesconto': 0.0, 'situacaoCompraItemResultadoId': 1, 'situacaoCompraItemResultadoNome': 'Informado', 'dataResultado': '2024-10-08', 'dataInclusao': '2024-10-08T15:51:45', 'dataAtualizacao': '2024-10-08T15:51:45', 'ordemClassificacaoSrp': 1, 'indicadorSubcontratacao': False, 'aplicacaoMargemPreferencia': False, 'aplicacaoBeneficioMeEpp': False, 'aplicacaoCriterioDesempate': True, 'motivoCancelamento': None, 'dataCancelamento': None, 'codigoPais': 'BRA', 'paisOrigemProdutoServico': None, 'naturezaJuridicaId': '2062', 'naturezaJuridicaNome': 'Sociedade Empresária Limitada', 'amparoLegalMargemPreferencia': None, 'amparoLegalCriterioDesempate': {'id': 146, 'nome': 'Lei 14.133/2021, art. 60, §1º, I', 'descricao': 'Critério de desempate: Prioriza, em situações de empate onde nenhum outro critér ... (43 characters truncated) ... itório do Estado ou Distrito Federal do órgão licitante, ou, em licitações municipais, no Estado onde o município está situado.', 'statusAtivo': True}, 'moedaEstrangeira': None, 'valorNominalMoedaEstrangeira': None, 'dataCotacaoMoedaEstrangeira': None, 'timezoneCotacaoMoedaEstrangeira': None}]
(Background on this error at: https://sqlalche.me/e/20/f405)
✅ Lote processado: 98 resultados inseridos
📊 Total acumulado: 13523 resultados
🔖 Checkpoint salvo: último ID = 17005

Processando lote de 100 itens (ID 17006 a 17112)...
✅ Lote processado: 100 resultados inseridos
📊 Total acumulado: 13623 resultados
🔖 Checkpoint salvo: último ID = 17112

Processando lote de 100 itens (ID 17113 a 17231)...
✅ Lote processado: 204 resultados inseridos
📊 Total acumulado: 13827 resultados
🔖 Checkpoint salvo: último ID = 17231

Processando lote de 100 itens (ID 17232 a 17363)...
✅ Lote processado: 480 resultados inseridos
📊 Total acumulado: 14307 resultados
🔖 Checkpoint salvo: último ID = 17363

Processando lote de 100 itens (ID 17364 a 17484)...
✅ Lote processado: 100 resultados inseridos
📊 Total acumulado: 14407 resultados
🔖 Checkpoint salvo: último ID = 17484

Processando lote de 100 itens (ID 17485 a 17752)...
✅ Lote processado: 100 resultados inseridos
📊 Total acumulado: 14507 resultados
🔖 Checkpoint salvo: último ID = 17752

Processando lote de 100 itens (ID 17753 a 17857)...
✅ Lote processado: 100 resultados inseridos
📊 Total acumulado: 14607 resultados
🔖 Checkpoint salvo: último ID = 17857

Processando lote de 100 itens (ID 17858 a 17969)...
✅ Lote processado: 100 resultados inseridos
📊 Total acumulado: 14707 resultados
🔖 Checkpoint salvo: último ID = 17969

Processando lote de 100 itens (ID 17972 a 18131)...
✅ Lote processado: 103 resultados inseridos
📊 Total acumulado: 14810 resultados
🔖 Checkpoint salvo: último ID = 18131

Processando lote de 100 itens (ID 18132 a 18473)...
✅ Lote processado: 100 resultados inseridos
📊 Total acumulado: 14910 resultados
🔖 Checkpoint salvo: último ID = 18473

Processando lote de 100 itens (ID 18476 a 18588)...
✅ Lote processado: 100 resultados inseridos
📊 Total acumulado: 15010 resultados
🔖 Checkpoint salvo: último ID = 18588

Processando lote de 100 itens (ID 18590 a 18807)...
✅ Lote processado: 100 resultados inseridos
📊 Total acumulado: 15110 resultados
🔖 Checkpoint salvo: último ID = 18807

Processando lote de 100 itens (ID 18809 a 19198)...
✅ Lote processado: 100 resultados inseridos
📊 Total acumulado: 15210 resultados
🔖 Checkpoint salvo: último ID = 19198

Processando lote de 100 itens (ID 19199 a 19310)...
✅ Lote processado: 100 resultados inseridos
📊 Total acumulado: 15310 resultados
🔖 Checkpoint salvo: último ID = 19310

Processando lote de 100 itens (ID 19311 a 19464)...
✅ Lote processado: 100 resultados inseridos
📊 Total acumulado: 15410 resultados
🔖 Checkpoint salvo: último ID = 19464

Processando lote de 100 itens (ID 19465 a 19630)...
✅ Lote processado: 126 resultados inseridos
📊 Total acumulado: 15536 resultados
🔖 Checkpoint salvo: último ID = 19630

Processando lote de 100 itens (ID 19631 a 19936)...
✅ Lote processado: 100 resultados inseridos
📊 Total acumulado: 15636 resultados
🔖 Checkpoint salvo: último ID = 19936

Processando lote de 100 itens (ID 19937 a 20063)...
✅ Lote processado: 100 resultados inseridos
📊 Total acumulado: 15736 resultados
🔖 Checkpoint salvo: último ID = 20063

Processando lote de 100 itens (ID 20064 a 20205)...
✅ Lote processado: 100 resultados inseridos
📊 Total acumulado: 15836 resultados
🔖 Checkpoint salvo: último ID = 20205

Processando lote de 100 itens (ID 20206 a 20331)...
✅ Lote processado: 101 resultados inseridos
📊 Total acumulado: 15937 resultados
🔖 Checkpoint salvo: último ID = 20331

Processando lote de 100 itens (ID 20332 a 20449)...
✅ Lote processado: 100 resultados inseridos
📊 Total acumulado: 16037 resultados
🔖 Checkpoint salvo: último ID = 20449

Processando lote de 100 itens (ID 20450 a 20558)...
✅ Lote processado: 100 resultados inseridos
📊 Total acumulado: 16137 resultados
🔖 Checkpoint salvo: último ID = 20558

Processando lote de 100 itens (ID 20559 a 20665)...
✅ Lote processado: 100 resultados inseridos
📊 Total acumulado: 16237 resultados
🔖 Checkpoint salvo: último ID = 20665

Processando lote de 100 itens (ID 20666 a 20783)...
Erro ao inserir resultado: (psycopg2.ProgrammingError) can't adapt type 'dict'
[SQL: 
                    INSERT INTO resultados (
                        numeroControlePNCPCompra, numeroItem, sequencialResultado,
                        niFornecedor, nomeRazaoSocialFornecedor, tipoPessoa,
                        porteFornecedorId, porteFornecedorNome,
                        valorUnitarioHomologado, quantidadeHomologada, valorTotalHomologado,
                        percentualDesconto, situacaoCompraItemResultadoId, situacaoCompraItemResultadoNome,
                        dataResultado, dataInclusao, dataAtualizacao,
                        ordemClassificacaoSrp, indicadorSubcontratacao,
                        aplicacaoMargemPreferencia, aplicacaoBeneficioMeEpp, aplicacaoCriterioDesempate,
                        motivoCancelamento, dataCancelamento, codigoPais, paisOrigemProdutoServico,
                        naturezaJuridicaId, naturezaJuridicaNome,
                        amparoLegalMargemPreferencia, amparoLegalCriterioDesempate,
                        moedaEstrangeira, valorNominalMoedaEstrangeira, dataCotacaoMoedaEstrangeira,
                        timezoneCotacaoMoedaEstrangeira
                    ) VALUES (
                        %(numeroControlePNCPCompra)s, %(numeroItem)s, %(sequencialResultado)s,
                        %(niFornecedor)s, %(nomeRazaoSocialFornecedor)s, %(tipoPessoa)s,
                        %(porteFornecedorId)s, %(porteFornecedorNome)s,
                        %(valorUnitarioHomologado)s, %(quantidadeHomologada)s, %(valorTotalHomologado)s,
                        %(percentualDesconto)s, %(situacaoCompraItemResultadoId)s, %(situacaoCompraItemResultadoNome)s,
                        %(dataResultado)s, %(dataInclusao)s, %(dataAtualizacao)s,
                        %(ordemClassificacaoSrp)s, %(indicadorSubcontratacao)s,
                        %(aplicacaoMargemPreferencia)s, %(aplicacaoBeneficioMeEpp)s, %(aplicacaoCriterioDesempate)s,
                        %(motivoCancelamento)s, %(dataCancelamento)s, %(codigoPais)s, %(paisOrigemProdutoServico)s,
                        %(naturezaJuridicaId)s, %(naturezaJuridicaNome)s,
                        %(amparoLegalMargemPreferencia)s, %(amparoLegalCriterioDesempate)s,
                        %(moedaEstrangeira)s, %(valorNominalMoedaEstrangeira)s, %(dataCotacaoMoedaEstrangeira)s,
                        %(timezoneCotacaoMoedaEstrangeira)s
                    )
                    ON CONFLICT (numeroControlePNCPCompra, numeroItem, sequencialResultado) 
                    DO UPDATE SET
                        nomeRazaoSocialFornecedor = EXCLUDED.nomeRazaoSocialFornecedor,
                        valorUnitarioHomologado = EXCLUDED.valorUnitarioHomologado,
                        valorTotalHomologado = EXCLUDED.valorTotalHomologado,
                        dataAtualizacao = EXCLUDED.dataAtualizacao
                ]
[parameters: {'numeroControlePNCPCompra': '51816247000111-1-000866/2024-000001', 'numeroItem': 7, 'sequencialResultado': 1, 'niFornecedor': '11195057000100', 'nomeRazaoSocialFornecedor': 'AVAREMED DISTRIBUIDORA DE MEDICAMENTOS LTDA', 'tipoPessoa': 'PJ', 'porteFornecedorId': 3, 'porteFornecedorNome': 'Demais', 'valorUnitarioHomologado': 0.46, 'quantidadeHomologada': 240000.0, 'valorTotalHomologado': 110400.0, 'percentualDesconto': 0.0, 'situacaoCompraItemResultadoId': 1, 'situacaoCompraItemResultadoNome': 'Informado', 'dataResultado': '2024-11-27', 'dataInclusao': '2024-11-27T11:04:34', 'dataAtualizacao': '2024-11-27T11:04:34', 'ordemClassificacaoSrp': 1, 'indicadorSubcontratacao': False, 'aplicacaoMargemPreferencia': False, 'aplicacaoBeneficioMeEpp': False, 'aplicacaoCriterioDesempate': True, 'motivoCancelamento': None, 'dataCancelamento': None, 'codigoPais': 'BRA', 'paisOrigemProdutoServico': None, 'naturezaJuridicaId': '2062', 'naturezaJuridicaNome': 'Sociedade Empresária Limitada', 'amparoLegalMargemPreferencia': None, 'amparoLegalCriterioDesempate': {'id': 146, 'nome': 'Lei 14.133/2021, art. 60, §1º, I', 'descricao': 'Critério de desempate: Prioriza, em situações de empate onde nenhum outro critér ... (43 characters truncated) ... itório do Estado ou Distrito Federal do órgão licitante, ou, em licitações municipais, no Estado onde o município está situado.', 'statusAtivo': True}, 'moedaEstrangeira': None, 'valorNominalMoedaEstrangeira': None, 'dataCotacaoMoedaEstrangeira': None, 'timezoneCotacaoMoedaEstrangeira': None}]
(Background on this error at: https://sqlalche.me/e/20/f405)
✅ Lote processado: 99 resultados inseridos
📊 Total acumulado: 16336 resultados
🔖 Checkpoint salvo: último ID = 20783

Processando lote de 100 itens (ID 20784 a 20905)...
✅ Lote processado: 100 resultados inseridos
📊 Total acumulado: 16436 resultados
🔖 Checkpoint salvo: último ID = 20905

Processando lote de 100 itens (ID 20906 a 21006)...
✅ Lote processado: 100 resultados inseridos
📊 Total acumulado: 16536 resultados
🔖 Checkpoint salvo: último ID = 21006

Processando lote de 100 itens (ID 21007 a 21106)...
✅ Lote processado: 100 resultados inseridos
📊 Total acumulado: 16636 resultados
🔖 Checkpoint salvo: último ID = 21106

Processando lote de 100 itens (ID 21107 a 21230)...
✅ Lote processado: 101 resultados inseridos
📊 Total acumulado: 16737 resultados
🔖 Checkpoint salvo: último ID = 21230

Processando lote de 100 itens (ID 21231 a 21337)...
✅ Lote processado: 100 resultados inseridos
📊 Total acumulado: 16837 resultados
🔖 Checkpoint salvo: último ID = 21337

Processando lote de 100 itens (ID 21338 a 21545)...
✅ Lote processado: 100 resultados inseridos
📊 Total acumulado: 16937 resultados
🔖 Checkpoint salvo: último ID = 21545

Processando lote de 100 itens (ID 21546 a 21878)...
✅ Lote processado: 100 resultados inseridos
📊 Total acumulado: 17037 resultados
🔖 Checkpoint salvo: último ID = 21878

Processando lote de 100 itens (ID 21879 a 21981)...
✅ Lote processado: 100 resultados inseridos
📊 Total acumulado: 17137 resultados
🔖 Checkpoint salvo: último ID = 21981

Processando lote de 100 itens (ID 21982 a 22087)...
✅ Lote processado: 100 resultados inseridos
📊 Total acumulado: 17237 resultados
🔖 Checkpoint salvo: último ID = 22087

Processando lote de 100 itens (ID 22088 a 22191)...
✅ Lote processado: 115 resultados inseridos
📊 Total acumulado: 17352 resultados
🔖 Checkpoint salvo: último ID = 22191

Processando lote de 100 itens (ID 22192 a 22322)...
✅ Lote processado: 100 resultados inseridos
📊 Total acumulado: 17452 resultados
🔖 Checkpoint salvo: último ID = 22322

Processando lote de 100 itens (ID 22385 a 22491)...
✅ Lote processado: 102 resultados inseridos
📊 Total acumulado: 17554 resultados
🔖 Checkpoint salvo: último ID = 22491

Processando lote de 100 itens (ID 22492 a 22624)...
✅ Lote processado: 100 resultados inseridos
📊 Total acumulado: 17654 resultados
🔖 Checkpoint salvo: último ID = 22624

Processando lote de 100 itens (ID 22625 a 22726)...
✅ Lote processado: 100 resultados inseridos
📊 Total acumulado: 17754 resultados
🔖 Checkpoint salvo: último ID = 22726

Processando lote de 100 itens (ID 22727 a 22836)...
✅ Lote processado: 100 resultados inseridos
📊 Total acumulado: 17854 resultados
🔖 Checkpoint salvo: último ID = 22836

Processando lote de 100 itens (ID 22837 a 22951)...
✅ Lote processado: 100 resultados inseridos
📊 Total acumulado: 17954 resultados
🔖 Checkpoint salvo: último ID = 22951

Processando lote de 100 itens (ID 22952 a 23072)...
✅ Lote processado: 100 resultados inseridos
📊 Total acumulado: 18054 resultados
🔖 Checkpoint salvo: último ID = 23072

Processando lote de 100 itens (ID 23073 a 23176)...
✅ Lote processado: 100 resultados inseridos
📊 Total acumulado: 18154 resultados
🔖 Checkpoint salvo: último ID = 23176

Processando lote de 100 itens (ID 23177 a 23281)...
✅ Lote processado: 100 resultados inseridos
📊 Total acumulado: 18254 resultados
🔖 Checkpoint salvo: último ID = 23281

Processando lote de 100 itens (ID 23282 a 23386)...
✅ Lote processado: 100 resultados inseridos
📊 Total acumulado: 18354 resultados
🔖 Checkpoint salvo: último ID = 23386

Processando lote de 100 itens (ID 23387 a 24056)...
✅ Lote processado: 100 resultados inseridos
📊 Total acumulado: 18454 resultados
🔖 Checkpoint salvo: último ID = 24056

Processando lote de 100 itens (ID 24057 a 24191)...
✅ Lote processado: 100 resultados inseridos
📊 Total acumulado: 18554 resultados
🔖 Checkpoint salvo: último ID = 24191

Processando lote de 100 itens (ID 24192 a 24502)...
✅ Lote processado: 100 resultados inseridos
📊 Total acumulado: 18654 resultados
🔖 Checkpoint salvo: último ID = 24502

Processando lote de 100 itens (ID 24503 a 24716)...
✅ Lote processado: 250 resultados inseridos
📊 Total acumulado: 18904 resultados
🔖 Checkpoint salvo: último ID = 24716

Processando lote de 100 itens (ID 24717 a 24936)...
✅ Lote processado: 130 resultados inseridos
📊 Total acumulado: 19034 resultados
🔖 Checkpoint salvo: último ID = 24936

Processando lote de 100 itens (ID 24937 a 25037)...
✅ Lote processado: 100 resultados inseridos
📊 Total acumulado: 19134 resultados
🔖 Checkpoint salvo: último ID = 25037

Processando lote de 100 itens (ID 25038 a 25139)...
✅ Lote processado: 100 resultados inseridos
📊 Total acumulado: 19234 resultados
🔖 Checkpoint salvo: último ID = 25139

Processando lote de 100 itens (ID 25140 a 25301)...
✅ Lote processado: 100 resultados inseridos
📊 Total acumulado: 19334 resultados
🔖 Checkpoint salvo: último ID = 25301

Processando lote de 100 itens (ID 25302 a 25415)...
✅ Lote processado: 100 resultados inseridos
📊 Total acumulado: 19434 resultados
🔖 Checkpoint salvo: último ID = 25415

Processando lote de 100 itens (ID 25416 a 25516)...
✅ Lote processado: 100 resultados inseridos
📊 Total acumulado: 19534 resultados
🔖 Checkpoint salvo: último ID = 25516

Processando lote de 100 itens (ID 25517 a 25618)...
✅ Lote processado: 100 resultados inseridos
📊 Total acumulado: 19634 resultados
🔖 Checkpoint salvo: último ID = 25618

Processando lote de 100 itens (ID 25619 a 25905)...
✅ Lote processado: 102 resultados inseridos
📊 Total acumulado: 19736 resultados
🔖 Checkpoint salvo: último ID = 25905

Processando lote de 100 itens (ID 25906 a 26114)...
✅ Lote processado: 100 resultados inseridos
📊 Total acumulado: 19836 resultados
🔖 Checkpoint salvo: último ID = 26114

Processando lote de 100 itens (ID 26115 a 26249)...
✅ Lote processado: 101 resultados inseridos
📊 Total acumulado: 19937 resultados
🔖 Checkpoint salvo: último ID = 26249

Processando lote de 100 itens (ID 26251 a 26393)...
✅ Lote processado: 100 resultados inseridos
📊 Total acumulado: 20037 resultados
🔖 Checkpoint salvo: último ID = 26393

Processando lote de 100 itens (ID 26394 a 26721)...
✅ Lote processado: 100 resultados inseridos
📊 Total acumulado: 20137 resultados
🔖 Checkpoint salvo: último ID = 26721

Processando lote de 100 itens (ID 26722 a 26831)...
✅ Lote processado: 100 resultados inseridos
📊 Total acumulado: 20237 resultados
🔖 Checkpoint salvo: último ID = 26831

Processando lote de 100 itens (ID 26832 a 26945)...
✅ Lote processado: 100 resultados inseridos
📊 Total acumulado: 20337 resultados
🔖 Checkpoint salvo: último ID = 26945

Processando lote de 100 itens (ID 26946 a 27057)...
✅ Lote processado: 100 resultados inseridos
📊 Total acumulado: 20437 resultados
🔖 Checkpoint salvo: último ID = 27057

Processando lote de 100 itens (ID 27058 a 27179)...
✅ Lote processado: 101 resultados inseridos
📊 Total acumulado: 20538 resultados
🔖 Checkpoint salvo: último ID = 27179

Processando lote de 100 itens (ID 27180 a 27291)...
✅ Lote processado: 100 resultados inseridos
📊 Total acumulado: 20638 resultados
🔖 Checkpoint salvo: último ID = 27291

Processando lote de 100 itens (ID 27293 a 27482)...
✅ Lote processado: 100 resultados inseridos
📊 Total acumulado: 20738 resultados
🔖 Checkpoint salvo: último ID = 27482

Processando lote de 100 itens (ID 27483 a 27596)...
✅ Lote processado: 108 resultados inseridos
📊 Total acumulado: 20846 resultados
🔖 Checkpoint salvo: último ID = 27596

Processando lote de 100 itens (ID 27597 a 27713)...
✅ Lote processado: 100 resultados inseridos
📊 Total acumulado: 20946 resultados
🔖 Checkpoint salvo: último ID = 27713

Processando lote de 100 itens (ID 27714 a 27829)...
✅ Lote processado: 100 resultados inseridos
📊 Total acumulado: 21046 resultados
🔖 Checkpoint salvo: último ID = 27829

Processando lote de 100 itens (ID 27834 a 27945)...
✅ Lote processado: 100 resultados inseridos
📊 Total acumulado: 21146 resultados
🔖 Checkpoint salvo: último ID = 27945

Processando lote de 100 itens (ID 27946 a 28056)...
✅ Lote processado: 100 resultados inseridos
📊 Total acumulado: 21246 resultados
🔖 Checkpoint salvo: último ID = 28056

Processando lote de 100 itens (ID 28057 a 28162)...
✅ Lote processado: 100 resultados inseridos
📊 Total acumulado: 21346 resultados
🔖 Checkpoint salvo: último ID = 28162

Processando lote de 100 itens (ID 28163 a 28571)...
✅ Lote processado: 100 resultados inseridos
📊 Total acumulado: 21446 resultados
🔖 Checkpoint salvo: último ID = 28571

Processando lote de 100 itens (ID 28572 a 28689)...
✅ Lote processado: 105 resultados inseridos
📊 Total acumulado: 21551 resultados
🔖 Checkpoint salvo: último ID = 28689

Processando lote de 100 itens (ID 28690 a 28946)...
✅ Lote processado: 100 resultados inseridos
📊 Total acumulado: 21651 resultados
🔖 Checkpoint salvo: último ID = 28946

Processando lote de 100 itens (ID 28947 a 29047)...
✅ Lote processado: 100 resultados inseridos
📊 Total acumulado: 21751 resultados
🔖 Checkpoint salvo: último ID = 29047

Processando lote de 100 itens (ID 29048 a 29150)...
✅ Lote processado: 100 resultados inseridos
📊 Total acumulado: 21851 resultados
🔖 Checkpoint salvo: último ID = 29150

Processando lote de 100 itens (ID 29151 a 29302)...
✅ Lote processado: 100 resultados inseridos
📊 Total acumulado: 21951 resultados
🔖 Checkpoint salvo: último ID = 29302

Processando lote de 100 itens (ID 29303 a 29427)...
✅ Lote processado: 100 resultados inseridos
📊 Total acumulado: 22051 resultados
🔖 Checkpoint salvo: último ID = 29427

Processando lote de 100 itens (ID 29428 a 29570)...
✅ Lote processado: 109 resultados inseridos
📊 Total acumulado: 22160 resultados
🔖 Checkpoint salvo: último ID = 29570

Processando lote de 100 itens (ID 29571 a 29711)...
✅ Lote processado: 100 resultados inseridos
📊 Total acumulado: 22260 resultados
🔖 Checkpoint salvo: último ID = 29711

Processando lote de 100 itens (ID 29712 a 29819)...
Erro ao inserir resultado: (psycopg2.ProgrammingError) can't adapt type 'dict'
[SQL: 
                    INSERT INTO resultados (
                        numeroControlePNCPCompra, numeroItem, sequencialResultado,
                        niFornecedor, nomeRazaoSocialFornecedor, tipoPessoa,
                        porteFornecedorId, porteFornecedorNome,
                        valorUnitarioHomologado, quantidadeHomologada, valorTotalHomologado,
                        percentualDesconto, situacaoCompraItemResultadoId, situacaoCompraItemResultadoNome,
                        dataResultado, dataInclusao, dataAtualizacao,
                        ordemClassificacaoSrp, indicadorSubcontratacao,
                        aplicacaoMargemPreferencia, aplicacaoBeneficioMeEpp, aplicacaoCriterioDesempate,
                        motivoCancelamento, dataCancelamento, codigoPais, paisOrigemProdutoServico,
                        naturezaJuridicaId, naturezaJuridicaNome,
                        amparoLegalMargemPreferencia, amparoLegalCriterioDesempate,
                        moedaEstrangeira, valorNominalMoedaEstrangeira, dataCotacaoMoedaEstrangeira,
                        timezoneCotacaoMoedaEstrangeira
                    ) VALUES (
                        %(numeroControlePNCPCompra)s, %(numeroItem)s, %(sequencialResultado)s,
                        %(niFornecedor)s, %(nomeRazaoSocialFornecedor)s, %(tipoPessoa)s,
                        %(porteFornecedorId)s, %(porteFornecedorNome)s,
                        %(valorUnitarioHomologado)s, %(quantidadeHomologada)s, %(valorTotalHomologado)s,
                        %(percentualDesconto)s, %(situacaoCompraItemResultadoId)s, %(situacaoCompraItemResultadoNome)s,
                        %(dataResultado)s, %(dataInclusao)s, %(dataAtualizacao)s,
                        %(ordemClassificacaoSrp)s, %(indicadorSubcontratacao)s,
                        %(aplicacaoMargemPreferencia)s, %(aplicacaoBeneficioMeEpp)s, %(aplicacaoCriterioDesempate)s,
                        %(motivoCancelamento)s, %(dataCancelamento)s, %(codigoPais)s, %(paisOrigemProdutoServico)s,
                        %(naturezaJuridicaId)s, %(naturezaJuridicaNome)s,
                        %(amparoLegalMargemPreferencia)s, %(amparoLegalCriterioDesempate)s,
                        %(moedaEstrangeira)s, %(valorNominalMoedaEstrangeira)s, %(dataCotacaoMoedaEstrangeira)s,
                        %(timezoneCotacaoMoedaEstrangeira)s
                    )
                    ON CONFLICT (numeroControlePNCPCompra, numeroItem, sequencialResultado) 
                    DO UPDATE SET
                        nomeRazaoSocialFornecedor = EXCLUDED.nomeRazaoSocialFornecedor,
                        valorUnitarioHomologado = EXCLUDED.valorUnitarioHomologado,
                        valorTotalHomologado = EXCLUDED.valorTotalHomologado,
                        dataAtualizacao = EXCLUDED.dataAtualizacao
                ]
[parameters: {'numeroControlePNCPCompra': '76105543000135-1-000147/2024-000001', 'numeroItem': 2, 'sequencialResultado': 1, 'niFornecedor': '42034014000176', 'nomeRazaoSocialFornecedor': 'PLANAXIS EDITORIAL LTDA', 'tipoPessoa': 'PJ', 'porteFornecedorId': 1, 'porteFornecedorNome': 'ME', 'valorUnitarioHomologado': 219.9, 'quantidadeHomologada': 981.0, 'valorTotalHomologado': 215721.9, 'percentualDesconto': 0.0, 'situacaoCompraItemResultadoId': 1, 'situacaoCompraItemResultadoNome': 'Informado', 'dataResultado': '2024-11-26', 'dataInclusao': '2024-11-26T11:28:24', 'dataAtualizacao': '2024-11-26T11:28:24', 'ordemClassificacaoSrp': 1, 'indicadorSubcontratacao': False, 'aplicacaoMargemPreferencia': False, 'aplicacaoBeneficioMeEpp': True, 'aplicacaoCriterioDesempate': True, 'motivoCancelamento': None, 'dataCancelamento': None, 'codigoPais': 'BRA', 'paisOrigemProdutoServico': None, 'naturezaJuridicaId': '2062', 'naturezaJuridicaNome': 'Sociedade Empresária Limitada', 'amparoLegalMargemPreferencia': None, 'amparoLegalCriterioDesempate': {'id': 148, 'nome': 'Lei 14.133/2021, art. 60, outros incisos', 'descricao': 'Critério de desempate: Utilizar esse código quando a justificativa de de ... (82 characters truncated) ... evistos nos Amparos Legais, códigos 145; 146; e 147, constantes no Manual de Integração do PNCP em seu item 5.15. Amparo Legal.', 'statusAtivo': True}, 'moedaEstrangeira': None, 'valorNominalMoedaEstrangeira': None, 'dataCotacaoMoedaEstrangeira': None, 'timezoneCotacaoMoedaEstrangeira': None}]
(Background on this error at: https://sqlalche.me/e/20/f405)
Erro ao inserir resultado: (psycopg2.ProgrammingError) can't adapt type 'dict'
[SQL: 
                    INSERT INTO resultados (
                        numeroControlePNCPCompra, numeroItem, sequencialResultado,
                        niFornecedor, nomeRazaoSocialFornecedor, tipoPessoa,
                        porteFornecedorId, porteFornecedorNome,
                        valorUnitarioHomologado, quantidadeHomologada, valorTotalHomologado,
                        percentualDesconto, situacaoCompraItemResultadoId, situacaoCompraItemResultadoNome,
                        dataResultado, dataInclusao, dataAtualizacao,
                        ordemClassificacaoSrp, indicadorSubcontratacao,
                        aplicacaoMargemPreferencia, aplicacaoBeneficioMeEpp, aplicacaoCriterioDesempate,
                        motivoCancelamento, dataCancelamento, codigoPais, paisOrigemProdutoServico,
                        naturezaJuridicaId, naturezaJuridicaNome,
                        amparoLegalMargemPreferencia, amparoLegalCriterioDesempate,
                        moedaEstrangeira, valorNominalMoedaEstrangeira, dataCotacaoMoedaEstrangeira,
                        timezoneCotacaoMoedaEstrangeira
                    ) VALUES (
                        %(numeroControlePNCPCompra)s, %(numeroItem)s, %(sequencialResultado)s,
                        %(niFornecedor)s, %(nomeRazaoSocialFornecedor)s, %(tipoPessoa)s,
                        %(porteFornecedorId)s, %(porteFornecedorNome)s,
                        %(valorUnitarioHomologado)s, %(quantidadeHomologada)s, %(valorTotalHomologado)s,
                        %(percentualDesconto)s, %(situacaoCompraItemResultadoId)s, %(situacaoCompraItemResultadoNome)s,
                        %(dataResultado)s, %(dataInclusao)s, %(dataAtualizacao)s,
                        %(ordemClassificacaoSrp)s, %(indicadorSubcontratacao)s,
                        %(aplicacaoMargemPreferencia)s, %(aplicacaoBeneficioMeEpp)s, %(aplicacaoCriterioDesempate)s,
                        %(motivoCancelamento)s, %(dataCancelamento)s, %(codigoPais)s, %(paisOrigemProdutoServico)s,
                        %(naturezaJuridicaId)s, %(naturezaJuridicaNome)s,
                        %(amparoLegalMargemPreferencia)s, %(amparoLegalCriterioDesempate)s,
                        %(moedaEstrangeira)s, %(valorNominalMoedaEstrangeira)s, %(dataCotacaoMoedaEstrangeira)s,
                        %(timezoneCotacaoMoedaEstrangeira)s
                    )
                    ON CONFLICT (numeroControlePNCPCompra, numeroItem, sequencialResultado) 
                    DO UPDATE SET
                        nomeRazaoSocialFornecedor = EXCLUDED.nomeRazaoSocialFornecedor,
                        valorUnitarioHomologado = EXCLUDED.valorUnitarioHomologado,
                        valorTotalHomologado = EXCLUDED.valorTotalHomologado,
                        dataAtualizacao = EXCLUDED.dataAtualizacao
                ]
[parameters: {'numeroControlePNCPCompra': '76105543000135-1-000147/2024-000001', 'numeroItem': 5, 'sequencialResultado': 1, 'niFornecedor': '42034014000176', 'nomeRazaoSocialFornecedor': 'PLANAXIS EDITORIAL LTDA', 'tipoPessoa': 'PJ', 'porteFornecedorId': 1, 'porteFornecedorNome': 'ME', 'valorUnitarioHomologado': 220.0, 'quantidadeHomologada': 2302.0, 'valorTotalHomologado': 506440.0, 'percentualDesconto': 0.0, 'situacaoCompraItemResultadoId': 1, 'situacaoCompraItemResultadoNome': 'Informado', 'dataResultado': '2024-11-26', 'dataInclusao': '2024-11-26T11:28:24', 'dataAtualizacao': '2024-11-26T11:28:24', 'ordemClassificacaoSrp': 1, 'indicadorSubcontratacao': False, 'aplicacaoMargemPreferencia': False, 'aplicacaoBeneficioMeEpp': True, 'aplicacaoCriterioDesempate': True, 'motivoCancelamento': None, 'dataCancelamento': None, 'codigoPais': 'BRA', 'paisOrigemProdutoServico': None, 'naturezaJuridicaId': '2062', 'naturezaJuridicaNome': 'Sociedade Empresária Limitada', 'amparoLegalMargemPreferencia': None, 'amparoLegalCriterioDesempate': {'id': 148, 'nome': 'Lei 14.133/2021, art. 60, outros incisos', 'descricao': 'Critério de desempate: Utilizar esse código quando a justificativa de de ... (82 characters truncated) ... evistos nos Amparos Legais, códigos 145; 146; e 147, constantes no Manual de Integração do PNCP em seu item 5.15. Amparo Legal.', 'statusAtivo': True}, 'moedaEstrangeira': None, 'valorNominalMoedaEstrangeira': None, 'dataCotacaoMoedaEstrangeira': None, 'timezoneCotacaoMoedaEstrangeira': None}]
(Background on this error at: https://sqlalche.me/e/20/f405)
Erro ao inserir resultado: (psycopg2.ProgrammingError) can't adapt type 'dict'
[SQL: 
                    INSERT INTO resultados (
                        numeroControlePNCPCompra, numeroItem, sequencialResultado,
                        niFornecedor, nomeRazaoSocialFornecedor, tipoPessoa,
                        porteFornecedorId, porteFornecedorNome,
                        valorUnitarioHomologado, quantidadeHomologada, valorTotalHomologado,
                        percentualDesconto, situacaoCompraItemResultadoId, situacaoCompraItemResultadoNome,
                        dataResultado, dataInclusao, dataAtualizacao,
                        ordemClassificacaoSrp, indicadorSubcontratacao,
                        aplicacaoMargemPreferencia, aplicacaoBeneficioMeEpp, aplicacaoCriterioDesempate,
                        motivoCancelamento, dataCancelamento, codigoPais, paisOrigemProdutoServico,
                        naturezaJuridicaId, naturezaJuridicaNome,
                        amparoLegalMargemPreferencia, amparoLegalCriterioDesempate,
                        moedaEstrangeira, valorNominalMoedaEstrangeira, dataCotacaoMoedaEstrangeira,
                        timezoneCotacaoMoedaEstrangeira
                    ) VALUES (
                        %(numeroControlePNCPCompra)s, %(numeroItem)s, %(sequencialResultado)s,
                        %(niFornecedor)s, %(nomeRazaoSocialFornecedor)s, %(tipoPessoa)s,
                        %(porteFornecedorId)s, %(porteFornecedorNome)s,
                        %(valorUnitarioHomologado)s, %(quantidadeHomologada)s, %(valorTotalHomologado)s,
                        %(percentualDesconto)s, %(situacaoCompraItemResultadoId)s, %(situacaoCompraItemResultadoNome)s,
                        %(dataResultado)s, %(dataInclusao)s, %(dataAtualizacao)s,
                        %(ordemClassificacaoSrp)s, %(indicadorSubcontratacao)s,
                        %(aplicacaoMargemPreferencia)s, %(aplicacaoBeneficioMeEpp)s, %(aplicacaoCriterioDesempate)s,
                        %(motivoCancelamento)s, %(dataCancelamento)s, %(codigoPais)s, %(paisOrigemProdutoServico)s,
                        %(naturezaJuridicaId)s, %(naturezaJuridicaNome)s,
                        %(amparoLegalMargemPreferencia)s, %(amparoLegalCriterioDesempate)s,
                        %(moedaEstrangeira)s, %(valorNominalMoedaEstrangeira)s, %(dataCotacaoMoedaEstrangeira)s,
                        %(timezoneCotacaoMoedaEstrangeira)s
                    )
                    ON CONFLICT (numeroControlePNCPCompra, numeroItem, sequencialResultado) 
                    DO UPDATE SET
                        nomeRazaoSocialFornecedor = EXCLUDED.nomeRazaoSocialFornecedor,
                        valorUnitarioHomologado = EXCLUDED.valorUnitarioHomologado,
                        valorTotalHomologado = EXCLUDED.valorTotalHomologado,
                        dataAtualizacao = EXCLUDED.dataAtualizacao
                ]
[parameters: {'numeroControlePNCPCompra': '76105543000135-1-000147/2024-000001', 'numeroItem': 3, 'sequencialResultado': 1, 'niFornecedor': '42034014000176', 'nomeRazaoSocialFornecedor': 'PLANAXIS EDITORIAL LTDA', 'tipoPessoa': 'PJ', 'porteFornecedorId': 1, 'porteFornecedorNome': 'ME', 'valorUnitarioHomologado': 219.0, 'quantidadeHomologada': 3247.0, 'valorTotalHomologado': 711093.0, 'percentualDesconto': 0.0, 'situacaoCompraItemResultadoId': 1, 'situacaoCompraItemResultadoNome': 'Informado', 'dataResultado': '2024-11-26', 'dataInclusao': '2024-11-26T11:28:24', 'dataAtualizacao': '2024-11-26T11:28:24', 'ordemClassificacaoSrp': 1, 'indicadorSubcontratacao': False, 'aplicacaoMargemPreferencia': False, 'aplicacaoBeneficioMeEpp': True, 'aplicacaoCriterioDesempate': True, 'motivoCancelamento': None, 'dataCancelamento': None, 'codigoPais': 'BRA', 'paisOrigemProdutoServico': None, 'naturezaJuridicaId': '2062', 'naturezaJuridicaNome': 'Sociedade Empresária Limitada', 'amparoLegalMargemPreferencia': None, 'amparoLegalCriterioDesempate': {'id': 148, 'nome': 'Lei 14.133/2021, art. 60, outros incisos', 'descricao': 'Critério de desempate: Utilizar esse código quando a justificativa de de ... (82 characters truncated) ... evistos nos Amparos Legais, códigos 145; 146; e 147, constantes no Manual de Integração do PNCP em seu item 5.15. Amparo Legal.', 'statusAtivo': True}, 'moedaEstrangeira': None, 'valorNominalMoedaEstrangeira': None, 'dataCotacaoMoedaEstrangeira': None, 'timezoneCotacaoMoedaEstrangeira': None}]
(Background on this error at: https://sqlalche.me/e/20/f405)
Erro ao inserir resultado: (psycopg2.ProgrammingError) can't adapt type 'dict'
[SQL: 
                    INSERT INTO resultados (
                        numeroControlePNCPCompra, numeroItem, sequencialResultado,
                        niFornecedor, nomeRazaoSocialFornecedor, tipoPessoa,
                        porteFornecedorId, porteFornecedorNome,
                        valorUnitarioHomologado, quantidadeHomologada, valorTotalHomologado,
                        percentualDesconto, situacaoCompraItemResultadoId, situacaoCompraItemResultadoNome,
                        dataResultado, dataInclusao, dataAtualizacao,
                        ordemClassificacaoSrp, indicadorSubcontratacao,
                        aplicacaoMargemPreferencia, aplicacaoBeneficioMeEpp, aplicacaoCriterioDesempate,
                        motivoCancelamento, dataCancelamento, codigoPais, paisOrigemProdutoServico,
                        naturezaJuridicaId, naturezaJuridicaNome,
                        amparoLegalMargemPreferencia, amparoLegalCriterioDesempate,
                        moedaEstrangeira, valorNominalMoedaEstrangeira, dataCotacaoMoedaEstrangeira,
                        timezoneCotacaoMoedaEstrangeira
                    ) VALUES (
                        %(numeroControlePNCPCompra)s, %(numeroItem)s, %(sequencialResultado)s,
                        %(niFornecedor)s, %(nomeRazaoSocialFornecedor)s, %(tipoPessoa)s,
                        %(porteFornecedorId)s, %(porteFornecedorNome)s,
                        %(valorUnitarioHomologado)s, %(quantidadeHomologada)s, %(valorTotalHomologado)s,
                        %(percentualDesconto)s, %(situacaoCompraItemResultadoId)s, %(situacaoCompraItemResultadoNome)s,
                        %(dataResultado)s, %(dataInclusao)s, %(dataAtualizacao)s,
                        %(ordemClassificacaoSrp)s, %(indicadorSubcontratacao)s,
                        %(aplicacaoMargemPreferencia)s, %(aplicacaoBeneficioMeEpp)s, %(aplicacaoCriterioDesempate)s,
                        %(motivoCancelamento)s, %(dataCancelamento)s, %(codigoPais)s, %(paisOrigemProdutoServico)s,
                        %(naturezaJuridicaId)s, %(naturezaJuridicaNome)s,
                        %(amparoLegalMargemPreferencia)s, %(amparoLegalCriterioDesempate)s,
                        %(moedaEstrangeira)s, %(valorNominalMoedaEstrangeira)s, %(dataCotacaoMoedaEstrangeira)s,
                        %(timezoneCotacaoMoedaEstrangeira)s
                    )
                    ON CONFLICT (numeroControlePNCPCompra, numeroItem, sequencialResultado) 
                    DO UPDATE SET
                        nomeRazaoSocialFornecedor = EXCLUDED.nomeRazaoSocialFornecedor,
                        valorUnitarioHomologado = EXCLUDED.valorUnitarioHomologado,
                        valorTotalHomologado = EXCLUDED.valorTotalHomologado,
                        dataAtualizacao = EXCLUDED.dataAtualizacao
                ]
[parameters: {'numeroControlePNCPCompra': '76105543000135-1-000147/2024-000001', 'numeroItem': 7, 'sequencialResultado': 1, 'niFornecedor': '42034014000176', 'nomeRazaoSocialFornecedor': 'PLANAXIS EDITORIAL LTDA', 'tipoPessoa': 'PJ', 'porteFornecedorId': 1, 'porteFornecedorNome': 'ME', 'valorUnitarioHomologado': 220.9, 'quantidadeHomologada': 2640.0, 'valorTotalHomologado': 583176.0, 'percentualDesconto': 0.0, 'situacaoCompraItemResultadoId': 1, 'situacaoCompraItemResultadoNome': 'Informado', 'dataResultado': '2024-11-26', 'dataInclusao': '2024-11-26T11:28:24', 'dataAtualizacao': '2024-11-26T11:28:24', 'ordemClassificacaoSrp': 1, 'indicadorSubcontratacao': False, 'aplicacaoMargemPreferencia': False, 'aplicacaoBeneficioMeEpp': True, 'aplicacaoCriterioDesempate': True, 'motivoCancelamento': None, 'dataCancelamento': None, 'codigoPais': 'BRA', 'paisOrigemProdutoServico': None, 'naturezaJuridicaId': '2062', 'naturezaJuridicaNome': 'Sociedade Empresária Limitada', 'amparoLegalMargemPreferencia': None, 'amparoLegalCriterioDesempate': {'id': 148, 'nome': 'Lei 14.133/2021, art. 60, outros incisos', 'descricao': 'Critério de desempate: Utilizar esse código quando a justificativa de de ... (82 characters truncated) ... evistos nos Amparos Legais, códigos 145; 146; e 147, constantes no Manual de Integração do PNCP em seu item 5.15. Amparo Legal.', 'statusAtivo': True}, 'moedaEstrangeira': None, 'valorNominalMoedaEstrangeira': None, 'dataCotacaoMoedaEstrangeira': None, 'timezoneCotacaoMoedaEstrangeira': None}]
(Background on this error at: https://sqlalche.me/e/20/f405)
Erro ao inserir resultado: (psycopg2.ProgrammingError) can't adapt type 'dict'
[SQL: 
                    INSERT INTO resultados (
                        numeroControlePNCPCompra, numeroItem, sequencialResultado,
                        niFornecedor, nomeRazaoSocialFornecedor, tipoPessoa,
                        porteFornecedorId, porteFornecedorNome,
                        valorUnitarioHomologado, quantidadeHomologada, valorTotalHomologado,
                        percentualDesconto, situacaoCompraItemResultadoId, situacaoCompraItemResultadoNome,
                        dataResultado, dataInclusao, dataAtualizacao,
                        ordemClassificacaoSrp, indicadorSubcontratacao,
                        aplicacaoMargemPreferencia, aplicacaoBeneficioMeEpp, aplicacaoCriterioDesempate,
                        motivoCancelamento, dataCancelamento, codigoPais, paisOrigemProdutoServico,
                        naturezaJuridicaId, naturezaJuridicaNome,
                        amparoLegalMargemPreferencia, amparoLegalCriterioDesempate,
                        moedaEstrangeira, valorNominalMoedaEstrangeira, dataCotacaoMoedaEstrangeira,
                        timezoneCotacaoMoedaEstrangeira
                    ) VALUES (
                        %(numeroControlePNCPCompra)s, %(numeroItem)s, %(sequencialResultado)s,
                        %(niFornecedor)s, %(nomeRazaoSocialFornecedor)s, %(tipoPessoa)s,
                        %(porteFornecedorId)s, %(porteFornecedorNome)s,
                        %(valorUnitarioHomologado)s, %(quantidadeHomologada)s, %(valorTotalHomologado)s,
                        %(percentualDesconto)s, %(situacaoCompraItemResultadoId)s, %(situacaoCompraItemResultadoNome)s,
                        %(dataResultado)s, %(dataInclusao)s, %(dataAtualizacao)s,
                        %(ordemClassificacaoSrp)s, %(indicadorSubcontratacao)s,
                        %(aplicacaoMargemPreferencia)s, %(aplicacaoBeneficioMeEpp)s, %(aplicacaoCriterioDesempate)s,
                        %(motivoCancelamento)s, %(dataCancelamento)s, %(codigoPais)s, %(paisOrigemProdutoServico)s,
                        %(naturezaJuridicaId)s, %(naturezaJuridicaNome)s,
                        %(amparoLegalMargemPreferencia)s, %(amparoLegalCriterioDesempate)s,
                        %(moedaEstrangeira)s, %(valorNominalMoedaEstrangeira)s, %(dataCotacaoMoedaEstrangeira)s,
                        %(timezoneCotacaoMoedaEstrangeira)s
                    )
                    ON CONFLICT (numeroControlePNCPCompra, numeroItem, sequencialResultado) 
                    DO UPDATE SET
                        nomeRazaoSocialFornecedor = EXCLUDED.nomeRazaoSocialFornecedor,
                        valorUnitarioHomologado = EXCLUDED.valorUnitarioHomologado,
                        valorTotalHomologado = EXCLUDED.valorTotalHomologado,
                        dataAtualizacao = EXCLUDED.dataAtualizacao
                ]
[parameters: {'numeroControlePNCPCompra': '76105543000135-1-000147/2024-000001', 'numeroItem': 9, 'sequencialResultado': 1, 'niFornecedor': '42034014000176', 'nomeRazaoSocialFornecedor': 'PLANAXIS EDITORIAL LTDA', 'tipoPessoa': 'PJ', 'porteFornecedorId': 1, 'porteFornecedorNome': 'ME', 'valorUnitarioHomologado': 217.9, 'quantidadeHomologada': 3136.0, 'valorTotalHomologado': 683334.4, 'percentualDesconto': 0.0, 'situacaoCompraItemResultadoId': 1, 'situacaoCompraItemResultadoNome': 'Informado', 'dataResultado': '2024-11-26', 'dataInclusao': '2024-11-26T11:28:24', 'dataAtualizacao': '2024-11-26T11:28:24', 'ordemClassificacaoSrp': 1, 'indicadorSubcontratacao': False, 'aplicacaoMargemPreferencia': False, 'aplicacaoBeneficioMeEpp': True, 'aplicacaoCriterioDesempate': True, 'motivoCancelamento': None, 'dataCancelamento': None, 'codigoPais': 'BRA', 'paisOrigemProdutoServico': None, 'naturezaJuridicaId': '2062', 'naturezaJuridicaNome': 'Sociedade Empresária Limitada', 'amparoLegalMargemPreferencia': None, 'amparoLegalCriterioDesempate': {'id': 148, 'nome': 'Lei 14.133/2021, art. 60, outros incisos', 'descricao': 'Critério de desempate: Utilizar esse código quando a justificativa de de ... (82 characters truncated) ... evistos nos Amparos Legais, códigos 145; 146; e 147, constantes no Manual de Integração do PNCP em seu item 5.15. Amparo Legal.', 'statusAtivo': True}, 'moedaEstrangeira': None, 'valorNominalMoedaEstrangeira': None, 'dataCotacaoMoedaEstrangeira': None, 'timezoneCotacaoMoedaEstrangeira': None}]
(Background on this error at: https://sqlalche.me/e/20/f405)
Erro ao inserir resultado: (psycopg2.ProgrammingError) can't adapt type 'dict'
[SQL: 
                    INSERT INTO resultados (
                        numeroControlePNCPCompra, numeroItem, sequencialResultado,
                        niFornecedor, nomeRazaoSocialFornecedor, tipoPessoa,
                        porteFornecedorId, porteFornecedorNome,
                        valorUnitarioHomologado, quantidadeHomologada, valorTotalHomologado,
                        percentualDesconto, situacaoCompraItemResultadoId, situacaoCompraItemResultadoNome,
                        dataResultado, dataInclusao, dataAtualizacao,
                        ordemClassificacaoSrp, indicadorSubcontratacao,
                        aplicacaoMargemPreferencia, aplicacaoBeneficioMeEpp, aplicacaoCriterioDesempate,
                        motivoCancelamento, dataCancelamento, codigoPais, paisOrigemProdutoServico,
                        naturezaJuridicaId, naturezaJuridicaNome,
                        amparoLegalMargemPreferencia, amparoLegalCriterioDesempate,
                        moedaEstrangeira, valorNominalMoedaEstrangeira, dataCotacaoMoedaEstrangeira,
                        timezoneCotacaoMoedaEstrangeira
                    ) VALUES (
                        %(numeroControlePNCPCompra)s, %(numeroItem)s, %(sequencialResultado)s,
                        %(niFornecedor)s, %(nomeRazaoSocialFornecedor)s, %(tipoPessoa)s,
                        %(porteFornecedorId)s, %(porteFornecedorNome)s,
                        %(valorUnitarioHomologado)s, %(quantidadeHomologada)s, %(valorTotalHomologado)s,
                        %(percentualDesconto)s, %(situacaoCompraItemResultadoId)s, %(situacaoCompraItemResultadoNome)s,
                        %(dataResultado)s, %(dataInclusao)s, %(dataAtualizacao)s,
                        %(ordemClassificacaoSrp)s, %(indicadorSubcontratacao)s,
                        %(aplicacaoMargemPreferencia)s, %(aplicacaoBeneficioMeEpp)s, %(aplicacaoCriterioDesempate)s,
                        %(motivoCancelamento)s, %(dataCancelamento)s, %(codigoPais)s, %(paisOrigemProdutoServico)s,
                        %(naturezaJuridicaId)s, %(naturezaJuridicaNome)s,
                        %(amparoLegalMargemPreferencia)s, %(amparoLegalCriterioDesempate)s,
                        %(moedaEstrangeira)s, %(valorNominalMoedaEstrangeira)s, %(dataCotacaoMoedaEstrangeira)s,
                        %(timezoneCotacaoMoedaEstrangeira)s
                    )
                    ON CONFLICT (numeroControlePNCPCompra, numeroItem, sequencialResultado) 
                    DO UPDATE SET
                        nomeRazaoSocialFornecedor = EXCLUDED.nomeRazaoSocialFornecedor,
                        valorUnitarioHomologado = EXCLUDED.valorUnitarioHomologado,
                        valorTotalHomologado = EXCLUDED.valorTotalHomologado,
                        dataAtualizacao = EXCLUDED.dataAtualizacao
                ]
[parameters: {'numeroControlePNCPCompra': '76105543000135-1-000147/2024-000001', 'numeroItem': 10, 'sequencialResultado': 1, 'niFornecedor': '42034014000176', 'nomeRazaoSocialFornecedor': 'PLANAXIS EDITORIAL LTDA', 'tipoPessoa': 'PJ', 'porteFornecedorId': 1, 'porteFornecedorNome': 'ME', 'valorUnitarioHomologado': 219.9, 'quantidadeHomologada': 1045.0, 'valorTotalHomologado': 229795.5, 'percentualDesconto': 0.0, 'situacaoCompraItemResultadoId': 1, 'situacaoCompraItemResultadoNome': 'Informado', 'dataResultado': '2024-11-26', 'dataInclusao': '2024-11-26T11:28:24', 'dataAtualizacao': '2024-11-26T11:28:24', 'ordemClassificacaoSrp': 1, 'indicadorSubcontratacao': False, 'aplicacaoMargemPreferencia': False, 'aplicacaoBeneficioMeEpp': True, 'aplicacaoCriterioDesempate': True, 'motivoCancelamento': None, 'dataCancelamento': None, 'codigoPais': 'BRA', 'paisOrigemProdutoServico': None, 'naturezaJuridicaId': '2062', 'naturezaJuridicaNome': 'Sociedade Empresária Limitada', 'amparoLegalMargemPreferencia': None, 'amparoLegalCriterioDesempate': {'id': 148, 'nome': 'Lei 14.133/2021, art. 60, outros incisos', 'descricao': 'Critério de desempate: Utilizar esse código quando a justificativa de de ... (82 characters truncated) ... evistos nos Amparos Legais, códigos 145; 146; e 147, constantes no Manual de Integração do PNCP em seu item 5.15. Amparo Legal.', 'statusAtivo': True}, 'moedaEstrangeira': None, 'valorNominalMoedaEstrangeira': None, 'dataCotacaoMoedaEstrangeira': None, 'timezoneCotacaoMoedaEstrangeira': None}]
(Background on this error at: https://sqlalche.me/e/20/f405)
Erro ao inserir resultado: (psycopg2.ProgrammingError) can't adapt type 'dict'
[SQL: 
                    INSERT INTO resultados (
                        numeroControlePNCPCompra, numeroItem, sequencialResultado,
                        niFornecedor, nomeRazaoSocialFornecedor, tipoPessoa,
                        porteFornecedorId, porteFornecedorNome,
                        valorUnitarioHomologado, quantidadeHomologada, valorTotalHomologado,
                        percentualDesconto, situacaoCompraItemResultadoId, situacaoCompraItemResultadoNome,
                        dataResultado, dataInclusao, dataAtualizacao,
                        ordemClassificacaoSrp, indicadorSubcontratacao,
                        aplicacaoMargemPreferencia, aplicacaoBeneficioMeEpp, aplicacaoCriterioDesempate,
                        motivoCancelamento, dataCancelamento, codigoPais, paisOrigemProdutoServico,
                        naturezaJuridicaId, naturezaJuridicaNome,
                        amparoLegalMargemPreferencia, amparoLegalCriterioDesempate,
                        moedaEstrangeira, valorNominalMoedaEstrangeira, dataCotacaoMoedaEstrangeira,
                        timezoneCotacaoMoedaEstrangeira
                    ) VALUES (
                        %(numeroControlePNCPCompra)s, %(numeroItem)s, %(sequencialResultado)s,
                        %(niFornecedor)s, %(nomeRazaoSocialFornecedor)s, %(tipoPessoa)s,
                        %(porteFornecedorId)s, %(porteFornecedorNome)s,
                        %(valorUnitarioHomologado)s, %(quantidadeHomologada)s, %(valorTotalHomologado)s,
                        %(percentualDesconto)s, %(situacaoCompraItemResultadoId)s, %(situacaoCompraItemResultadoNome)s,
                        %(dataResultado)s, %(dataInclusao)s, %(dataAtualizacao)s,
                        %(ordemClassificacaoSrp)s, %(indicadorSubcontratacao)s,
                        %(aplicacaoMargemPreferencia)s, %(aplicacaoBeneficioMeEpp)s, %(aplicacaoCriterioDesempate)s,
                        %(motivoCancelamento)s, %(dataCancelamento)s, %(codigoPais)s, %(paisOrigemProdutoServico)s,
                        %(naturezaJuridicaId)s, %(naturezaJuridicaNome)s,
                        %(amparoLegalMargemPreferencia)s, %(amparoLegalCriterioDesempate)s,
                        %(moedaEstrangeira)s, %(valorNominalMoedaEstrangeira)s, %(dataCotacaoMoedaEstrangeira)s,
                        %(timezoneCotacaoMoedaEstrangeira)s
                    )
                    ON CONFLICT (numeroControlePNCPCompra, numeroItem, sequencialResultado) 
                    DO UPDATE SET
                        nomeRazaoSocialFornecedor = EXCLUDED.nomeRazaoSocialFornecedor,
                        valorUnitarioHomologado = EXCLUDED.valorUnitarioHomologado,
                        valorTotalHomologado = EXCLUDED.valorTotalHomologado,
                        dataAtualizacao = EXCLUDED.dataAtualizacao
                ]
[parameters: {'numeroControlePNCPCompra': '76105543000135-1-000147/2024-000001', 'numeroItem': 13, 'sequencialResultado': 1, 'niFornecedor': '42034014000176', 'nomeRazaoSocialFornecedor': 'PLANAXIS EDITORIAL LTDA', 'tipoPessoa': 'PJ', 'porteFornecedorId': 1, 'porteFornecedorNome': 'ME', 'valorUnitarioHomologado': 1046.0, 'quantidadeHomologada': 83.0, 'valorTotalHomologado': 86818.0, 'percentualDesconto': 0.0, 'situacaoCompraItemResultadoId': 1, 'situacaoCompraItemResultadoNome': 'Informado', 'dataResultado': '2024-11-26', 'dataInclusao': '2024-11-26T11:28:24', 'dataAtualizacao': '2024-11-26T11:28:24', 'ordemClassificacaoSrp': 1, 'indicadorSubcontratacao': False, 'aplicacaoMargemPreferencia': False, 'aplicacaoBeneficioMeEpp': True, 'aplicacaoCriterioDesempate': True, 'motivoCancelamento': None, 'dataCancelamento': None, 'codigoPais': 'BRA', 'paisOrigemProdutoServico': None, 'naturezaJuridicaId': '2062', 'naturezaJuridicaNome': 'Sociedade Empresária Limitada', 'amparoLegalMargemPreferencia': None, 'amparoLegalCriterioDesempate': {'id': 148, 'nome': 'Lei 14.133/2021, art. 60, outros incisos', 'descricao': 'Critério de desempate: Utilizar esse código quando a justificativa de de ... (82 characters truncated) ... evistos nos Amparos Legais, códigos 145; 146; e 147, constantes no Manual de Integração do PNCP em seu item 5.15. Amparo Legal.', 'statusAtivo': True}, 'moedaEstrangeira': None, 'valorNominalMoedaEstrangeira': None, 'dataCotacaoMoedaEstrangeira': None, 'timezoneCotacaoMoedaEstrangeira': None}]
(Background on this error at: https://sqlalche.me/e/20/f405)
Erro ao inserir resultado: (psycopg2.ProgrammingError) can't adapt type 'dict'
[SQL: 
                    INSERT INTO resultados (
                        numeroControlePNCPCompra, numeroItem, sequencialResultado,
                        niFornecedor, nomeRazaoSocialFornecedor, tipoPessoa,
                        porteFornecedorId, porteFornecedorNome,
                        valorUnitarioHomologado, quantidadeHomologada, valorTotalHomologado,
                        percentualDesconto, situacaoCompraItemResultadoId, situacaoCompraItemResultadoNome,
                        dataResultado, dataInclusao, dataAtualizacao,
                        ordemClassificacaoSrp, indicadorSubcontratacao,
                        aplicacaoMargemPreferencia, aplicacaoBeneficioMeEpp, aplicacaoCriterioDesempate,
                        motivoCancelamento, dataCancelamento, codigoPais, paisOrigemProdutoServico,
                        naturezaJuridicaId, naturezaJuridicaNome,
                        amparoLegalMargemPreferencia, amparoLegalCriterioDesempate,
                        moedaEstrangeira, valorNominalMoedaEstrangeira, dataCotacaoMoedaEstrangeira,
                        timezoneCotacaoMoedaEstrangeira
                    ) VALUES (
                        %(numeroControlePNCPCompra)s, %(numeroItem)s, %(sequencialResultado)s,
                        %(niFornecedor)s, %(nomeRazaoSocialFornecedor)s, %(tipoPessoa)s,
                        %(porteFornecedorId)s, %(porteFornecedorNome)s,
                        %(valorUnitarioHomologado)s, %(quantidadeHomologada)s, %(valorTotalHomologado)s,
                        %(percentualDesconto)s, %(situacaoCompraItemResultadoId)s, %(situacaoCompraItemResultadoNome)s,
                        %(dataResultado)s, %(dataInclusao)s, %(dataAtualizacao)s,
                        %(ordemClassificacaoSrp)s, %(indicadorSubcontratacao)s,
                        %(aplicacaoMargemPreferencia)s, %(aplicacaoBeneficioMeEpp)s, %(aplicacaoCriterioDesempate)s,
                        %(motivoCancelamento)s, %(dataCancelamento)s, %(codigoPais)s, %(paisOrigemProdutoServico)s,
                        %(naturezaJuridicaId)s, %(naturezaJuridicaNome)s,
                        %(amparoLegalMargemPreferencia)s, %(amparoLegalCriterioDesempate)s,
                        %(moedaEstrangeira)s, %(valorNominalMoedaEstrangeira)s, %(dataCotacaoMoedaEstrangeira)s,
                        %(timezoneCotacaoMoedaEstrangeira)s
                    )
                    ON CONFLICT (numeroControlePNCPCompra, numeroItem, sequencialResultado) 
                    DO UPDATE SET
                        nomeRazaoSocialFornecedor = EXCLUDED.nomeRazaoSocialFornecedor,
                        valorUnitarioHomologado = EXCLUDED.valorUnitarioHomologado,
                        valorTotalHomologado = EXCLUDED.valorTotalHomologado,
                        dataAtualizacao = EXCLUDED.dataAtualizacao
                ]
[parameters: {'numeroControlePNCPCompra': '76105543000135-1-000147/2024-000001', 'numeroItem': 15, 'sequencialResultado': 1, 'niFornecedor': '42034014000176', 'nomeRazaoSocialFornecedor': 'PLANAXIS EDITORIAL LTDA', 'tipoPessoa': 'PJ', 'porteFornecedorId': 1, 'porteFornecedorNome': 'ME', 'valorUnitarioHomologado': 697.0, 'quantidadeHomologada': 105.0, 'valorTotalHomologado': 73185.0, 'percentualDesconto': 0.0, 'situacaoCompraItemResultadoId': 1, 'situacaoCompraItemResultadoNome': 'Informado', 'dataResultado': '2024-11-26', 'dataInclusao': '2024-11-26T11:28:24', 'dataAtualizacao': '2024-11-26T11:28:24', 'ordemClassificacaoSrp': 1, 'indicadorSubcontratacao': False, 'aplicacaoMargemPreferencia': False, 'aplicacaoBeneficioMeEpp': True, 'aplicacaoCriterioDesempate': True, 'motivoCancelamento': None, 'dataCancelamento': None, 'codigoPais': 'BRA', 'paisOrigemProdutoServico': None, 'naturezaJuridicaId': '2062', 'naturezaJuridicaNome': 'Sociedade Empresária Limitada', 'amparoLegalMargemPreferencia': None, 'amparoLegalCriterioDesempate': {'id': 148, 'nome': 'Lei 14.133/2021, art. 60, outros incisos', 'descricao': 'Critério de desempate: Utilizar esse código quando a justificativa de de ... (82 characters truncated) ... evistos nos Amparos Legais, códigos 145; 146; e 147, constantes no Manual de Integração do PNCP em seu item 5.15. Amparo Legal.', 'statusAtivo': True}, 'moedaEstrangeira': None, 'valorNominalMoedaEstrangeira': None, 'dataCotacaoMoedaEstrangeira': None, 'timezoneCotacaoMoedaEstrangeira': None}]
(Background on this error at: https://sqlalche.me/e/20/f405)
Erro ao inserir resultado: (psycopg2.ProgrammingError) can't adapt type 'dict'
[SQL: 
                    INSERT INTO resultados (
                        numeroControlePNCPCompra, numeroItem, sequencialResultado,
                        niFornecedor, nomeRazaoSocialFornecedor, tipoPessoa,
                        porteFornecedorId, porteFornecedorNome,
                        valorUnitarioHomologado, quantidadeHomologada, valorTotalHomologado,
                        percentualDesconto, situacaoCompraItemResultadoId, situacaoCompraItemResultadoNome,
                        dataResultado, dataInclusao, dataAtualizacao,
                        ordemClassificacaoSrp, indicadorSubcontratacao,
                        aplicacaoMargemPreferencia, aplicacaoBeneficioMeEpp, aplicacaoCriterioDesempate,
                        motivoCancelamento, dataCancelamento, codigoPais, paisOrigemProdutoServico,
                        naturezaJuridicaId, naturezaJuridicaNome,
                        amparoLegalMargemPreferencia, amparoLegalCriterioDesempate,
                        moedaEstrangeira, valorNominalMoedaEstrangeira, dataCotacaoMoedaEstrangeira,
                        timezoneCotacaoMoedaEstrangeira
                    ) VALUES (
                        %(numeroControlePNCPCompra)s, %(numeroItem)s, %(sequencialResultado)s,
                        %(niFornecedor)s, %(nomeRazaoSocialFornecedor)s, %(tipoPessoa)s,
                        %(porteFornecedorId)s, %(porteFornecedorNome)s,
                        %(valorUnitarioHomologado)s, %(quantidadeHomologada)s, %(valorTotalHomologado)s,
                        %(percentualDesconto)s, %(situacaoCompraItemResultadoId)s, %(situacaoCompraItemResultadoNome)s,
                        %(dataResultado)s, %(dataInclusao)s, %(dataAtualizacao)s,
                        %(ordemClassificacaoSrp)s, %(indicadorSubcontratacao)s,
                        %(aplicacaoMargemPreferencia)s, %(aplicacaoBeneficioMeEpp)s, %(aplicacaoCriterioDesempate)s,
                        %(motivoCancelamento)s, %(dataCancelamento)s, %(codigoPais)s, %(paisOrigemProdutoServico)s,
                        %(naturezaJuridicaId)s, %(naturezaJuridicaNome)s,
                        %(amparoLegalMargemPreferencia)s, %(amparoLegalCriterioDesempate)s,
                        %(moedaEstrangeira)s, %(valorNominalMoedaEstrangeira)s, %(dataCotacaoMoedaEstrangeira)s,
                        %(timezoneCotacaoMoedaEstrangeira)s
                    )
                    ON CONFLICT (numeroControlePNCPCompra, numeroItem, sequencialResultado) 
                    DO UPDATE SET
                        nomeRazaoSocialFornecedor = EXCLUDED.nomeRazaoSocialFornecedor,
                        valorUnitarioHomologado = EXCLUDED.valorUnitarioHomologado,
                        valorTotalHomologado = EXCLUDED.valorTotalHomologado,
                        dataAtualizacao = EXCLUDED.dataAtualizacao
                ]
[parameters: {'numeroControlePNCPCompra': '76105543000135-1-000147/2024-000001', 'numeroItem': 19, 'sequencialResultado': 1, 'niFornecedor': '42034014000176', 'nomeRazaoSocialFornecedor': 'PLANAXIS EDITORIAL LTDA', 'tipoPessoa': 'PJ', 'porteFornecedorId': 1, 'porteFornecedorNome': 'ME', 'valorUnitarioHomologado': 1037.0, 'quantidadeHomologada': 105.0, 'valorTotalHomologado': 108885.0, 'percentualDesconto': 0.0, 'situacaoCompraItemResultadoId': 1, 'situacaoCompraItemResultadoNome': 'Informado', 'dataResultado': '2024-11-26', 'dataInclusao': '2024-11-26T11:28:24', 'dataAtualizacao': '2024-11-26T11:28:24', 'ordemClassificacaoSrp': 1, 'indicadorSubcontratacao': False, 'aplicacaoMargemPreferencia': False, 'aplicacaoBeneficioMeEpp': True, 'aplicacaoCriterioDesempate': True, 'motivoCancelamento': None, 'dataCancelamento': None, 'codigoPais': 'BRA', 'paisOrigemProdutoServico': None, 'naturezaJuridicaId': '2062', 'naturezaJuridicaNome': 'Sociedade Empresária Limitada', 'amparoLegalMargemPreferencia': None, 'amparoLegalCriterioDesempate': {'id': 148, 'nome': 'Lei 14.133/2021, art. 60, outros incisos', 'descricao': 'Critério de desempate: Utilizar esse código quando a justificativa de de ... (82 characters truncated) ... evistos nos Amparos Legais, códigos 145; 146; e 147, constantes no Manual de Integração do PNCP em seu item 5.15. Amparo Legal.', 'statusAtivo': True}, 'moedaEstrangeira': None, 'valorNominalMoedaEstrangeira': None, 'dataCotacaoMoedaEstrangeira': None, 'timezoneCotacaoMoedaEstrangeira': None}]
(Background on this error at: https://sqlalche.me/e/20/f405)
Erro ao inserir resultado: (psycopg2.ProgrammingError) can't adapt type 'dict'
[SQL: 
                    INSERT INTO resultados (
                        numeroControlePNCPCompra, numeroItem, sequencialResultado,
                        niFornecedor, nomeRazaoSocialFornecedor, tipoPessoa,
                        porteFornecedorId, porteFornecedorNome,
                        valorUnitarioHomologado, quantidadeHomologada, valorTotalHomologado,
                        percentualDesconto, situacaoCompraItemResultadoId, situacaoCompraItemResultadoNome,
                        dataResultado, dataInclusao, dataAtualizacao,
                        ordemClassificacaoSrp, indicadorSubcontratacao,
                        aplicacaoMargemPreferencia, aplicacaoBeneficioMeEpp, aplicacaoCriterioDesempate,
                        motivoCancelamento, dataCancelamento, codigoPais, paisOrigemProdutoServico,
                        naturezaJuridicaId, naturezaJuridicaNome,
                        amparoLegalMargemPreferencia, amparoLegalCriterioDesempate,
                        moedaEstrangeira, valorNominalMoedaEstrangeira, dataCotacaoMoedaEstrangeira,
                        timezoneCotacaoMoedaEstrangeira
                    ) VALUES (
                        %(numeroControlePNCPCompra)s, %(numeroItem)s, %(sequencialResultado)s,
                        %(niFornecedor)s, %(nomeRazaoSocialFornecedor)s, %(tipoPessoa)s,
                        %(porteFornecedorId)s, %(porteFornecedorNome)s,
                        %(valorUnitarioHomologado)s, %(quantidadeHomologada)s, %(valorTotalHomologado)s,
                        %(percentualDesconto)s, %(situacaoCompraItemResultadoId)s, %(situacaoCompraItemResultadoNome)s,
                        %(dataResultado)s, %(dataInclusao)s, %(dataAtualizacao)s,
                        %(ordemClassificacaoSrp)s, %(indicadorSubcontratacao)s,
                        %(aplicacaoMargemPreferencia)s, %(aplicacaoBeneficioMeEpp)s, %(aplicacaoCriterioDesempate)s,
                        %(motivoCancelamento)s, %(dataCancelamento)s, %(codigoPais)s, %(paisOrigemProdutoServico)s,
                        %(naturezaJuridicaId)s, %(naturezaJuridicaNome)s,
                        %(amparoLegalMargemPreferencia)s, %(amparoLegalCriterioDesempate)s,
                        %(moedaEstrangeira)s, %(valorNominalMoedaEstrangeira)s, %(dataCotacaoMoedaEstrangeira)s,
                        %(timezoneCotacaoMoedaEstrangeira)s
                    )
                    ON CONFLICT (numeroControlePNCPCompra, numeroItem, sequencialResultado) 
                    DO UPDATE SET
                        nomeRazaoSocialFornecedor = EXCLUDED.nomeRazaoSocialFornecedor,
                        valorUnitarioHomologado = EXCLUDED.valorUnitarioHomologado,
                        valorTotalHomologado = EXCLUDED.valorTotalHomologado,
                        dataAtualizacao = EXCLUDED.dataAtualizacao
                ]
[parameters: {'numeroControlePNCPCompra': '76105543000135-1-000147/2024-000001', 'numeroItem': 17, 'sequencialResultado': 1, 'niFornecedor': '42034014000176', 'nomeRazaoSocialFornecedor': 'PLANAXIS EDITORIAL LTDA', 'tipoPessoa': 'PJ', 'porteFornecedorId': 1, 'porteFornecedorNome': 'ME', 'valorUnitarioHomologado': 934.0, 'quantidadeHomologada': 105.0, 'valorTotalHomologado': 98070.0, 'percentualDesconto': 0.0, 'situacaoCompraItemResultadoId': 1, 'situacaoCompraItemResultadoNome': 'Informado', 'dataResultado': '2024-11-26', 'dataInclusao': '2024-11-26T11:28:24', 'dataAtualizacao': '2024-11-26T11:28:24', 'ordemClassificacaoSrp': 1, 'indicadorSubcontratacao': False, 'aplicacaoMargemPreferencia': False, 'aplicacaoBeneficioMeEpp': True, 'aplicacaoCriterioDesempate': True, 'motivoCancelamento': None, 'dataCancelamento': None, 'codigoPais': 'BRA', 'paisOrigemProdutoServico': None, 'naturezaJuridicaId': '2062', 'naturezaJuridicaNome': 'Sociedade Empresária Limitada', 'amparoLegalMargemPreferencia': None, 'amparoLegalCriterioDesempate': {'id': 148, 'nome': 'Lei 14.133/2021, art. 60, outros incisos', 'descricao': 'Critério de desempate: Utilizar esse código quando a justificativa de de ... (82 characters truncated) ... evistos nos Amparos Legais, códigos 145; 146; e 147, constantes no Manual de Integração do PNCP em seu item 5.15. Amparo Legal.', 'statusAtivo': True}, 'moedaEstrangeira': None, 'valorNominalMoedaEstrangeira': None, 'dataCotacaoMoedaEstrangeira': None, 'timezoneCotacaoMoedaEstrangeira': None}]
(Background on this error at: https://sqlalche.me/e/20/f405)
Erro ao inserir resultado: (psycopg2.ProgrammingError) can't adapt type 'dict'
[SQL: 
                    INSERT INTO resultados (
                        numeroControlePNCPCompra, numeroItem, sequencialResultado,
                        niFornecedor, nomeRazaoSocialFornecedor, tipoPessoa,
                        porteFornecedorId, porteFornecedorNome,
                        valorUnitarioHomologado, quantidadeHomologada, valorTotalHomologado,
                        percentualDesconto, situacaoCompraItemResultadoId, situacaoCompraItemResultadoNome,
                        dataResultado, dataInclusao, dataAtualizacao,
                        ordemClassificacaoSrp, indicadorSubcontratacao,
                        aplicacaoMargemPreferencia, aplicacaoBeneficioMeEpp, aplicacaoCriterioDesempate,
                        motivoCancelamento, dataCancelamento, codigoPais, paisOrigemProdutoServico,
                        naturezaJuridicaId, naturezaJuridicaNome,
                        amparoLegalMargemPreferencia, amparoLegalCriterioDesempate,
                        moedaEstrangeira, valorNominalMoedaEstrangeira, dataCotacaoMoedaEstrangeira,
                        timezoneCotacaoMoedaEstrangeira
                    ) VALUES (
                        %(numeroControlePNCPCompra)s, %(numeroItem)s, %(sequencialResultado)s,
                        %(niFornecedor)s, %(nomeRazaoSocialFornecedor)s, %(tipoPessoa)s,
                        %(porteFornecedorId)s, %(porteFornecedorNome)s,
                        %(valorUnitarioHomologado)s, %(quantidadeHomologada)s, %(valorTotalHomologado)s,
                        %(percentualDesconto)s, %(situacaoCompraItemResultadoId)s, %(situacaoCompraItemResultadoNome)s,
                        %(dataResultado)s, %(dataInclusao)s, %(dataAtualizacao)s,
                        %(ordemClassificacaoSrp)s, %(indicadorSubcontratacao)s,
                        %(aplicacaoMargemPreferencia)s, %(aplicacaoBeneficioMeEpp)s, %(aplicacaoCriterioDesempate)s,
                        %(motivoCancelamento)s, %(dataCancelamento)s, %(codigoPais)s, %(paisOrigemProdutoServico)s,
                        %(naturezaJuridicaId)s, %(naturezaJuridicaNome)s,
                        %(amparoLegalMargemPreferencia)s, %(amparoLegalCriterioDesempate)s,
                        %(moedaEstrangeira)s, %(valorNominalMoedaEstrangeira)s, %(dataCotacaoMoedaEstrangeira)s,
                        %(timezoneCotacaoMoedaEstrangeira)s
                    )
                    ON CONFLICT (numeroControlePNCPCompra, numeroItem, sequencialResultado) 
                    DO UPDATE SET
                        nomeRazaoSocialFornecedor = EXCLUDED.nomeRazaoSocialFornecedor,
                        valorUnitarioHomologado = EXCLUDED.valorUnitarioHomologado,
                        valorTotalHomologado = EXCLUDED.valorTotalHomologado,
                        dataAtualizacao = EXCLUDED.dataAtualizacao
                ]
[parameters: {'numeroControlePNCPCompra': '76105543000135-1-000147/2024-000001', 'numeroItem': 8, 'sequencialResultado': 1, 'niFornecedor': '42034014000176', 'nomeRazaoSocialFornecedor': 'PLANAXIS EDITORIAL LTDA', 'tipoPessoa': 'PJ', 'porteFornecedorId': 1, 'porteFornecedorNome': 'ME', 'valorUnitarioHomologado': 219.9, 'quantidadeHomologada': 879.0, 'valorTotalHomologado': 193292.1, 'percentualDesconto': 0.0, 'situacaoCompraItemResultadoId': 1, 'situacaoCompraItemResultadoNome': 'Informado', 'dataResultado': '2024-11-26', 'dataInclusao': '2024-11-26T11:28:24', 'dataAtualizacao': '2024-11-26T11:28:24', 'ordemClassificacaoSrp': 1, 'indicadorSubcontratacao': False, 'aplicacaoMargemPreferencia': False, 'aplicacaoBeneficioMeEpp': True, 'aplicacaoCriterioDesempate': True, 'motivoCancelamento': None, 'dataCancelamento': None, 'codigoPais': 'BRA', 'paisOrigemProdutoServico': None, 'naturezaJuridicaId': '2062', 'naturezaJuridicaNome': 'Sociedade Empresária Limitada', 'amparoLegalMargemPreferencia': None, 'amparoLegalCriterioDesempate': {'id': 148, 'nome': 'Lei 14.133/2021, art. 60, outros incisos', 'descricao': 'Critério de desempate: Utilizar esse código quando a justificativa de de ... (82 characters truncated) ... evistos nos Amparos Legais, códigos 145; 146; e 147, constantes no Manual de Integração do PNCP em seu item 5.15. Amparo Legal.', 'statusAtivo': True}, 'moedaEstrangeira': None, 'valorNominalMoedaEstrangeira': None, 'dataCotacaoMoedaEstrangeira': None, 'timezoneCotacaoMoedaEstrangeira': None}]
(Background on this error at: https://sqlalche.me/e/20/f405)
✅ Lote processado: 153 resultados inseridos
📊 Total acumulado: 22413 resultados
🔖 Checkpoint salvo: último ID = 29819

Processando lote de 100 itens (ID 29820 a 29919)...
✅ Lote processado: 100 resultados inseridos
📊 Total acumulado: 22513 resultados
🔖 Checkpoint salvo: último ID = 29919

Processando lote de 100 itens (ID 29920 a 30216)...
Erro ao inserir resultado: (psycopg2.OperationalError) could not receive data from server: Network is unreachable

(Background on this error at: https://sqlalche.me/e/20/e3q8)
Erro ao inserir resultado: Can't reconnect until invalid transaction is rolled back.  Please rollback() fully before proceeding (Background on this error at: https://sqlalche.me/e/20/8s2b)
Erro ao inserir resultado: Can't reconnect until invalid transaction is rolled back.  Please rollback() fully before proceeding (Background on this error at: https://sqlalche.me/e/20/8s2b)
Erro ao inserir resultado: Can't reconnect until invalid transaction is rolled back.  Please rollback() fully before proceeding (Background on this error at: https://sqlalche.me/e/20/8s2b)
Erro ao inserir resultado: Can't reconnect until invalid transaction is rolled back.  Please rollback() fully before proceeding (Background on this error at: https://sqlalche.me/e/20/8s2b)
Erro ao inserir resultado: Can't reconnect until invalid transaction is rolled back.  Please rollback() fully before proceeding (Background on this error at: https://sqlalche.me/e/20/8s2b)
Erro ao inserir resultado: Can't reconnect until invalid transaction is rolled back.  Please rollback() fully before proceeding (Background on this error at: https://sqlalche.me/e/20/8s2b)
Erro ao inserir resultado: Can't reconnect until invalid transaction is rolled back.  Please rollback() fully before proceeding (Background on this error at: https://sqlalche.me/e/20/8s2b)
Erro ao inserir resultado: Can't reconnect until invalid transaction is rolled back.  Please rollback() fully before proceeding (Background on this error at: https://sqlalche.me/e/20/8s2b)
Erro ao inserir resultado: Can't reconnect until invalid transaction is rolled back.  Please rollback() fully before proceeding (Background on this error at: https://sqlalche.me/e/20/8s2b)
Erro ao inserir resultado: Can't reconnect until invalid transaction is rolled back.  Please rollback() fully before proceeding (Background on this error at: https://sqlalche.me/e/20/8s2b)
Erro ao inserir resultado: Can't reconnect until invalid transaction is rolled back.  Please rollback() fully before proceeding (Background on this error at: https://sqlalche.me/e/20/8s2b)
Erro ao inserir resultado: Can't reconnect until invalid transaction is rolled back.  Please rollback() fully before proceeding (Background on this error at: https://sqlalche.me/e/20/8s2b)
Erro ao inserir resultado: Can't reconnect until invalid transaction is rolled back.  Please rollback() fully before proceeding (Background on this error at: https://sqlalche.me/e/20/8s2b)
Erro ao inserir resultado: Can't reconnect until invalid transaction is rolled back.  Please rollback() fully before proceeding (Background on this error at: https://sqlalche.me/e/20/8s2b)
Erro ao inserir resultado: Can't reconnect until invalid transaction is rolled back.  Please rollback() fully before proceeding (Background on this error at: https://sqlalche.me/e/20/8s2b)
Erro ao inserir resultado: Can't reconnect until invalid transaction is rolled back.  Please rollback() fully before proceeding (Background on this error at: https://sqlalche.me/e/20/8s2b)
Erro ao inserir resultado: Can't reconnect until invalid transaction is rolled back.  Please rollback() fully before proceeding (Background on this error at: https://sqlalche.me/e/20/8s2b)
Erro ao inserir resultado: Can't reconnect until invalid transaction is rolled back.  Please rollback() fully before proceeding (Background on this error at: https://sqlalche.me/e/20/8s2b)
Erro ao inserir resultado: Can't reconnect until invalid transaction is rolled back.  Please rollback() fully before proceeding (Background on this error at: https://sqlalche.me/e/20/8s2b)
Erro ao inserir resultado: Can't reconnect until invalid transaction is rolled back.  Please rollback() fully before proceeding (Background on this error at: https://sqlalche.me/e/20/8s2b)
Erro ao inserir resultado: Can't reconnect until invalid transaction is rolled back.  Please rollback() fully before proceeding (Background on this error at: https://sqlalche.me/e/20/8s2b)
Erro ao inserir resultado: Can't reconnect until invalid transaction is rolled back.  Please rollback() fully before proceeding (Background on this error at: https://sqlalche.me/e/20/8s2b)
Erro ao inserir resultado: Can't reconnect until invalid transaction is rolled back.  Please rollback() fully before proceeding (Background on this error at: https://sqlalche.me/e/20/8s2b)
Erro ao inserir resultado: Can't reconnect until invalid transaction is rolled back.  Please rollback() fully before proceeding (Background on this error at: https://sqlalche.me/e/20/8s2b)
Erro ao inserir resultado: Can't reconnect until invalid transaction is rolled back.  Please rollback() fully before proceeding (Background on this error at: https://sqlalche.me/e/20/8s2b)
Erro ao inserir resultado: Can't reconnect until invalid transaction is rolled back.  Please rollback() fully before proceeding (Background on this error at: https://sqlalche.me/e/20/8s2b)
Erro ao inserir resultado: Can't reconnect until invalid transaction is rolled back.  Please rollback() fully before proceeding (Background on this error at: https://sqlalche.me/e/20/8s2b)
Erro ao inserir resultado: Can't reconnect until invalid transaction is rolled back.  Please rollback() fully before proceeding (Background on this error at: https://sqlalche.me/e/20/8s2b)
Erro ao inserir resultado: Can't reconnect until invalid transaction is rolled back.  Please rollback() fully before proceeding (Background on this error at: https://sqlalche.me/e/20/8s2b)
Erro ao inserir resultado: Can't reconnect until invalid transaction is rolled back.  Please rollback() fully before proceeding (Background on this error at: https://sqlalche.me/e/20/8s2b)
Erro ao inserir resultado: Can't reconnect until invalid transaction is rolled back.  Please rollback() fully before proceeding (Background on this error at: https://sqlalche.me/e/20/8s2b)
Erro ao inserir resultado: Can't reconnect until invalid transaction is rolled back.  Please rollback() fully before proceeding (Background on this error at: https://sqlalche.me/e/20/8s2b)
Erro ao inserir resultado: Can't reconnect until invalid transaction is rolled back.  Please rollback() fully before proceeding (Background on this error at: https://sqlalche.me/e/20/8s2b)
Erro ao inserir resultado: Can't reconnect until invalid transaction is rolled back.  Please rollback() fully before proceeding (Background on this error at: https://sqlalche.me/e/20/8s2b)
Erro ao inserir resultado: Can't reconnect until invalid transaction is rolled back.  Please rollback() fully before proceeding (Background on this error at: https://sqlalche.me/e/20/8s2b)
Erro ao inserir resultado: Can't reconnect until invalid transaction is rolled back.  Please rollback() fully before proceeding (Background on this error at: https://sqlalche.me/e/20/8s2b)
Erro ao inserir resultado: Can't reconnect until invalid transaction is rolled back.  Please rollback() fully before proceeding (Background on this error at: https://sqlalche.me/e/20/8s2b)
Erro ao inserir resultado: Can't reconnect until invalid transaction is rolled back.  Please rollback() fully before proceeding (Background on this error at: https://sqlalche.me/e/20/8s2b)
Erro ao inserir resultado: Can't reconnect until invalid transaction is rolled back.  Please rollback() fully before proceeding (Background on this error at: https://sqlalche.me/e/20/8s2b)
Erro ao inserir resultado: Can't reconnect until invalid transaction is rolled back.  Please rollback() fully before proceeding (Background on this error at: https://sqlalche.me/e/20/8s2b)
Erro ao inserir resultado: Can't reconnect until invalid transaction is rolled back.  Please rollback() fully before proceeding (Background on this error at: https://sqlalche.me/e/20/8s2b)
Erro ao inserir resultado: Can't reconnect until invalid transaction is rolled back.  Please rollback() fully before proceeding (Background on this error at: https://sqlalche.me/e/20/8s2b)
✅ Lote processado: 121 resultados inseridos
📊 Total acumulado: 22634 resultados
🔖 Checkpoint salvo: último ID = 30216

Processando lote de 100 itens (ID 30217 a 30318)...
✅ Lote processado: 100 resultados inseridos
📊 Total acumulado: 22734 resultados
🔖 Checkpoint salvo: último ID = 30318

Processando lote de 100 itens (ID 30319 a 30511)...
✅ Lote processado: 101 resultados inseridos
📊 Total acumulado: 22835 resultados
🔖 Checkpoint salvo: último ID = 30511

Processando lote de 100 itens (ID 30512 a 30678)...
✅ Lote processado: 100 resultados inseridos
📊 Total acumulado: 22935 resultados
🔖 Checkpoint salvo: último ID = 30678

Processando lote de 100 itens (ID 30679 a 30781)...
✅ Lote processado: 100 resultados inseridos
📊 Total acumulado: 23035 resultados
🔖 Checkpoint salvo: último ID = 30781

Processando lote de 100 itens (ID 30782 a 31171)...
✅ Lote processado: 100 resultados inseridos
📊 Total acumulado: 23135 resultados
🔖 Checkpoint salvo: último ID = 31171

Processando lote de 100 itens (ID 31172 a 31475)...
✅ Lote processado: 129 resultados inseridos
📊 Total acumulado: 23264 resultados
🔖 Checkpoint salvo: último ID = 31475

Processando lote de 100 itens (ID 31476 a 31789)...
✅ Lote processado: 100 resultados inseridos
📊 Total acumulado: 23364 resultados
🔖 Checkpoint salvo: último ID = 31789

Processando lote de 100 itens (ID 31790 a 31928)...
✅ Lote processado: 100 resultados inseridos
📊 Total acumulado: 23464 resultados
🔖 Checkpoint salvo: último ID = 31928

Processando lote de 100 itens (ID 31929 a 32037)...
✅ Lote processado: 100 resultados inseridos
📊 Total acumulado: 23564 resultados
🔖 Checkpoint salvo: último ID = 32037

Processando lote de 100 itens (ID 32038 a 32155)...
✅ Lote processado: 113 resultados inseridos
📊 Total acumulado: 23677 resultados
🔖 Checkpoint salvo: último ID = 32155

Processando lote de 100 itens (ID 32156 a 32271)...
✅ Lote processado: 101 resultados inseridos
📊 Total acumulado: 23778 resultados
🔖 Checkpoint salvo: último ID = 32271

Processando lote de 100 itens (ID 32272 a 32487)...
✅ Lote processado: 101 resultados inseridos
📊 Total acumulado: 23879 resultados
🔖 Checkpoint salvo: último ID = 32487

Processando lote de 100 itens (ID 32488 a 32596)...
✅ Lote processado: 100 resultados inseridos
📊 Total acumulado: 23979 resultados
🔖 Checkpoint salvo: último ID = 32596

Processando lote de 100 itens (ID 32597 a 32700)...
✅ Lote processado: 100 resultados inseridos
📊 Total acumulado: 24079 resultados
🔖 Checkpoint salvo: último ID = 32700

Processando lote de 100 itens (ID 32701 a 32801)...
✅ Lote processado: 100 resultados inseridos
📊 Total acumulado: 24179 resultados
🔖 Checkpoint salvo: último ID = 32801

Processando lote de 100 itens (ID 32802 a 33080)...
✅ Lote processado: 102 resultados inseridos
📊 Total acumulado: 24281 resultados
🔖 Checkpoint salvo: último ID = 33080

Processando lote de 100 itens (ID 33081 a 33193)...
✅ Lote processado: 100 resultados inseridos
📊 Total acumulado: 24381 resultados
🔖 Checkpoint salvo: último ID = 33193

Processando lote de 100 itens (ID 33194 a 33330)...
✅ Lote processado: 100 resultados inseridos
📊 Total acumulado: 24481 resultados
🔖 Checkpoint salvo: último ID = 33330

Processando lote de 100 itens (ID 33331 a 33433)...
✅ Lote processado: 100 resultados inseridos
📊 Total acumulado: 24581 resultados
🔖 Checkpoint salvo: último ID = 33433

Processando lote de 100 itens (ID 33434 a 33542)...
✅ Lote processado: 100 resultados inseridos
📊 Total acumulado: 24681 resultados
🔖 Checkpoint salvo: último ID = 33542

Processando lote de 100 itens (ID 33543 a 33651)...
✅ Lote processado: 100 resultados inseridos
📊 Total acumulado: 24781 resultados
🔖 Checkpoint salvo: último ID = 33651

Processando lote de 100 itens (ID 33653 a 33764)...
✅ Lote processado: 100 resultados inseridos
📊 Total acumulado: 24881 resultados
🔖 Checkpoint salvo: último ID = 33764

Processando lote de 100 itens (ID 33765 a 33912)...
✅ Lote processado: 118 resultados inseridos
📊 Total acumulado: 24999 resultados
🔖 Checkpoint salvo: último ID = 33912

Processando lote de 100 itens (ID 33913 a 34012)...
✅ Lote processado: 100 resultados inseridos
📊 Total acumulado: 25099 resultados
🔖 Checkpoint salvo: último ID = 34012

Processando lote de 100 itens (ID 34013 a 34113)...
✅ Lote processado: 100 resultados inseridos
📊 Total acumulado: 25199 resultados
🔖 Checkpoint salvo: último ID = 34113

Processando lote de 100 itens (ID 34114 a 34438)...
✅ Lote processado: 100 resultados inseridos
📊 Total acumulado: 25299 resultados
🔖 Checkpoint salvo: último ID = 34438

Processando lote de 100 itens (ID 34439 a 34594)...
✅ Lote processado: 100 resultados inseridos
📊 Total acumulado: 25399 resultados
🔖 Checkpoint salvo: último ID = 34594

Processando lote de 100 itens (ID 34595 a 34744)...
✅ Lote processado: 100 resultados inseridos
📊 Total acumulado: 25499 resultados
🔖 Checkpoint salvo: último ID = 34744

Processando lote de 100 itens (ID 34745 a 34957)...
✅ Lote processado: 100 resultados inseridos
📊 Total acumulado: 25599 resultados
🔖 Checkpoint salvo: último ID = 34957

Processando lote de 100 itens (ID 34958 a 35199)...
✅ Lote processado: 103 resultados inseridos
📊 Total acumulado: 25702 resultados
🔖 Checkpoint salvo: último ID = 35199

Processando lote de 100 itens (ID 35200 a 35306)...
✅ Lote processado: 101 resultados inseridos
📊 Total acumulado: 25803 resultados
🔖 Checkpoint salvo: último ID = 35306

Processando lote de 100 itens (ID 35307 a 35416)...
✅ Lote processado: 101 resultados inseridos
📊 Total acumulado: 25904 resultados
🔖 Checkpoint salvo: último ID = 35416

Processando lote de 100 itens (ID 35417 a 35567)...
✅ Lote processado: 100 resultados inseridos
📊 Total acumulado: 26004 resultados
🔖 Checkpoint salvo: último ID = 35567

Processando lote de 100 itens (ID 35568 a 35685)...
✅ Lote processado: 100 resultados inseridos
📊 Total acumulado: 26104 resultados
🔖 Checkpoint salvo: último ID = 35685

Processando lote de 100 itens (ID 35686 a 35798)...
✅ Lote processado: 100 resultados inseridos
📊 Total acumulado: 26204 resultados
🔖 Checkpoint salvo: último ID = 35798

Processando lote de 100 itens (ID 35800 a 35906)...
✅ Lote processado: 100 resultados inseridos
📊 Total acumulado: 26304 resultados
🔖 Checkpoint salvo: último ID = 35906

Processando lote de 100 itens (ID 35907 a 36018)...
✅ Lote processado: 123 resultados inseridos
📊 Total acumulado: 26427 resultados
🔖 Checkpoint salvo: último ID = 36018

Processando lote de 100 itens (ID 36019 a 36130)...
✅ Lote processado: 100 resultados inseridos
📊 Total acumulado: 26527 resultados
🔖 Checkpoint salvo: último ID = 36130

Processando lote de 100 itens (ID 36131 a 36267)...
✅ Lote processado: 100 resultados inseridos
📊 Total acumulado: 26627 resultados
🔖 Checkpoint salvo: último ID = 36267

Processando lote de 100 itens (ID 36268 a 36390)...
✅ Lote processado: 100 resultados inseridos
📊 Total acumulado: 26727 resultados
🔖 Checkpoint salvo: último ID = 36390

Processando lote de 100 itens (ID 36391 a 37472)...
✅ Lote processado: 100 resultados inseridos
📊 Total acumulado: 26827 resultados
🔖 Checkpoint salvo: último ID = 37472

Processando lote de 100 itens (ID 37473 a 37572)...
✅ Lote processado: 100 resultados inseridos
📊 Total acumulado: 26927 resultados
🔖 Checkpoint salvo: último ID = 37572

Processando lote de 100 itens (ID 37573 a 37719)...
✅ Lote processado: 100 resultados inseridos
📊 Total acumulado: 27027 resultados
🔖 Checkpoint salvo: último ID = 37719

Processando lote de 100 itens (ID 37720 a 37888)...
✅ Lote processado: 100 resultados inseridos
📊 Total acumulado: 27127 resultados
🔖 Checkpoint salvo: último ID = 37888

Processando lote de 100 itens (ID 37896 a 38289)...
✅ Lote processado: 104 resultados inseridos
📊 Total acumulado: 27231 resultados
🔖 Checkpoint salvo: último ID = 38289

Processando lote de 100 itens (ID 38290 a 38465)...
✅ Lote processado: 103 resultados inseridos
📊 Total acumulado: 27334 resultados
🔖 Checkpoint salvo: último ID = 38465

Processando lote de 100 itens (ID 38466 a 38584)...
✅ Lote processado: 100 resultados inseridos
📊 Total acumulado: 27434 resultados
🔖 Checkpoint salvo: último ID = 38584

Processando lote de 100 itens (ID 38585 a 38707)...
✅ Lote processado: 100 resultados inseridos
📊 Total acumulado: 27534 resultados
🔖 Checkpoint salvo: último ID = 38707

Processando lote de 100 itens (ID 38708 a 38815)...
✅ Lote processado: 100 resultados inseridos
📊 Total acumulado: 27634 resultados
🔖 Checkpoint salvo: último ID = 38815

Processando lote de 100 itens (ID 38816 a 38941)...
✅ Lote processado: 100 resultados inseridos
📊 Total acumulado: 27734 resultados
🔖 Checkpoint salvo: último ID = 38941

Processando lote de 100 itens (ID 38942 a 39141)...
✅ Lote processado: 100 resultados inseridos
📊 Total acumulado: 27834 resultados
🔖 Checkpoint salvo: último ID = 39141

Processando lote de 100 itens (ID 39142 a 39294)...
✅ Lote processado: 100 resultados inseridos
📊 Total acumulado: 27934 resultados
🔖 Checkpoint salvo: último ID = 39294

Processando lote de 100 itens (ID 39295 a 39399)...
✅ Lote processado: 101 resultados inseridos
📊 Total acumulado: 28035 resultados
🔖 Checkpoint salvo: último ID = 39399

Processando lote de 100 itens (ID 39400 a 39537)...
✅ Lote processado: 100 resultados inseridos
📊 Total acumulado: 28135 resultados
🔖 Checkpoint salvo: último ID = 39537

Processando lote de 100 itens (ID 39538 a 39637)...
✅ Lote processado: 100 resultados inseridos
📊 Total acumulado: 28235 resultados
🔖 Checkpoint salvo: último ID = 39637

Processando lote de 100 itens (ID 39638 a 39762)...
✅ Lote processado: 100 resultados inseridos
📊 Total acumulado: 28335 resultados
🔖 Checkpoint salvo: último ID = 39762

Processando lote de 100 itens (ID 39763 a 39894)...
✅ Lote processado: 100 resultados inseridos
📊 Total acumulado: 28435 resultados
🔖 Checkpoint salvo: último ID = 39894

Processando lote de 100 itens (ID 39895 a 40123)...
✅ Lote processado: 100 resultados inseridos
📊 Total acumulado: 28535 resultados
🔖 Checkpoint salvo: último ID = 40123

Processando lote de 100 itens (ID 40124 a 40502)...
✅ Lote processado: 268 resultados inseridos
📊 Total acumulado: 28803 resultados
🔖 Checkpoint salvo: último ID = 40502

Processando lote de 100 itens (ID 40503 a 40622)...
✅ Lote processado: 100 resultados inseridos
📊 Total acumulado: 28903 resultados
🔖 Checkpoint salvo: último ID = 40622

Processando lote de 100 itens (ID 40623 a 40722)...
✅ Lote processado: 100 resultados inseridos
📊 Total acumulado: 29003 resultados
🔖 Checkpoint salvo: último ID = 40722

Processando lote de 100 itens (ID 40723 a 40862)...
✅ Lote processado: 100 resultados inseridos
📊 Total acumulado: 29103 resultados
🔖 Checkpoint salvo: último ID = 40862

Processando lote de 100 itens (ID 40863 a 40964)...
✅ Lote processado: 244 resultados inseridos
📊 Total acumulado: 29347 resultados
🔖 Checkpoint salvo: último ID = 40964

Processando lote de 100 itens (ID 40965 a 41065)...
✅ Lote processado: 100 resultados inseridos
📊 Total acumulado: 29447 resultados
🔖 Checkpoint salvo: último ID = 41065

Processando lote de 100 itens (ID 41066 a 41182)...
✅ Lote processado: 100 resultados inseridos
📊 Total acumulado: 29547 resultados
🔖 Checkpoint salvo: último ID = 41182

Processando lote de 100 itens (ID 41183 a 41282)...
✅ Lote processado: 100 resultados inseridos
📊 Total acumulado: 29647 resultados
🔖 Checkpoint salvo: último ID = 41282

Processando lote de 100 itens (ID 41283 a 41503)...
✅ Lote processado: 100 resultados inseridos
📊 Total acumulado: 29747 resultados
🔖 Checkpoint salvo: último ID = 41503

Processando lote de 100 itens (ID 41504 a 41739)...
✅ Lote processado: 100 resultados inseridos
📊 Total acumulado: 29847 resultados
🔖 Checkpoint salvo: último ID = 41739

Processando lote de 100 itens (ID 41740 a 41913)...
✅ Lote processado: 100 resultados inseridos
📊 Total acumulado: 29947 resultados
🔖 Checkpoint salvo: último ID = 41913

Processando lote de 100 itens (ID 41914 a 42033)...
✅ Lote processado: 100 resultados inseridos
📊 Total acumulado: 30047 resultados
🔖 Checkpoint salvo: último ID = 42033

Processando lote de 100 itens (ID 42037 a 42149)...
✅ Lote processado: 100 resultados inseridos
📊 Total acumulado: 30147 resultados
🔖 Checkpoint salvo: último ID = 42149

Processando lote de 100 itens (ID 42150 a 42323)...
✅ Lote processado: 100 resultados inseridos
📊 Total acumulado: 30247 resultados
🔖 Checkpoint salvo: último ID = 42323

Processando lote de 100 itens (ID 42324 a 42541)...
✅ Lote processado: 100 resultados inseridos
📊 Total acumulado: 30347 resultados
🔖 Checkpoint salvo: último ID = 42541

Processando lote de 100 itens (ID 42542 a 42650)...
✅ Lote processado: 100 resultados inseridos
📊 Total acumulado: 30447 resultados
🔖 Checkpoint salvo: último ID = 42650

Processando lote de 100 itens (ID 42651 a 42827)...
✅ Lote processado: 100 resultados inseridos
📊 Total acumulado: 30547 resultados
🔖 Checkpoint salvo: último ID = 42827

Processando lote de 100 itens (ID 42828 a 43127)...
✅ Lote processado: 141 resultados inseridos
📊 Total acumulado: 30688 resultados
🔖 Checkpoint salvo: último ID = 43127

Processando lote de 100 itens (ID 43128 a 43538)...
✅ Lote processado: 100 resultados inseridos
📊 Total acumulado: 30788 resultados
🔖 Checkpoint salvo: último ID = 43538

Processando lote de 100 itens (ID 43539 a 43648)...
✅ Lote processado: 100 resultados inseridos
📊 Total acumulado: 30888 resultados
🔖 Checkpoint salvo: último ID = 43648

Processando lote de 100 itens (ID 43649 a 44563)...
✅ Lote processado: 100 resultados inseridos
📊 Total acumulado: 30988 resultados
🔖 Checkpoint salvo: último ID = 44563

Processando lote de 100 itens (ID 44567 a 44832)...
✅ Lote processado: 100 resultados inseridos
📊 Total acumulado: 31088 resultados
🔖 Checkpoint salvo: último ID = 44832

Processando lote de 100 itens (ID 44833 a 44950)...
✅ Lote processado: 100 resultados inseridos
📊 Total acumulado: 31188 resultados
🔖 Checkpoint salvo: último ID = 44950

Processando lote de 100 itens (ID 44952 a 45055)...
✅ Lote processado: 100 resultados inseridos
📊 Total acumulado: 31288 resultados
🔖 Checkpoint salvo: último ID = 45055

Processando lote de 100 itens (ID 45056 a 45162)...
✅ Lote processado: 100 resultados inseridos
📊 Total acumulado: 31388 resultados
🔖 Checkpoint salvo: último ID = 45162

Processando lote de 100 itens (ID 45163 a 45267)...
✅ Lote processado: 100 resultados inseridos
📊 Total acumulado: 31488 resultados
🔖 Checkpoint salvo: último ID = 45267

Processando lote de 100 itens (ID 45270 a 45404)...
✅ Lote processado: 100 resultados inseridos
📊 Total acumulado: 31588 resultados
🔖 Checkpoint salvo: último ID = 45404

Processando lote de 100 itens (ID 45405 a 45510)...
Erro ao inserir resultado: (psycopg2.OperationalError) could not receive data from server: Network is unreachable

[SQL: 
                    INSERT INTO resultados (
                        numeroControlePNCPCompra, numeroItem, sequencialResultado,
                        niFornecedor, nomeRazaoSocialFornecedor, tipoPessoa,
                        porteFornecedorId, porteFornecedorNome,
                        valorUnitarioHomologado, quantidadeHomologada, valorTotalHomologado,
                        percentualDesconto, situacaoCompraItemResultadoId, situacaoCompraItemResultadoNome,
                        dataResultado, dataInclusao, dataAtualizacao,
                        ordemClassificacaoSrp, indicadorSubcontratacao,
                        aplicacaoMargemPreferencia, aplicacaoBeneficioMeEpp, aplicacaoCriterioDesempate,
                        motivoCancelamento, dataCancelamento, codigoPais, paisOrigemProdutoServico,
                        naturezaJuridicaId, naturezaJuridicaNome,
                        amparoLegalMargemPreferencia, amparoLegalCriterioDesempate,
                        moedaEstrangeira, valorNominalMoedaEstrangeira, dataCotacaoMoedaEstrangeira,
                        timezoneCotacaoMoedaEstrangeira
                    ) VALUES (
                        %(numeroControlePNCPCompra)s, %(numeroItem)s, %(sequencialResultado)s,
                        %(niFornecedor)s, %(nomeRazaoSocialFornecedor)s, %(tipoPessoa)s,
                        %(porteFornecedorId)s, %(porteFornecedorNome)s,
                        %(valorUnitarioHomologado)s, %(quantidadeHomologada)s, %(valorTotalHomologado)s,
                        %(percentualDesconto)s, %(situacaoCompraItemResultadoId)s, %(situacaoCompraItemResultadoNome)s,
                        %(dataResultado)s, %(dataInclusao)s, %(dataAtualizacao)s,
                        %(ordemClassificacaoSrp)s, %(indicadorSubcontratacao)s,
                        %(aplicacaoMargemPreferencia)s, %(aplicacaoBeneficioMeEpp)s, %(aplicacaoCriterioDesempate)s,
                        %(motivoCancelamento)s, %(dataCancelamento)s, %(codigoPais)s, %(paisOrigemProdutoServico)s,
                        %(naturezaJuridicaId)s, %(naturezaJuridicaNome)s,
                        %(amparoLegalMargemPreferencia)s, %(amparoLegalCriterioDesempate)s,
                        %(moedaEstrangeira)s, %(valorNominalMoedaEstrangeira)s, %(dataCotacaoMoedaEstrangeira)s,
                        %(timezoneCotacaoMoedaEstrangeira)s
                    )
                    ON CONFLICT (numeroControlePNCPCompra, numeroItem, sequencialResultado) 
                    DO UPDATE SET
                        nomeRazaoSocialFornecedor = EXCLUDED.nomeRazaoSocialFornecedor,
                        valorUnitarioHomologado = EXCLUDED.valorUnitarioHomologado,
                        valorTotalHomologado = EXCLUDED.valorTotalHomologado,
                        dataAtualizacao = EXCLUDED.dataAtualizacao
                ]
[parameters: {'numeroControlePNCPCompra': '46694121000181-1-000181/2024-000001', 'numeroItem': 117, 'sequencialResultado': 1, 'niFornecedor': '47181976000171', 'nomeRazaoSocialFornecedor': 'SUPERMED COMERCIO DE PRODUTOS MEDICOS E HOSPITALARES LTDA', 'tipoPessoa': 'PJ', 'porteFornecedorId': 2, 'porteFornecedorNome': 'EPP', 'valorUnitarioHomologado': 0.65, 'quantidadeHomologada': 150.0, 'valorTotalHomologado': 97.5, 'percentualDesconto': 0.0, 'situacaoCompraItemResultadoId': 1, 'situacaoCompraItemResultadoNome': 'Informado', 'dataResultado': '2024-11-26', 'dataInclusao': '2025-05-26T18:44:10', 'dataAtualizacao': '2025-05-26T18:44:10', 'ordemClassificacaoSrp': 1, 'indicadorSubcontratacao': False, 'aplicacaoMargemPreferencia': False, 'aplicacaoBeneficioMeEpp': False, 'aplicacaoCriterioDesempate': False, 'motivoCancelamento': None, 'dataCancelamento': None, 'codigoPais': 'BRA', 'paisOrigemProdutoServico': None, 'naturezaJuridicaId': None, 'naturezaJuridicaNome': None, 'amparoLegalMargemPreferencia': None, 'amparoLegalCriterioDesempate': None, 'moedaEstrangeira': None, 'valorNominalMoedaEstrangeira': None, 'dataCotacaoMoedaEstrangeira': None, 'timezoneCotacaoMoedaEstrangeira': None}]
(Background on this error at: https://sqlalche.me/e/20/e3q8)
Erro ao inserir resultado: Can't reconnect until invalid transaction is rolled back.  Please rollback() fully before proceeding (Background on this error at: https://sqlalche.me/e/20/8s2b)
Erro ao inserir resultado: Can't reconnect until invalid transaction is rolled back.  Please rollback() fully before proceeding (Background on this error at: https://sqlalche.me/e/20/8s2b)
Erro ao inserir resultado: Can't reconnect until invalid transaction is rolled back.  Please rollback() fully before proceeding (Background on this error at: https://sqlalche.me/e/20/8s2b)
Erro ao inserir resultado: Can't reconnect until invalid transaction is rolled back.  Please rollback() fully before proceeding (Background on this error at: https://sqlalche.me/e/20/8s2b)
Erro ao inserir resultado: Can't reconnect until invalid transaction is rolled back.  Please rollback() fully before proceeding (Background on this error at: https://sqlalche.me/e/20/8s2b)
Erro ao inserir resultado: Can't reconnect until invalid transaction is rolled back.  Please rollback() fully before proceeding (Background on this error at: https://sqlalche.me/e/20/8s2b)
Erro ao inserir resultado: Can't reconnect until invalid transaction is rolled back.  Please rollback() fully before proceeding (Background on this error at: https://sqlalche.me/e/20/8s2b)
Erro ao inserir resultado: Can't reconnect until invalid transaction is rolled back.  Please rollback() fully before proceeding (Background on this error at: https://sqlalche.me/e/20/8s2b)
Erro ao inserir resultado: Can't reconnect until invalid transaction is rolled back.  Please rollback() fully before proceeding (Background on this error at: https://sqlalche.me/e/20/8s2b)
Erro ao inserir resultado: Can't reconnect until invalid transaction is rolled back.  Please rollback() fully before proceeding (Background on this error at: https://sqlalche.me/e/20/8s2b)
Erro ao inserir resultado: Can't reconnect until invalid transaction is rolled back.  Please rollback() fully before proceeding (Background on this error at: https://sqlalche.me/e/20/8s2b)
Erro ao inserir resultado: Can't reconnect until invalid transaction is rolled back.  Please rollback() fully before proceeding (Background on this error at: https://sqlalche.me/e/20/8s2b)
Erro ao inserir resultado: Can't reconnect until invalid transaction is rolled back.  Please rollback() fully before proceeding (Background on this error at: https://sqlalche.me/e/20/8s2b)
Erro ao inserir resultado: Can't reconnect until invalid transaction is rolled back.  Please rollback() fully before proceeding (Background on this error at: https://sqlalche.me/e/20/8s2b)
Erro ao inserir resultado: Can't reconnect until invalid transaction is rolled back.  Please rollback() fully before proceeding (Background on this error at: https://sqlalche.me/e/20/8s2b)
Erro ao inserir resultado: Can't reconnect until invalid transaction is rolled back.  Please rollback() fully before proceeding (Background on this error at: https://sqlalche.me/e/20/8s2b)
Erro ao inserir resultado: Can't reconnect until invalid transaction is rolled back.  Please rollback() fully before proceeding (Background on this error at: https://sqlalche.me/e/20/8s2b)
Erro ao inserir resultado: Can't reconnect until invalid transaction is rolled back.  Please rollback() fully before proceeding (Background on this error at: https://sqlalche.me/e/20/8s2b)
Erro ao inserir resultado: Can't reconnect until invalid transaction is rolled back.  Please rollback() fully before proceeding (Background on this error at: https://sqlalche.me/e/20/8s2b)
Erro ao inserir resultado: Can't reconnect until invalid transaction is rolled back.  Please rollback() fully before proceeding (Background on this error at: https://sqlalche.me/e/20/8s2b)
Erro ao inserir resultado: Can't reconnect until invalid transaction is rolled back.  Please rollback() fully before proceeding (Background on this error at: https://sqlalche.me/e/20/8s2b)
Erro ao inserir resultado: Can't reconnect until invalid transaction is rolled back.  Please rollback() fully before proceeding (Background on this error at: https://sqlalche.me/e/20/8s2b)
Erro ao inserir resultado: Can't reconnect until invalid transaction is rolled back.  Please rollback() fully before proceeding (Background on this error at: https://sqlalche.me/e/20/8s2b)
Erro ao inserir resultado: Can't reconnect until invalid transaction is rolled back.  Please rollback() fully before proceeding (Background on this error at: https://sqlalche.me/e/20/8s2b)
✅ Lote processado: 75 resultados inseridos
📊 Total acumulado: 31663 resultados
🔖 Checkpoint salvo: último ID = 45510

Processando lote de 100 itens (ID 45511 a 45856)...
Erro ao inserir resultado: (psycopg2.ProgrammingError) can't adapt type 'dict'
[SQL: 
                    INSERT INTO resultados (
                        numeroControlePNCPCompra, numeroItem, sequencialResultado,
                        niFornecedor, nomeRazaoSocialFornecedor, tipoPessoa,
                        porteFornecedorId, porteFornecedorNome,
                        valorUnitarioHomologado, quantidadeHomologada, valorTotalHomologado,
                        percentualDesconto, situacaoCompraItemResultadoId, situacaoCompraItemResultadoNome,
                        dataResultado, dataInclusao, dataAtualizacao,
                        ordemClassificacaoSrp, indicadorSubcontratacao,
                        aplicacaoMargemPreferencia, aplicacaoBeneficioMeEpp, aplicacaoCriterioDesempate,
                        motivoCancelamento, dataCancelamento, codigoPais, paisOrigemProdutoServico,
                        naturezaJuridicaId, naturezaJuridicaNome,
                        amparoLegalMargemPreferencia, amparoLegalCriterioDesempate,
                        moedaEstrangeira, valorNominalMoedaEstrangeira, dataCotacaoMoedaEstrangeira,
                        timezoneCotacaoMoedaEstrangeira
                    ) VALUES (
                        %(numeroControlePNCPCompra)s, %(numeroItem)s, %(sequencialResultado)s,
                        %(niFornecedor)s, %(nomeRazaoSocialFornecedor)s, %(tipoPessoa)s,
                        %(porteFornecedorId)s, %(porteFornecedorNome)s,
                        %(valorUnitarioHomologado)s, %(quantidadeHomologada)s, %(valorTotalHomologado)s,
                        %(percentualDesconto)s, %(situacaoCompraItemResultadoId)s, %(situacaoCompraItemResultadoNome)s,
                        %(dataResultado)s, %(dataInclusao)s, %(dataAtualizacao)s,
                        %(ordemClassificacaoSrp)s, %(indicadorSubcontratacao)s,
                        %(aplicacaoMargemPreferencia)s, %(aplicacaoBeneficioMeEpp)s, %(aplicacaoCriterioDesempate)s,
                        %(motivoCancelamento)s, %(dataCancelamento)s, %(codigoPais)s, %(paisOrigemProdutoServico)s,
                        %(naturezaJuridicaId)s, %(naturezaJuridicaNome)s,
                        %(amparoLegalMargemPreferencia)s, %(amparoLegalCriterioDesempate)s,
                        %(moedaEstrangeira)s, %(valorNominalMoedaEstrangeira)s, %(dataCotacaoMoedaEstrangeira)s,
                        %(timezoneCotacaoMoedaEstrangeira)s
                    )
                    ON CONFLICT (numeroControlePNCPCompra, numeroItem, sequencialResultado) 
                    DO UPDATE SET
                        nomeRazaoSocialFornecedor = EXCLUDED.nomeRazaoSocialFornecedor,
                        valorUnitarioHomologado = EXCLUDED.valorUnitarioHomologado,
                        valorTotalHomologado = EXCLUDED.valorTotalHomologado,
                        dataAtualizacao = EXCLUDED.dataAtualizacao
                ]
[parameters: {'numeroControlePNCPCompra': '44435121000131-1-000118/2024-000001', 'numeroItem': 9, 'sequencialResultado': 1, 'niFornecedor': '47181976000171', 'nomeRazaoSocialFornecedor': 'SUPERMED COMERCIO DE PRODUTOS MEDICOS E HOSPITALARES LTDA', 'tipoPessoa': 'PJ', 'porteFornecedorId': 1, 'porteFornecedorNome': 'ME', 'valorUnitarioHomologado': 0.85, 'quantidadeHomologada': 4500.0, 'valorTotalHomologado': 3825.0, 'percentualDesconto': 0.0, 'situacaoCompraItemResultadoId': 1, 'situacaoCompraItemResultadoNome': 'Informado', 'dataResultado': '2024-11-12', 'dataInclusao': '2024-11-12T14:00:30', 'dataAtualizacao': '2024-11-12T14:00:30', 'ordemClassificacaoSrp': 1, 'indicadorSubcontratacao': False, 'aplicacaoMargemPreferencia': False, 'aplicacaoBeneficioMeEpp': True, 'aplicacaoCriterioDesempate': True, 'motivoCancelamento': None, 'dataCancelamento': None, 'codigoPais': 'BRA', 'paisOrigemProdutoServico': None, 'naturezaJuridicaId': '2062', 'naturezaJuridicaNome': 'Sociedade Empresária Limitada', 'amparoLegalMargemPreferencia': None, 'amparoLegalCriterioDesempate': {'id': 148, 'nome': 'Lei 14.133/2021, art. 60, outros incisos', 'descricao': 'Critério de desempate: Utilizar esse código quando a justificativa de de ... (82 characters truncated) ... evistos nos Amparos Legais, códigos 145; 146; e 147, constantes no Manual de Integração do PNCP em seu item 5.15. Amparo Legal.', 'statusAtivo': True}, 'moedaEstrangeira': None, 'valorNominalMoedaEstrangeira': None, 'dataCotacaoMoedaEstrangeira': None, 'timezoneCotacaoMoedaEstrangeira': None}]
(Background on this error at: https://sqlalche.me/e/20/f405)
Erro ao inserir resultado: (psycopg2.ProgrammingError) can't adapt type 'dict'
[SQL: 
                    INSERT INTO resultados (
                        numeroControlePNCPCompra, numeroItem, sequencialResultado,
                        niFornecedor, nomeRazaoSocialFornecedor, tipoPessoa,
                        porteFornecedorId, porteFornecedorNome,
                        valorUnitarioHomologado, quantidadeHomologada, valorTotalHomologado,
                        percentualDesconto, situacaoCompraItemResultadoId, situacaoCompraItemResultadoNome,
                        dataResultado, dataInclusao, dataAtualizacao,
                        ordemClassificacaoSrp, indicadorSubcontratacao,
                        aplicacaoMargemPreferencia, aplicacaoBeneficioMeEpp, aplicacaoCriterioDesempate,
                        motivoCancelamento, dataCancelamento, codigoPais, paisOrigemProdutoServico,
                        naturezaJuridicaId, naturezaJuridicaNome,
                        amparoLegalMargemPreferencia, amparoLegalCriterioDesempate,
                        moedaEstrangeira, valorNominalMoedaEstrangeira, dataCotacaoMoedaEstrangeira,
                        timezoneCotacaoMoedaEstrangeira
                    ) VALUES (
                        %(numeroControlePNCPCompra)s, %(numeroItem)s, %(sequencialResultado)s,
                        %(niFornecedor)s, %(nomeRazaoSocialFornecedor)s, %(tipoPessoa)s,
                        %(porteFornecedorId)s, %(porteFornecedorNome)s,
                        %(valorUnitarioHomologado)s, %(quantidadeHomologada)s, %(valorTotalHomologado)s,
                        %(percentualDesconto)s, %(situacaoCompraItemResultadoId)s, %(situacaoCompraItemResultadoNome)s,
                        %(dataResultado)s, %(dataInclusao)s, %(dataAtualizacao)s,
                        %(ordemClassificacaoSrp)s, %(indicadorSubcontratacao)s,
                        %(aplicacaoMargemPreferencia)s, %(aplicacaoBeneficioMeEpp)s, %(aplicacaoCriterioDesempate)s,
                        %(motivoCancelamento)s, %(dataCancelamento)s, %(codigoPais)s, %(paisOrigemProdutoServico)s,
                        %(naturezaJuridicaId)s, %(naturezaJuridicaNome)s,
                        %(amparoLegalMargemPreferencia)s, %(amparoLegalCriterioDesempate)s,
                        %(moedaEstrangeira)s, %(valorNominalMoedaEstrangeira)s, %(dataCotacaoMoedaEstrangeira)s,
                        %(timezoneCotacaoMoedaEstrangeira)s
                    )
                    ON CONFLICT (numeroControlePNCPCompra, numeroItem, sequencialResultado) 
                    DO UPDATE SET
                        nomeRazaoSocialFornecedor = EXCLUDED.nomeRazaoSocialFornecedor,
                        valorUnitarioHomologado = EXCLUDED.valorUnitarioHomologado,
                        valorTotalHomologado = EXCLUDED.valorTotalHomologado,
                        dataAtualizacao = EXCLUDED.dataAtualizacao
                ]
[parameters: {'numeroControlePNCPCompra': '44435121000131-1-000118/2024-000001', 'numeroItem': 75, 'sequencialResultado': 1, 'niFornecedor': '47181976000171', 'nomeRazaoSocialFornecedor': 'SUPERMED COMERCIO DE PRODUTOS MEDICOS E HOSPITALARES LTDA', 'tipoPessoa': 'PJ', 'porteFornecedorId': 1, 'porteFornecedorNome': 'ME', 'valorUnitarioHomologado': 0.52, 'quantidadeHomologada': 2700.0, 'valorTotalHomologado': 1404.0, 'percentualDesconto': 0.0, 'situacaoCompraItemResultadoId': 1, 'situacaoCompraItemResultadoNome': 'Informado', 'dataResultado': '2024-11-12', 'dataInclusao': '2024-11-12T14:00:33', 'dataAtualizacao': '2024-11-12T14:00:33', 'ordemClassificacaoSrp': 1, 'indicadorSubcontratacao': False, 'aplicacaoMargemPreferencia': False, 'aplicacaoBeneficioMeEpp': True, 'aplicacaoCriterioDesempate': True, 'motivoCancelamento': None, 'dataCancelamento': None, 'codigoPais': 'BRA', 'paisOrigemProdutoServico': None, 'naturezaJuridicaId': '2062', 'naturezaJuridicaNome': 'Sociedade Empresária Limitada', 'amparoLegalMargemPreferencia': None, 'amparoLegalCriterioDesempate': {'id': 148, 'nome': 'Lei 14.133/2021, art. 60, outros incisos', 'descricao': 'Critério de desempate: Utilizar esse código quando a justificativa de de ... (82 characters truncated) ... evistos nos Amparos Legais, códigos 145; 146; e 147, constantes no Manual de Integração do PNCP em seu item 5.15. Amparo Legal.', 'statusAtivo': True}, 'moedaEstrangeira': None, 'valorNominalMoedaEstrangeira': None, 'dataCotacaoMoedaEstrangeira': None, 'timezoneCotacaoMoedaEstrangeira': None}]
(Background on this error at: https://sqlalche.me/e/20/f405)
Erro ao inserir resultado: (psycopg2.ProgrammingError) can't adapt type 'dict'
[SQL: 
                    INSERT INTO resultados (
                        numeroControlePNCPCompra, numeroItem, sequencialResultado,
                        niFornecedor, nomeRazaoSocialFornecedor, tipoPessoa,
                        porteFornecedorId, porteFornecedorNome,
                        valorUnitarioHomologado, quantidadeHomologada, valorTotalHomologado,
                        percentualDesconto, situacaoCompraItemResultadoId, situacaoCompraItemResultadoNome,
                        dataResultado, dataInclusao, dataAtualizacao,
                        ordemClassificacaoSrp, indicadorSubcontratacao,
                        aplicacaoMargemPreferencia, aplicacaoBeneficioMeEpp, aplicacaoCriterioDesempate,
                        motivoCancelamento, dataCancelamento, codigoPais, paisOrigemProdutoServico,
                        naturezaJuridicaId, naturezaJuridicaNome,
                        amparoLegalMargemPreferencia, amparoLegalCriterioDesempate,
                        moedaEstrangeira, valorNominalMoedaEstrangeira, dataCotacaoMoedaEstrangeira,
                        timezoneCotacaoMoedaEstrangeira
                    ) VALUES (
                        %(numeroControlePNCPCompra)s, %(numeroItem)s, %(sequencialResultado)s,
                        %(niFornecedor)s, %(nomeRazaoSocialFornecedor)s, %(tipoPessoa)s,
                        %(porteFornecedorId)s, %(porteFornecedorNome)s,
                        %(valorUnitarioHomologado)s, %(quantidadeHomologada)s, %(valorTotalHomologado)s,
                        %(percentualDesconto)s, %(situacaoCompraItemResultadoId)s, %(situacaoCompraItemResultadoNome)s,
                        %(dataResultado)s, %(dataInclusao)s, %(dataAtualizacao)s,
                        %(ordemClassificacaoSrp)s, %(indicadorSubcontratacao)s,
                        %(aplicacaoMargemPreferencia)s, %(aplicacaoBeneficioMeEpp)s, %(aplicacaoCriterioDesempate)s,
                        %(motivoCancelamento)s, %(dataCancelamento)s, %(codigoPais)s, %(paisOrigemProdutoServico)s,
                        %(naturezaJuridicaId)s, %(naturezaJuridicaNome)s,
                        %(amparoLegalMargemPreferencia)s, %(amparoLegalCriterioDesempate)s,
                        %(moedaEstrangeira)s, %(valorNominalMoedaEstrangeira)s, %(dataCotacaoMoedaEstrangeira)s,
                        %(timezoneCotacaoMoedaEstrangeira)s
                    )
                    ON CONFLICT (numeroControlePNCPCompra, numeroItem, sequencialResultado) 
                    DO UPDATE SET
                        nomeRazaoSocialFornecedor = EXCLUDED.nomeRazaoSocialFornecedor,
                        valorUnitarioHomologado = EXCLUDED.valorUnitarioHomologado,
                        valorTotalHomologado = EXCLUDED.valorTotalHomologado,
                        dataAtualizacao = EXCLUDED.dataAtualizacao
                ]
[parameters: {'numeroControlePNCPCompra': '44435121000131-1-000118/2024-000001', 'numeroItem': 121, 'sequencialResultado': 1, 'niFornecedor': '47181976000171', 'nomeRazaoSocialFornecedor': 'SUPERMED COMERCIO DE PRODUTOS MEDICOS E HOSPITALARES LTDA', 'tipoPessoa': 'PJ', 'porteFornecedorId': 1, 'porteFornecedorNome': 'ME', 'valorUnitarioHomologado': 0.06, 'quantidadeHomologada': 5400.0, 'valorTotalHomologado': 324.0, 'percentualDesconto': 0.0, 'situacaoCompraItemResultadoId': 1, 'situacaoCompraItemResultadoNome': 'Informado', 'dataResultado': '2024-11-12', 'dataInclusao': '2024-11-12T14:00:36', 'dataAtualizacao': '2024-11-12T14:00:36', 'ordemClassificacaoSrp': 1, 'indicadorSubcontratacao': False, 'aplicacaoMargemPreferencia': False, 'aplicacaoBeneficioMeEpp': True, 'aplicacaoCriterioDesempate': True, 'motivoCancelamento': None, 'dataCancelamento': None, 'codigoPais': 'BRA', 'paisOrigemProdutoServico': None, 'naturezaJuridicaId': '2062', 'naturezaJuridicaNome': 'Sociedade Empresária Limitada', 'amparoLegalMargemPreferencia': None, 'amparoLegalCriterioDesempate': {'id': 148, 'nome': 'Lei 14.133/2021, art. 60, outros incisos', 'descricao': 'Critério de desempate: Utilizar esse código quando a justificativa de de ... (82 characters truncated) ... evistos nos Amparos Legais, códigos 145; 146; e 147, constantes no Manual de Integração do PNCP em seu item 5.15. Amparo Legal.', 'statusAtivo': True}, 'moedaEstrangeira': None, 'valorNominalMoedaEstrangeira': None, 'dataCotacaoMoedaEstrangeira': None, 'timezoneCotacaoMoedaEstrangeira': None}]
(Background on this error at: https://sqlalche.me/e/20/f405)
✅ Lote processado: 97 resultados inseridos
📊 Total acumulado: 31760 resultados
🔖 Checkpoint salvo: último ID = 45856

Processando lote de 100 itens (ID 45857 a 46033)...
Erro ao inserir resultado: (psycopg2.ProgrammingError) can't adapt type 'dict'
[SQL: 
                    INSERT INTO resultados (
                        numeroControlePNCPCompra, numeroItem, sequencialResultado,
                        niFornecedor, nomeRazaoSocialFornecedor, tipoPessoa,
                        porteFornecedorId, porteFornecedorNome,
                        valorUnitarioHomologado, quantidadeHomologada, valorTotalHomologado,
                        percentualDesconto, situacaoCompraItemResultadoId, situacaoCompraItemResultadoNome,
                        dataResultado, dataInclusao, dataAtualizacao,
                        ordemClassificacaoSrp, indicadorSubcontratacao,
                        aplicacaoMargemPreferencia, aplicacaoBeneficioMeEpp, aplicacaoCriterioDesempate,
                        motivoCancelamento, dataCancelamento, codigoPais, paisOrigemProdutoServico,
                        naturezaJuridicaId, naturezaJuridicaNome,
                        amparoLegalMargemPreferencia, amparoLegalCriterioDesempate,
                        moedaEstrangeira, valorNominalMoedaEstrangeira, dataCotacaoMoedaEstrangeira,
                        timezoneCotacaoMoedaEstrangeira
                    ) VALUES (
                        %(numeroControlePNCPCompra)s, %(numeroItem)s, %(sequencialResultado)s,
                        %(niFornecedor)s, %(nomeRazaoSocialFornecedor)s, %(tipoPessoa)s,
                        %(porteFornecedorId)s, %(porteFornecedorNome)s,
                        %(valorUnitarioHomologado)s, %(quantidadeHomologada)s, %(valorTotalHomologado)s,
                        %(percentualDesconto)s, %(situacaoCompraItemResultadoId)s, %(situacaoCompraItemResultadoNome)s,
                        %(dataResultado)s, %(dataInclusao)s, %(dataAtualizacao)s,
                        %(ordemClassificacaoSrp)s, %(indicadorSubcontratacao)s,
                        %(aplicacaoMargemPreferencia)s, %(aplicacaoBeneficioMeEpp)s, %(aplicacaoCriterioDesempate)s,
                        %(motivoCancelamento)s, %(dataCancelamento)s, %(codigoPais)s, %(paisOrigemProdutoServico)s,
                        %(naturezaJuridicaId)s, %(naturezaJuridicaNome)s,
                        %(amparoLegalMargemPreferencia)s, %(amparoLegalCriterioDesempate)s,
                        %(moedaEstrangeira)s, %(valorNominalMoedaEstrangeira)s, %(dataCotacaoMoedaEstrangeira)s,
                        %(timezoneCotacaoMoedaEstrangeira)s
                    )
                    ON CONFLICT (numeroControlePNCPCompra, numeroItem, sequencialResultado) 
                    DO UPDATE SET
                        nomeRazaoSocialFornecedor = EXCLUDED.nomeRazaoSocialFornecedor,
                        valorUnitarioHomologado = EXCLUDED.valorUnitarioHomologado,
                        valorTotalHomologado = EXCLUDED.valorTotalHomologado,
                        dataAtualizacao = EXCLUDED.dataAtualizacao
                ]
[parameters: {'numeroControlePNCPCompra': '44435121000131-1-000118/2024-000001', 'numeroItem': 175, 'sequencialResultado': 1, 'niFornecedor': '47181976000171', 'nomeRazaoSocialFornecedor': 'SUPERMED COMERCIO DE PRODUTOS MEDICOS E HOSPITALARES LTDA', 'tipoPessoa': 'PJ', 'porteFornecedorId': 1, 'porteFornecedorNome': 'ME', 'valorUnitarioHomologado': 5.8, 'quantidadeHomologada': 135.0, 'valorTotalHomologado': 783.0, 'percentualDesconto': 0.0, 'situacaoCompraItemResultadoId': 1, 'situacaoCompraItemResultadoNome': 'Informado', 'dataResultado': '2024-11-12', 'dataInclusao': '2024-11-12T14:00:39', 'dataAtualizacao': '2024-11-12T14:00:39', 'ordemClassificacaoSrp': 1, 'indicadorSubcontratacao': False, 'aplicacaoMargemPreferencia': False, 'aplicacaoBeneficioMeEpp': True, 'aplicacaoCriterioDesempate': True, 'motivoCancelamento': None, 'dataCancelamento': None, 'codigoPais': 'BRA', 'paisOrigemProdutoServico': None, 'naturezaJuridicaId': '2062', 'naturezaJuridicaNome': 'Sociedade Empresária Limitada', 'amparoLegalMargemPreferencia': None, 'amparoLegalCriterioDesempate': {'id': 148, 'nome': 'Lei 14.133/2021, art. 60, outros incisos', 'descricao': 'Critério de desempate: Utilizar esse código quando a justificativa de de ... (82 characters truncated) ... evistos nos Amparos Legais, códigos 145; 146; e 147, constantes no Manual de Integração do PNCP em seu item 5.15. Amparo Legal.', 'statusAtivo': True}, 'moedaEstrangeira': None, 'valorNominalMoedaEstrangeira': None, 'dataCotacaoMoedaEstrangeira': None, 'timezoneCotacaoMoedaEstrangeira': None}]
(Background on this error at: https://sqlalche.me/e/20/f405)
Erro ao inserir resultado: (psycopg2.ProgrammingError) can't adapt type 'dict'
[SQL: 
                    INSERT INTO resultados (
                        numeroControlePNCPCompra, numeroItem, sequencialResultado,
                        niFornecedor, nomeRazaoSocialFornecedor, tipoPessoa,
                        porteFornecedorId, porteFornecedorNome,
                        valorUnitarioHomologado, quantidadeHomologada, valorTotalHomologado,
                        percentualDesconto, situacaoCompraItemResultadoId, situacaoCompraItemResultadoNome,
                        dataResultado, dataInclusao, dataAtualizacao,
                        ordemClassificacaoSrp, indicadorSubcontratacao,
                        aplicacaoMargemPreferencia, aplicacaoBeneficioMeEpp, aplicacaoCriterioDesempate,
                        motivoCancelamento, dataCancelamento, codigoPais, paisOrigemProdutoServico,
                        naturezaJuridicaId, naturezaJuridicaNome,
                        amparoLegalMargemPreferencia, amparoLegalCriterioDesempate,
                        moedaEstrangeira, valorNominalMoedaEstrangeira, dataCotacaoMoedaEstrangeira,
                        timezoneCotacaoMoedaEstrangeira
                    ) VALUES (
                        %(numeroControlePNCPCompra)s, %(numeroItem)s, %(sequencialResultado)s,
                        %(niFornecedor)s, %(nomeRazaoSocialFornecedor)s, %(tipoPessoa)s,
                        %(porteFornecedorId)s, %(porteFornecedorNome)s,
                        %(valorUnitarioHomologado)s, %(quantidadeHomologada)s, %(valorTotalHomologado)s,
                        %(percentualDesconto)s, %(situacaoCompraItemResultadoId)s, %(situacaoCompraItemResultadoNome)s,
                        %(dataResultado)s, %(dataInclusao)s, %(dataAtualizacao)s,
                        %(ordemClassificacaoSrp)s, %(indicadorSubcontratacao)s,
                        %(aplicacaoMargemPreferencia)s, %(aplicacaoBeneficioMeEpp)s, %(aplicacaoCriterioDesempate)s,
                        %(motivoCancelamento)s, %(dataCancelamento)s, %(codigoPais)s, %(paisOrigemProdutoServico)s,
                        %(naturezaJuridicaId)s, %(naturezaJuridicaNome)s,
                        %(amparoLegalMargemPreferencia)s, %(amparoLegalCriterioDesempate)s,
                        %(moedaEstrangeira)s, %(valorNominalMoedaEstrangeira)s, %(dataCotacaoMoedaEstrangeira)s,
                        %(timezoneCotacaoMoedaEstrangeira)s
                    )
                    ON CONFLICT (numeroControlePNCPCompra, numeroItem, sequencialResultado) 
                    DO UPDATE SET
                        nomeRazaoSocialFornecedor = EXCLUDED.nomeRazaoSocialFornecedor,
                        valorUnitarioHomologado = EXCLUDED.valorUnitarioHomologado,
                        valorTotalHomologado = EXCLUDED.valorTotalHomologado,
                        dataAtualizacao = EXCLUDED.dataAtualizacao
                ]
[parameters: {'numeroControlePNCPCompra': '44435121000131-1-000118/2024-000001', 'numeroItem': 195, 'sequencialResultado': 1, 'niFornecedor': '47181976000171', 'nomeRazaoSocialFornecedor': 'SUPERMED COMERCIO DE PRODUTOS MEDICOS E HOSPITALARES LTDA', 'tipoPessoa': 'PJ', 'porteFornecedorId': 1, 'porteFornecedorNome': 'ME', 'valorUnitarioHomologado': 0.22, 'quantidadeHomologada': 900.0, 'valorTotalHomologado': 198.0, 'percentualDesconto': 0.0, 'situacaoCompraItemResultadoId': 1, 'situacaoCompraItemResultadoNome': 'Informado', 'dataResultado': '2024-11-12', 'dataInclusao': '2024-11-12T14:00:40', 'dataAtualizacao': '2024-11-12T14:00:40', 'ordemClassificacaoSrp': 1, 'indicadorSubcontratacao': False, 'aplicacaoMargemPreferencia': False, 'aplicacaoBeneficioMeEpp': True, 'aplicacaoCriterioDesempate': True, 'motivoCancelamento': None, 'dataCancelamento': None, 'codigoPais': 'BRA', 'paisOrigemProdutoServico': None, 'naturezaJuridicaId': '2062', 'naturezaJuridicaNome': 'Sociedade Empresária Limitada', 'amparoLegalMargemPreferencia': None, 'amparoLegalCriterioDesempate': {'id': 148, 'nome': 'Lei 14.133/2021, art. 60, outros incisos', 'descricao': 'Critério de desempate: Utilizar esse código quando a justificativa de de ... (82 characters truncated) ... evistos nos Amparos Legais, códigos 145; 146; e 147, constantes no Manual de Integração do PNCP em seu item 5.15. Amparo Legal.', 'statusAtivo': True}, 'moedaEstrangeira': None, 'valorNominalMoedaEstrangeira': None, 'dataCotacaoMoedaEstrangeira': None, 'timezoneCotacaoMoedaEstrangeira': None}]
(Background on this error at: https://sqlalche.me/e/20/f405)
Erro ao inserir resultado: (psycopg2.ProgrammingError) can't adapt type 'dict'
[SQL: 
                    INSERT INTO resultados (
                        numeroControlePNCPCompra, numeroItem, sequencialResultado,
                        niFornecedor, nomeRazaoSocialFornecedor, tipoPessoa,
                        porteFornecedorId, porteFornecedorNome,
                        valorUnitarioHomologado, quantidadeHomologada, valorTotalHomologado,
                        percentualDesconto, situacaoCompraItemResultadoId, situacaoCompraItemResultadoNome,
                        dataResultado, dataInclusao, dataAtualizacao,
                        ordemClassificacaoSrp, indicadorSubcontratacao,
                        aplicacaoMargemPreferencia, aplicacaoBeneficioMeEpp, aplicacaoCriterioDesempate,
                        motivoCancelamento, dataCancelamento, codigoPais, paisOrigemProdutoServico,
                        naturezaJuridicaId, naturezaJuridicaNome,
                        amparoLegalMargemPreferencia, amparoLegalCriterioDesempate,
                        moedaEstrangeira, valorNominalMoedaEstrangeira, dataCotacaoMoedaEstrangeira,
                        timezoneCotacaoMoedaEstrangeira
                    ) VALUES (
                        %(numeroControlePNCPCompra)s, %(numeroItem)s, %(sequencialResultado)s,
                        %(niFornecedor)s, %(nomeRazaoSocialFornecedor)s, %(tipoPessoa)s,
                        %(porteFornecedorId)s, %(porteFornecedorNome)s,
                        %(valorUnitarioHomologado)s, %(quantidadeHomologada)s, %(valorTotalHomologado)s,
                        %(percentualDesconto)s, %(situacaoCompraItemResultadoId)s, %(situacaoCompraItemResultadoNome)s,
                        %(dataResultado)s, %(dataInclusao)s, %(dataAtualizacao)s,
                        %(ordemClassificacaoSrp)s, %(indicadorSubcontratacao)s,
                        %(aplicacaoMargemPreferencia)s, %(aplicacaoBeneficioMeEpp)s, %(aplicacaoCriterioDesempate)s,
                        %(motivoCancelamento)s, %(dataCancelamento)s, %(codigoPais)s, %(paisOrigemProdutoServico)s,
                        %(naturezaJuridicaId)s, %(naturezaJuridicaNome)s,
                        %(amparoLegalMargemPreferencia)s, %(amparoLegalCriterioDesempate)s,
                        %(moedaEstrangeira)s, %(valorNominalMoedaEstrangeira)s, %(dataCotacaoMoedaEstrangeira)s,
                        %(timezoneCotacaoMoedaEstrangeira)s
                    )
                    ON CONFLICT (numeroControlePNCPCompra, numeroItem, sequencialResultado) 
                    DO UPDATE SET
                        nomeRazaoSocialFornecedor = EXCLUDED.nomeRazaoSocialFornecedor,
                        valorUnitarioHomologado = EXCLUDED.valorUnitarioHomologado,
                        valorTotalHomologado = EXCLUDED.valorTotalHomologado,
                        dataAtualizacao = EXCLUDED.dataAtualizacao
                ]
[parameters: {'numeroControlePNCPCompra': '44435121000131-1-000118/2024-000001', 'numeroItem': 197, 'sequencialResultado': 1, 'niFornecedor': '47181976000171', 'nomeRazaoSocialFornecedor': 'SUPERMED COMERCIO DE PRODUTOS MEDICOS E HOSPITALARES LTDA', 'tipoPessoa': 'PJ', 'porteFornecedorId': 1, 'porteFornecedorNome': 'ME', 'valorUnitarioHomologado': 0.22, 'quantidadeHomologada': 900.0, 'valorTotalHomologado': 198.0, 'percentualDesconto': 0.0, 'situacaoCompraItemResultadoId': 1, 'situacaoCompraItemResultadoNome': 'Informado', 'dataResultado': '2024-11-12', 'dataInclusao': '2024-11-12T14:00:40', 'dataAtualizacao': '2024-11-12T14:00:40', 'ordemClassificacaoSrp': 1, 'indicadorSubcontratacao': False, 'aplicacaoMargemPreferencia': False, 'aplicacaoBeneficioMeEpp': True, 'aplicacaoCriterioDesempate': True, 'motivoCancelamento': None, 'dataCancelamento': None, 'codigoPais': 'BRA', 'paisOrigemProdutoServico': None, 'naturezaJuridicaId': '2062', 'naturezaJuridicaNome': 'Sociedade Empresária Limitada', 'amparoLegalMargemPreferencia': None, 'amparoLegalCriterioDesempate': {'id': 148, 'nome': 'Lei 14.133/2021, art. 60, outros incisos', 'descricao': 'Critério de desempate: Utilizar esse código quando a justificativa de de ... (82 characters truncated) ... evistos nos Amparos Legais, códigos 145; 146; e 147, constantes no Manual de Integração do PNCP em seu item 5.15. Amparo Legal.', 'statusAtivo': True}, 'moedaEstrangeira': None, 'valorNominalMoedaEstrangeira': None, 'dataCotacaoMoedaEstrangeira': None, 'timezoneCotacaoMoedaEstrangeira': None}]
(Background on this error at: https://sqlalche.me/e/20/f405)
Erro ao inserir resultado: (psycopg2.ProgrammingError) can't adapt type 'dict'
[SQL: 
                    INSERT INTO resultados (
                        numeroControlePNCPCompra, numeroItem, sequencialResultado,
                        niFornecedor, nomeRazaoSocialFornecedor, tipoPessoa,
                        porteFornecedorId, porteFornecedorNome,
                        valorUnitarioHomologado, quantidadeHomologada, valorTotalHomologado,
                        percentualDesconto, situacaoCompraItemResultadoId, situacaoCompraItemResultadoNome,
                        dataResultado, dataInclusao, dataAtualizacao,
                        ordemClassificacaoSrp, indicadorSubcontratacao,
                        aplicacaoMargemPreferencia, aplicacaoBeneficioMeEpp, aplicacaoCriterioDesempate,
                        motivoCancelamento, dataCancelamento, codigoPais, paisOrigemProdutoServico,
                        naturezaJuridicaId, naturezaJuridicaNome,
                        amparoLegalMargemPreferencia, amparoLegalCriterioDesempate,
                        moedaEstrangeira, valorNominalMoedaEstrangeira, dataCotacaoMoedaEstrangeira,
                        timezoneCotacaoMoedaEstrangeira
                    ) VALUES (
                        %(numeroControlePNCPCompra)s, %(numeroItem)s, %(sequencialResultado)s,
                        %(niFornecedor)s, %(nomeRazaoSocialFornecedor)s, %(tipoPessoa)s,
                        %(porteFornecedorId)s, %(porteFornecedorNome)s,
                        %(valorUnitarioHomologado)s, %(quantidadeHomologada)s, %(valorTotalHomologado)s,
                        %(percentualDesconto)s, %(situacaoCompraItemResultadoId)s, %(situacaoCompraItemResultadoNome)s,
                        %(dataResultado)s, %(dataInclusao)s, %(dataAtualizacao)s,
                        %(ordemClassificacaoSrp)s, %(indicadorSubcontratacao)s,
                        %(aplicacaoMargemPreferencia)s, %(aplicacaoBeneficioMeEpp)s, %(aplicacaoCriterioDesempate)s,
                        %(motivoCancelamento)s, %(dataCancelamento)s, %(codigoPais)s, %(paisOrigemProdutoServico)s,
                        %(naturezaJuridicaId)s, %(naturezaJuridicaNome)s,
                        %(amparoLegalMargemPreferencia)s, %(amparoLegalCriterioDesempate)s,
                        %(moedaEstrangeira)s, %(valorNominalMoedaEstrangeira)s, %(dataCotacaoMoedaEstrangeira)s,
                        %(timezoneCotacaoMoedaEstrangeira)s
                    )
                    ON CONFLICT (numeroControlePNCPCompra, numeroItem, sequencialResultado) 
                    DO UPDATE SET
                        nomeRazaoSocialFornecedor = EXCLUDED.nomeRazaoSocialFornecedor,
                        valorUnitarioHomologado = EXCLUDED.valorUnitarioHomologado,
                        valorTotalHomologado = EXCLUDED.valorTotalHomologado,
                        dataAtualizacao = EXCLUDED.dataAtualizacao
                ]
[parameters: {'numeroControlePNCPCompra': '44435121000131-1-000118/2024-000001', 'numeroItem': 267, 'sequencialResultado': 1, 'niFornecedor': '47181976000171', 'nomeRazaoSocialFornecedor': 'SUPERMED COMERCIO DE PRODUTOS MEDICOS E HOSPITALARES LTDA', 'tipoPessoa': 'PJ', 'porteFornecedorId': 1, 'porteFornecedorNome': 'ME', 'valorUnitarioHomologado': 2.93, 'quantidadeHomologada': 90.0, 'valorTotalHomologado': 263.7, 'percentualDesconto': 0.0, 'situacaoCompraItemResultadoId': 1, 'situacaoCompraItemResultadoNome': 'Informado', 'dataResultado': '2024-11-12', 'dataInclusao': '2024-11-12T14:00:43', 'dataAtualizacao': '2024-11-12T14:00:43', 'ordemClassificacaoSrp': 1, 'indicadorSubcontratacao': False, 'aplicacaoMargemPreferencia': False, 'aplicacaoBeneficioMeEpp': True, 'aplicacaoCriterioDesempate': True, 'motivoCancelamento': None, 'dataCancelamento': None, 'codigoPais': 'BRA', 'paisOrigemProdutoServico': None, 'naturezaJuridicaId': '2062', 'naturezaJuridicaNome': 'Sociedade Empresária Limitada', 'amparoLegalMargemPreferencia': None, 'amparoLegalCriterioDesempate': {'id': 148, 'nome': 'Lei 14.133/2021, art. 60, outros incisos', 'descricao': 'Critério de desempate: Utilizar esse código quando a justificativa de de ... (82 characters truncated) ... evistos nos Amparos Legais, códigos 145; 146; e 147, constantes no Manual de Integração do PNCP em seu item 5.15. Amparo Legal.', 'statusAtivo': True}, 'moedaEstrangeira': None, 'valorNominalMoedaEstrangeira': None, 'dataCotacaoMoedaEstrangeira': None, 'timezoneCotacaoMoedaEstrangeira': None}]
(Background on this error at: https://sqlalche.me/e/20/f405)
✅ Lote processado: 96 resultados inseridos
📊 Total acumulado: 31856 resultados
🔖 Checkpoint salvo: último ID = 46033

Processando lote de 100 itens (ID 46034 a 46138)...
✅ Lote processado: 100 resultados inseridos
📊 Total acumulado: 31956 resultados
🔖 Checkpoint salvo: último ID = 46138

Processando lote de 100 itens (ID 46139 a 46244)...
✅ Lote processado: 100 resultados inseridos
📊 Total acumulado: 32056 resultados
🔖 Checkpoint salvo: último ID = 46244

Processando lote de 100 itens (ID 46245 a 46475)...
✅ Lote processado: 100 resultados inseridos
📊 Total acumulado: 32156 resultados
🔖 Checkpoint salvo: último ID = 46475

Processando lote de 100 itens (ID 46476 a 46658)...
✅ Lote processado: 100 resultados inseridos
📊 Total acumulado: 32256 resultados
🔖 Checkpoint salvo: último ID = 46658

Processando lote de 100 itens (ID 46659 a 46799)...
✅ Lote processado: 100 resultados inseridos
📊 Total acumulado: 32356 resultados
🔖 Checkpoint salvo: último ID = 46799

Processando lote de 100 itens (ID 46800 a 46904)...
✅ Lote processado: 100 resultados inseridos
📊 Total acumulado: 32456 resultados
🔖 Checkpoint salvo: último ID = 46904

Processando lote de 100 itens (ID 46905 a 47130)...
✅ Lote processado: 100 resultados inseridos
📊 Total acumulado: 32556 resultados
🔖 Checkpoint salvo: último ID = 47130

Processando lote de 100 itens (ID 47131 a 47230)...
✅ Lote processado: 100 resultados inseridos
📊 Total acumulado: 32656 resultados
🔖 Checkpoint salvo: último ID = 47230

Processando lote de 100 itens (ID 47231 a 47330)...
✅ Lote processado: 100 resultados inseridos
📊 Total acumulado: 32756 resultados
🔖 Checkpoint salvo: último ID = 47330

Processando lote de 100 itens (ID 47331 a 47432)...
✅ Lote processado: 100 resultados inseridos
📊 Total acumulado: 32856 resultados
🔖 Checkpoint salvo: último ID = 47432

Processando lote de 100 itens (ID 47433 a 47535)...
✅ Lote processado: 100 resultados inseridos
📊 Total acumulado: 32956 resultados
🔖 Checkpoint salvo: último ID = 47535

Processando lote de 100 itens (ID 47536 a 47639)...
✅ Lote processado: 100 resultados inseridos
📊 Total acumulado: 33056 resultados
🔖 Checkpoint salvo: último ID = 47639

Processando lote de 100 itens (ID 47640 a 47760)...
✅ Lote processado: 100 resultados inseridos
📊 Total acumulado: 33156 resultados
🔖 Checkpoint salvo: último ID = 47760

Processando lote de 100 itens (ID 47761 a 47862)...
Erro ao inserir resultado: (psycopg2.ProgrammingError) can't adapt type 'dict'
[SQL: 
                    INSERT INTO resultados (
                        numeroControlePNCPCompra, numeroItem, sequencialResultado,
                        niFornecedor, nomeRazaoSocialFornecedor, tipoPessoa,
                        porteFornecedorId, porteFornecedorNome,
                        valorUnitarioHomologado, quantidadeHomologada, valorTotalHomologado,
                        percentualDesconto, situacaoCompraItemResultadoId, situacaoCompraItemResultadoNome,
                        dataResultado, dataInclusao, dataAtualizacao,
                        ordemClassificacaoSrp, indicadorSubcontratacao,
                        aplicacaoMargemPreferencia, aplicacaoBeneficioMeEpp, aplicacaoCriterioDesempate,
                        motivoCancelamento, dataCancelamento, codigoPais, paisOrigemProdutoServico,
                        naturezaJuridicaId, naturezaJuridicaNome,
                        amparoLegalMargemPreferencia, amparoLegalCriterioDesempate,
                        moedaEstrangeira, valorNominalMoedaEstrangeira, dataCotacaoMoedaEstrangeira,
                        timezoneCotacaoMoedaEstrangeira
                    ) VALUES (
                        %(numeroControlePNCPCompra)s, %(numeroItem)s, %(sequencialResultado)s,
                        %(niFornecedor)s, %(nomeRazaoSocialFornecedor)s, %(tipoPessoa)s,
                        %(porteFornecedorId)s, %(porteFornecedorNome)s,
                        %(valorUnitarioHomologado)s, %(quantidadeHomologada)s, %(valorTotalHomologado)s,
                        %(percentualDesconto)s, %(situacaoCompraItemResultadoId)s, %(situacaoCompraItemResultadoNome)s,
                        %(dataResultado)s, %(dataInclusao)s, %(dataAtualizacao)s,
                        %(ordemClassificacaoSrp)s, %(indicadorSubcontratacao)s,
                        %(aplicacaoMargemPreferencia)s, %(aplicacaoBeneficioMeEpp)s, %(aplicacaoCriterioDesempate)s,
                        %(motivoCancelamento)s, %(dataCancelamento)s, %(codigoPais)s, %(paisOrigemProdutoServico)s,
                        %(naturezaJuridicaId)s, %(naturezaJuridicaNome)s,
                        %(amparoLegalMargemPreferencia)s, %(amparoLegalCriterioDesempate)s,
                        %(moedaEstrangeira)s, %(valorNominalMoedaEstrangeira)s, %(dataCotacaoMoedaEstrangeira)s,
                        %(timezoneCotacaoMoedaEstrangeira)s
                    )
                    ON CONFLICT (numeroControlePNCPCompra, numeroItem, sequencialResultado) 
                    DO UPDATE SET
                        nomeRazaoSocialFornecedor = EXCLUDED.nomeRazaoSocialFornecedor,
                        valorUnitarioHomologado = EXCLUDED.valorUnitarioHomologado,
                        valorTotalHomologado = EXCLUDED.valorTotalHomologado,
                        dataAtualizacao = EXCLUDED.dataAtualizacao
                ]
[parameters: {'numeroControlePNCPCompra': '24996969000122-1-000103/2024-000001', 'numeroItem': 1, 'sequencialResultado': 1, 'niFornecedor': '25361124000123', 'nomeRazaoSocialFornecedor': 'AACP SERVIÇO AMBIENTAL EIRELI ME', 'tipoPessoa': 'PJ', 'porteFornecedorId': 1, 'porteFornecedorNome': 'ME', 'valorUnitarioHomologado': 0.07, 'quantidadeHomologada': 970567.5, 'valorTotalHomologado': 67939.725, 'percentualDesconto': 0.0, 'situacaoCompraItemResultadoId': 1, 'situacaoCompraItemResultadoNome': 'Informado', 'dataResultado': '2024-10-11', 'dataInclusao': '2025-08-21T11:56:43', 'dataAtualizacao': '2025-08-21T11:56:43', 'ordemClassificacaoSrp': 1, 'indicadorSubcontratacao': False, 'aplicacaoMargemPreferencia': False, 'aplicacaoBeneficioMeEpp': False, 'aplicacaoCriterioDesempate': True, 'motivoCancelamento': None, 'dataCancelamento': None, 'codigoPais': 'BRA', 'paisOrigemProdutoServico': None, 'naturezaJuridicaId': '0000', 'naturezaJuridicaNome': 'Natureza Jurídica não informada', 'amparoLegalMargemPreferencia': None, 'amparoLegalCriterioDesempate': {'id': 148, 'nome': 'Lei 14.133/2021, art. 60, outros incisos', 'descricao': 'Critério de desempate: Utilizar esse código quando a justificativa de de ... (82 characters truncated) ... evistos nos Amparos Legais, códigos 145; 146; e 147, constantes no Manual de Integração do PNCP em seu item 5.15. Amparo Legal.', 'statusAtivo': True}, 'moedaEstrangeira': None, 'valorNominalMoedaEstrangeira': None, 'dataCotacaoMoedaEstrangeira': None, 'timezoneCotacaoMoedaEstrangeira': None}]
(Background on this error at: https://sqlalche.me/e/20/f405)
Erro ao inserir resultado: (psycopg2.ProgrammingError) can't adapt type 'dict'
[SQL: 
                    INSERT INTO resultados (
                        numeroControlePNCPCompra, numeroItem, sequencialResultado,
                        niFornecedor, nomeRazaoSocialFornecedor, tipoPessoa,
                        porteFornecedorId, porteFornecedorNome,
                        valorUnitarioHomologado, quantidadeHomologada, valorTotalHomologado,
                        percentualDesconto, situacaoCompraItemResultadoId, situacaoCompraItemResultadoNome,
                        dataResultado, dataInclusao, dataAtualizacao,
                        ordemClassificacaoSrp, indicadorSubcontratacao,
                        aplicacaoMargemPreferencia, aplicacaoBeneficioMeEpp, aplicacaoCriterioDesempate,
                        motivoCancelamento, dataCancelamento, codigoPais, paisOrigemProdutoServico,
                        naturezaJuridicaId, naturezaJuridicaNome,
                        amparoLegalMargemPreferencia, amparoLegalCriterioDesempate,
                        moedaEstrangeira, valorNominalMoedaEstrangeira, dataCotacaoMoedaEstrangeira,
                        timezoneCotacaoMoedaEstrangeira
                    ) VALUES (
                        %(numeroControlePNCPCompra)s, %(numeroItem)s, %(sequencialResultado)s,
                        %(niFornecedor)s, %(nomeRazaoSocialFornecedor)s, %(tipoPessoa)s,
                        %(porteFornecedorId)s, %(porteFornecedorNome)s,
                        %(valorUnitarioHomologado)s, %(quantidadeHomologada)s, %(valorTotalHomologado)s,
                        %(percentualDesconto)s, %(situacaoCompraItemResultadoId)s, %(situacaoCompraItemResultadoNome)s,
                        %(dataResultado)s, %(dataInclusao)s, %(dataAtualizacao)s,
                        %(ordemClassificacaoSrp)s, %(indicadorSubcontratacao)s,
                        %(aplicacaoMargemPreferencia)s, %(aplicacaoBeneficioMeEpp)s, %(aplicacaoCriterioDesempate)s,
                        %(motivoCancelamento)s, %(dataCancelamento)s, %(codigoPais)s, %(paisOrigemProdutoServico)s,
                        %(naturezaJuridicaId)s, %(naturezaJuridicaNome)s,
                        %(amparoLegalMargemPreferencia)s, %(amparoLegalCriterioDesempate)s,
                        %(moedaEstrangeira)s, %(valorNominalMoedaEstrangeira)s, %(dataCotacaoMoedaEstrangeira)s,
                        %(timezoneCotacaoMoedaEstrangeira)s
                    )
                    ON CONFLICT (numeroControlePNCPCompra, numeroItem, sequencialResultado) 
                    DO UPDATE SET
                        nomeRazaoSocialFornecedor = EXCLUDED.nomeRazaoSocialFornecedor,
                        valorUnitarioHomologado = EXCLUDED.valorUnitarioHomologado,
                        valorTotalHomologado = EXCLUDED.valorTotalHomologado,
                        dataAtualizacao = EXCLUDED.dataAtualizacao
                ]
[parameters: {'numeroControlePNCPCompra': '24996969000122-1-000103/2024-000001', 'numeroItem': 2, 'sequencialResultado': 1, 'niFornecedor': '25361124000123', 'nomeRazaoSocialFornecedor': 'AACP SERVIÇO AMBIENTAL EIRELI ME', 'tipoPessoa': 'PJ', 'porteFornecedorId': 1, 'porteFornecedorNome': 'ME', 'valorUnitarioHomologado': 3.59, 'quantidadeHomologada': 84013.0, 'valorTotalHomologado': 301606.67, 'percentualDesconto': 0.0, 'situacaoCompraItemResultadoId': 1, 'situacaoCompraItemResultadoNome': 'Informado', 'dataResultado': '2024-10-11', 'dataInclusao': '2025-08-21T11:56:43', 'dataAtualizacao': '2025-08-21T11:56:43', 'ordemClassificacaoSrp': 1, 'indicadorSubcontratacao': False, 'aplicacaoMargemPreferencia': False, 'aplicacaoBeneficioMeEpp': False, 'aplicacaoCriterioDesempate': True, 'motivoCancelamento': None, 'dataCancelamento': None, 'codigoPais': 'BRA', 'paisOrigemProdutoServico': None, 'naturezaJuridicaId': '0000', 'naturezaJuridicaNome': 'Natureza Jurídica não informada', 'amparoLegalMargemPreferencia': None, 'amparoLegalCriterioDesempate': {'id': 148, 'nome': 'Lei 14.133/2021, art. 60, outros incisos', 'descricao': 'Critério de desempate: Utilizar esse código quando a justificativa de de ... (82 characters truncated) ... evistos nos Amparos Legais, códigos 145; 146; e 147, constantes no Manual de Integração do PNCP em seu item 5.15. Amparo Legal.', 'statusAtivo': True}, 'moedaEstrangeira': None, 'valorNominalMoedaEstrangeira': None, 'dataCotacaoMoedaEstrangeira': None, 'timezoneCotacaoMoedaEstrangeira': None}]
(Background on this error at: https://sqlalche.me/e/20/f405)
Erro ao inserir resultado: (psycopg2.ProgrammingError) can't adapt type 'dict'
[SQL: 
                    INSERT INTO resultados (
                        numeroControlePNCPCompra, numeroItem, sequencialResultado,
                        niFornecedor, nomeRazaoSocialFornecedor, tipoPessoa,
                        porteFornecedorId, porteFornecedorNome,
                        valorUnitarioHomologado, quantidadeHomologada, valorTotalHomologado,
                        percentualDesconto, situacaoCompraItemResultadoId, situacaoCompraItemResultadoNome,
                        dataResultado, dataInclusao, dataAtualizacao,
                        ordemClassificacaoSrp, indicadorSubcontratacao,
                        aplicacaoMargemPreferencia, aplicacaoBeneficioMeEpp, aplicacaoCriterioDesempate,
                        motivoCancelamento, dataCancelamento, codigoPais, paisOrigemProdutoServico,
                        naturezaJuridicaId, naturezaJuridicaNome,
                        amparoLegalMargemPreferencia, amparoLegalCriterioDesempate,
                        moedaEstrangeira, valorNominalMoedaEstrangeira, dataCotacaoMoedaEstrangeira,
                        timezoneCotacaoMoedaEstrangeira
                    ) VALUES (
                        %(numeroControlePNCPCompra)s, %(numeroItem)s, %(sequencialResultado)s,
                        %(niFornecedor)s, %(nomeRazaoSocialFornecedor)s, %(tipoPessoa)s,
                        %(porteFornecedorId)s, %(porteFornecedorNome)s,
                        %(valorUnitarioHomologado)s, %(quantidadeHomologada)s, %(valorTotalHomologado)s,
                        %(percentualDesconto)s, %(situacaoCompraItemResultadoId)s, %(situacaoCompraItemResultadoNome)s,
                        %(dataResultado)s, %(dataInclusao)s, %(dataAtualizacao)s,
                        %(ordemClassificacaoSrp)s, %(indicadorSubcontratacao)s,
                        %(aplicacaoMargemPreferencia)s, %(aplicacaoBeneficioMeEpp)s, %(aplicacaoCriterioDesempate)s,
                        %(motivoCancelamento)s, %(dataCancelamento)s, %(codigoPais)s, %(paisOrigemProdutoServico)s,
                        %(naturezaJuridicaId)s, %(naturezaJuridicaNome)s,
                        %(amparoLegalMargemPreferencia)s, %(amparoLegalCriterioDesempate)s,
                        %(moedaEstrangeira)s, %(valorNominalMoedaEstrangeira)s, %(dataCotacaoMoedaEstrangeira)s,
                        %(timezoneCotacaoMoedaEstrangeira)s
                    )
                    ON CONFLICT (numeroControlePNCPCompra, numeroItem, sequencialResultado) 
                    DO UPDATE SET
                        nomeRazaoSocialFornecedor = EXCLUDED.nomeRazaoSocialFornecedor,
                        valorUnitarioHomologado = EXCLUDED.valorUnitarioHomologado,
                        valorTotalHomologado = EXCLUDED.valorTotalHomologado,
                        dataAtualizacao = EXCLUDED.dataAtualizacao
                ]
[parameters: {'numeroControlePNCPCompra': '46854998000192-1-000610/2024-000001', 'numeroItem': 1, 'sequencialResultado': 1, 'niFornecedor': '23327901000198', 'nomeRazaoSocialFornecedor': 'ADCA INDUSTRIA E COMERCIO DE MATERIAL CIRURGICO LTDA', 'tipoPessoa': 'PJ', 'porteFornecedorId': 1, 'porteFornecedorNome': 'ME', 'valorUnitarioHomologado': 899.0, 'quantidadeHomologada': 60.0, 'valorTotalHomologado': 53940.0, 'percentualDesconto': 0.0, 'situacaoCompraItemResultadoId': 1, 'situacaoCompraItemResultadoNome': 'Informado', 'dataResultado': '2024-10-14', 'dataInclusao': '2024-10-14T08:23:17', 'dataAtualizacao': '2024-10-14T08:23:17', 'ordemClassificacaoSrp': 1, 'indicadorSubcontratacao': False, 'aplicacaoMargemPreferencia': False, 'aplicacaoBeneficioMeEpp': True, 'aplicacaoCriterioDesempate': True, 'motivoCancelamento': None, 'dataCancelamento': None, 'codigoPais': 'BRA', 'paisOrigemProdutoServico': None, 'naturezaJuridicaId': '2062', 'naturezaJuridicaNome': 'Sociedade Empresária Limitada', 'amparoLegalMargemPreferencia': None, 'amparoLegalCriterioDesempate': {'id': 148, 'nome': 'Lei 14.133/2021, art. 60, outros incisos', 'descricao': 'Critério de desempate: Utilizar esse código quando a justificativa de de ... (82 characters truncated) ... evistos nos Amparos Legais, códigos 145; 146; e 147, constantes no Manual de Integração do PNCP em seu item 5.15. Amparo Legal.', 'statusAtivo': True}, 'moedaEstrangeira': None, 'valorNominalMoedaEstrangeira': None, 'dataCotacaoMoedaEstrangeira': None, 'timezoneCotacaoMoedaEstrangeira': None}]
(Background on this error at: https://sqlalche.me/e/20/f405)
✅ Lote processado: 97 resultados inseridos
📊 Total acumulado: 33253 resultados
🔖 Checkpoint salvo: último ID = 47862

Processando lote de 100 itens (ID 47863 a 48030)...
✅ Lote processado: 100 resultados inseridos
📊 Total acumulado: 33353 resultados
🔖 Checkpoint salvo: último ID = 48030

Processando lote de 100 itens (ID 48031 a 48130)...
✅ Lote processado: 100 resultados inseridos
📊 Total acumulado: 33453 resultados
🔖 Checkpoint salvo: último ID = 48130

Processando lote de 100 itens (ID 48131 a 48333)...
✅ Lote processado: 100 resultados inseridos
📊 Total acumulado: 33553 resultados
🔖 Checkpoint salvo: último ID = 48333

Processando lote de 100 itens (ID 48334 a 48477)...
✅ Lote processado: 100 resultados inseridos
📊 Total acumulado: 33653 resultados
🔖 Checkpoint salvo: último ID = 48477

Processando lote de 100 itens (ID 48478 a 48656)...
✅ Lote processado: 101 resultados inseridos
📊 Total acumulado: 33754 resultados
🔖 Checkpoint salvo: último ID = 48656

Processando lote de 100 itens (ID 48657 a 48771)...
✅ Lote processado: 100 resultados inseridos
📊 Total acumulado: 33854 resultados
🔖 Checkpoint salvo: último ID = 48771

Processando lote de 100 itens (ID 48772 a 48990)...
✅ Lote processado: 100 resultados inseridos
📊 Total acumulado: 33954 resultados
🔖 Checkpoint salvo: último ID = 48990

Processando lote de 100 itens (ID 48991 a 49544)...
✅ Lote processado: 100 resultados inseridos
📊 Total acumulado: 34054 resultados
🔖 Checkpoint salvo: último ID = 49544

Processando lote de 100 itens (ID 49545 a 49682)...
✅ Lote processado: 111 resultados inseridos
📊 Total acumulado: 34165 resultados
🔖 Checkpoint salvo: último ID = 49682

Processando lote de 100 itens (ID 49683 a 49815)...
✅ Lote processado: 100 resultados inseridos
📊 Total acumulado: 34265 resultados
🔖 Checkpoint salvo: último ID = 49815

Processando lote de 100 itens (ID 49816 a 49928)...
✅ Lote processado: 105 resultados inseridos
📊 Total acumulado: 34370 resultados
🔖 Checkpoint salvo: último ID = 49928

Processando lote de 100 itens (ID 49929 a 50036)...
✅ Lote processado: 100 resultados inseridos
📊 Total acumulado: 34470 resultados
🔖 Checkpoint salvo: último ID = 50036

Processando lote de 100 itens (ID 50040 a 50139)...
✅ Lote processado: 109 resultados inseridos
📊 Total acumulado: 34579 resultados
🔖 Checkpoint salvo: último ID = 50139

Processando lote de 100 itens (ID 50140 a 50239)...
✅ Lote processado: 100 resultados inseridos
📊 Total acumulado: 34679 resultados
🔖 Checkpoint salvo: último ID = 50239

Processando lote de 100 itens (ID 50240 a 50439)...
✅ Lote processado: 101 resultados inseridos
📊 Total acumulado: 34780 resultados
🔖 Checkpoint salvo: último ID = 50439

Processando lote de 100 itens (ID 50440 a 50623)...
✅ Lote processado: 100 resultados inseridos
📊 Total acumulado: 34880 resultados
🔖 Checkpoint salvo: último ID = 50623

Processando lote de 100 itens (ID 50624 a 50798)...
✅ Lote processado: 100 resultados inseridos
📊 Total acumulado: 34980 resultados
🔖 Checkpoint salvo: último ID = 50798

Processando lote de 100 itens (ID 50799 a 50924)...
✅ Lote processado: 100 resultados inseridos
📊 Total acumulado: 35080 resultados
🔖 Checkpoint salvo: último ID = 50924

Processando lote de 100 itens (ID 50925 a 51025)...
✅ Lote processado: 100 resultados inseridos
📊 Total acumulado: 35180 resultados
🔖 Checkpoint salvo: último ID = 51025

Processando lote de 100 itens (ID 51026 a 51126)...
✅ Lote processado: 100 resultados inseridos
📊 Total acumulado: 35280 resultados
🔖 Checkpoint salvo: último ID = 51126

Processando lote de 100 itens (ID 51127 a 51260)...
✅ Lote processado: 100 resultados inseridos
📊 Total acumulado: 35380 resultados
🔖 Checkpoint salvo: último ID = 51260

Processando lote de 100 itens (ID 51261 a 51402)...
✅ Lote processado: 100 resultados inseridos
📊 Total acumulado: 35480 resultados
🔖 Checkpoint salvo: último ID = 51402

Processando lote de 100 itens (ID 51403 a 51570)...
✅ Lote processado: 100 resultados inseridos
📊 Total acumulado: 35580 resultados
🔖 Checkpoint salvo: último ID = 51570

Processando lote de 100 itens (ID 51571 a 51694)...
✅ Lote processado: 131 resultados inseridos
📊 Total acumulado: 35711 resultados
🔖 Checkpoint salvo: último ID = 51694

Processando lote de 100 itens (ID 51695 a 51796)...
✅ Lote processado: 225 resultados inseridos
📊 Total acumulado: 35936 resultados
🔖 Checkpoint salvo: último ID = 51796

Processando lote de 100 itens (ID 51797 a 51911)...
✅ Lote processado: 101 resultados inseridos
📊 Total acumulado: 36037 resultados
🔖 Checkpoint salvo: último ID = 51911

Processando lote de 100 itens (ID 51912 a 52015)...
✅ Lote processado: 100 resultados inseridos
📊 Total acumulado: 36137 resultados
🔖 Checkpoint salvo: último ID = 52015

Processando lote de 100 itens (ID 52016 a 52240)...
✅ Lote processado: 100 resultados inseridos
📊 Total acumulado: 36237 resultados
🔖 Checkpoint salvo: último ID = 52240

Processando lote de 100 itens (ID 52241 a 52570)...
✅ Lote processado: 215 resultados inseridos
📊 Total acumulado: 36452 resultados
🔖 Checkpoint salvo: último ID = 52570

Processando lote de 100 itens (ID 52571 a 52687)...
✅ Lote processado: 100 resultados inseridos
📊 Total acumulado: 36552 resultados
🔖 Checkpoint salvo: último ID = 52687

Processando lote de 100 itens (ID 52688 a 52905)...
✅ Lote processado: 100 resultados inseridos
📊 Total acumulado: 36652 resultados
🔖 Checkpoint salvo: último ID = 52905

Processando lote de 100 itens (ID 52906 a 53010)...
✅ Lote processado: 100 resultados inseridos
📊 Total acumulado: 36752 resultados
🔖 Checkpoint salvo: último ID = 53010

Processando lote de 100 itens (ID 53011 a 53112)...
✅ Lote processado: 206 resultados inseridos
📊 Total acumulado: 36958 resultados
🔖 Checkpoint salvo: último ID = 53112

Processando lote de 100 itens (ID 53113 a 53252)...
✅ Lote processado: 102 resultados inseridos
📊 Total acumulado: 37060 resultados
🔖 Checkpoint salvo: último ID = 53252

Processando lote de 100 itens (ID 53253 a 53384)...
✅ Lote processado: 100 resultados inseridos
📊 Total acumulado: 37160 resultados
🔖 Checkpoint salvo: último ID = 53384

Processando lote de 100 itens (ID 53385 a 53502)...
✅ Lote processado: 100 resultados inseridos
📊 Total acumulado: 37260 resultados
🔖 Checkpoint salvo: último ID = 53502

Processando lote de 100 itens (ID 53503 a 53609)...
✅ Lote processado: 100 resultados inseridos
📊 Total acumulado: 37360 resultados
🔖 Checkpoint salvo: último ID = 53609

Processando lote de 100 itens (ID 53610 a 53740)...
✅ Lote processado: 103 resultados inseridos
📊 Total acumulado: 37463 resultados
🔖 Checkpoint salvo: último ID = 53740

Processando lote de 100 itens (ID 53741 a 53858)...
✅ Lote processado: 105 resultados inseridos
📊 Total acumulado: 37568 resultados
🔖 Checkpoint salvo: último ID = 53858

Processando lote de 100 itens (ID 53859 a 53977)...
✅ Lote processado: 100 resultados inseridos
📊 Total acumulado: 37668 resultados
🔖 Checkpoint salvo: último ID = 53977

Processando lote de 100 itens (ID 53978 a 54087)...
✅ Lote processado: 100 resultados inseridos
📊 Total acumulado: 37768 resultados
🔖 Checkpoint salvo: último ID = 54087

Processando lote de 100 itens (ID 54088 a 54187)...
✅ Lote processado: 100 resultados inseridos
📊 Total acumulado: 37868 resultados
🔖 Checkpoint salvo: último ID = 54187

Processando lote de 100 itens (ID 54188 a 54302)...
✅ Lote processado: 100 resultados inseridos
📊 Total acumulado: 37968 resultados
🔖 Checkpoint salvo: último ID = 54302

Processando lote de 100 itens (ID 54303 a 54594)...
✅ Lote processado: 100 resultados inseridos
📊 Total acumulado: 38068 resultados
🔖 Checkpoint salvo: último ID = 54594

Processando lote de 100 itens (ID 54610 a 54748)...
✅ Lote processado: 100 resultados inseridos
📊 Total acumulado: 38168 resultados
🔖 Checkpoint salvo: último ID = 54748

Processando lote de 100 itens (ID 54749 a 54848)...
✅ Lote processado: 100 resultados inseridos
📊 Total acumulado: 38268 resultados
🔖 Checkpoint salvo: último ID = 54848

Processando lote de 100 itens (ID 54849 a 54949)...
✅ Lote processado: 100 resultados inseridos
📊 Total acumulado: 38368 resultados
🔖 Checkpoint salvo: último ID = 54949

Processando lote de 100 itens (ID 54950 a 55170)...
✅ Lote processado: 101 resultados inseridos
📊 Total acumulado: 38469 resultados
🔖 Checkpoint salvo: último ID = 55170

Processando lote de 100 itens (ID 55171 a 55286)...
✅ Lote processado: 100 resultados inseridos
📊 Total acumulado: 38569 resultados
🔖 Checkpoint salvo: último ID = 55286

Processando lote de 100 itens (ID 55287 a 55637)...
✅ Lote processado: 100 resultados inseridos
📊 Total acumulado: 38669 resultados
🔖 Checkpoint salvo: último ID = 55637

Processando lote de 100 itens (ID 55638 a 55738)...
✅ Lote processado: 100 resultados inseridos
📊 Total acumulado: 38769 resultados
🔖 Checkpoint salvo: último ID = 55738

Processando lote de 100 itens (ID 55739 a 55901)...
✅ Lote processado: 100 resultados inseridos
📊 Total acumulado: 38869 resultados
🔖 Checkpoint salvo: último ID = 55901

Processando lote de 100 itens (ID 55902 a 56003)...
✅ Lote processado: 100 resultados inseridos
📊 Total acumulado: 38969 resultados
🔖 Checkpoint salvo: último ID = 56003

Processando lote de 100 itens (ID 56004 a 56103)...
✅ Lote processado: 100 resultados inseridos
📊 Total acumulado: 39069 resultados
🔖 Checkpoint salvo: último ID = 56103

Processando lote de 100 itens (ID 56104 a 56252)...
✅ Lote processado: 100 resultados inseridos
📊 Total acumulado: 39169 resultados
🔖 Checkpoint salvo: último ID = 56252

Processando lote de 100 itens (ID 56253 a 56385)...
✅ Lote processado: 100 resultados inseridos
📊 Total acumulado: 39269 resultados
🔖 Checkpoint salvo: último ID = 56385

Processando lote de 100 itens (ID 56386 a 56571)...
✅ Lote processado: 116 resultados inseridos
📊 Total acumulado: 39385 resultados
🔖 Checkpoint salvo: último ID = 56571

Processando lote de 100 itens (ID 56572 a 56749)...
✅ Lote processado: 106 resultados inseridos
📊 Total acumulado: 39491 resultados
🔖 Checkpoint salvo: último ID = 56749

Processando lote de 100 itens (ID 56750 a 56863)...
✅ Lote processado: 100 resultados inseridos
📊 Total acumulado: 39591 resultados
🔖 Checkpoint salvo: último ID = 56863

Processando lote de 100 itens (ID 56864 a 56980)...
✅ Lote processado: 100 resultados inseridos
📊 Total acumulado: 39691 resultados
🔖 Checkpoint salvo: último ID = 56980

Processando lote de 100 itens (ID 56981 a 57145)...
✅ Lote processado: 107 resultados inseridos
📊 Total acumulado: 39798 resultados
🔖 Checkpoint salvo: último ID = 57145

Processando lote de 100 itens (ID 57146 a 57274)...
Erro ao inserir resultado: (psycopg2.ProgrammingError) can't adapt type 'dict'
[SQL: 
                    INSERT INTO resultados (
                        numeroControlePNCPCompra, numeroItem, sequencialResultado,
                        niFornecedor, nomeRazaoSocialFornecedor, tipoPessoa,
                        porteFornecedorId, porteFornecedorNome,
                        valorUnitarioHomologado, quantidadeHomologada, valorTotalHomologado,
                        percentualDesconto, situacaoCompraItemResultadoId, situacaoCompraItemResultadoNome,
                        dataResultado, dataInclusao, dataAtualizacao,
                        ordemClassificacaoSrp, indicadorSubcontratacao,
                        aplicacaoMargemPreferencia, aplicacaoBeneficioMeEpp, aplicacaoCriterioDesempate,
                        motivoCancelamento, dataCancelamento, codigoPais, paisOrigemProdutoServico,
                        naturezaJuridicaId, naturezaJuridicaNome,
                        amparoLegalMargemPreferencia, amparoLegalCriterioDesempate,
                        moedaEstrangeira, valorNominalMoedaEstrangeira, dataCotacaoMoedaEstrangeira,
                        timezoneCotacaoMoedaEstrangeira
                    ) VALUES (
                        %(numeroControlePNCPCompra)s, %(numeroItem)s, %(sequencialResultado)s,
                        %(niFornecedor)s, %(nomeRazaoSocialFornecedor)s, %(tipoPessoa)s,
                        %(porteFornecedorId)s, %(porteFornecedorNome)s,
                        %(valorUnitarioHomologado)s, %(quantidadeHomologada)s, %(valorTotalHomologado)s,
                        %(percentualDesconto)s, %(situacaoCompraItemResultadoId)s, %(situacaoCompraItemResultadoNome)s,
                        %(dataResultado)s, %(dataInclusao)s, %(dataAtualizacao)s,
                        %(ordemClassificacaoSrp)s, %(indicadorSubcontratacao)s,
                        %(aplicacaoMargemPreferencia)s, %(aplicacaoBeneficioMeEpp)s, %(aplicacaoCriterioDesempate)s,
                        %(motivoCancelamento)s, %(dataCancelamento)s, %(codigoPais)s, %(paisOrigemProdutoServico)s,
                        %(naturezaJuridicaId)s, %(naturezaJuridicaNome)s,
                        %(amparoLegalMargemPreferencia)s, %(amparoLegalCriterioDesempate)s,
                        %(moedaEstrangeira)s, %(valorNominalMoedaEstrangeira)s, %(dataCotacaoMoedaEstrangeira)s,
                        %(timezoneCotacaoMoedaEstrangeira)s
                    )
                    ON CONFLICT (numeroControlePNCPCompra, numeroItem, sequencialResultado) 
                    DO UPDATE SET
                        nomeRazaoSocialFornecedor = EXCLUDED.nomeRazaoSocialFornecedor,
                        valorUnitarioHomologado = EXCLUDED.valorUnitarioHomologado,
                        valorTotalHomologado = EXCLUDED.valorTotalHomologado,
                        dataAtualizacao = EXCLUDED.dataAtualizacao
                ]
[parameters: {'numeroControlePNCPCompra': '10764307000112-1-000099/2024-000001', 'numeroItem': 11, 'sequencialResultado': 1, 'niFornecedor': '15170340000138', 'nomeRazaoSocialFornecedor': 'DECK COMERCIO VAREJISTA DE MATERIAIS DE CONSTRUCAO LTDA', 'tipoPessoa': 'PJ', 'porteFornecedorId': 1, 'porteFornecedorNome': 'ME', 'valorUnitarioHomologado': 0.81, 'quantidadeHomologada': 150.0, 'valorTotalHomologado': 121.5, 'percentualDesconto': 0.0, 'situacaoCompraItemResultadoId': 1, 'situacaoCompraItemResultadoNome': 'Informado', 'dataResultado': '2024-09-20', 'dataInclusao': '2024-09-20T12:06:29', 'dataAtualizacao': '2024-09-20T12:06:29', 'ordemClassificacaoSrp': 1, 'indicadorSubcontratacao': False, 'aplicacaoMargemPreferencia': False, 'aplicacaoBeneficioMeEpp': False, 'aplicacaoCriterioDesempate': True, 'motivoCancelamento': None, 'dataCancelamento': None, 'codigoPais': 'BRA', 'paisOrigemProdutoServico': None, 'naturezaJuridicaId': '2062', 'naturezaJuridicaNome': 'Sociedade Empresária Limitada', 'amparoLegalMargemPreferencia': None, 'amparoLegalCriterioDesempate': {'id': 148, 'nome': 'Lei 14.133/2021, art. 60, outros incisos', 'descricao': 'Critério de desempate: Utilizar esse código quando a justificativa de de ... (82 characters truncated) ... evistos nos Amparos Legais, códigos 145; 146; e 147, constantes no Manual de Integração do PNCP em seu item 5.15. Amparo Legal.', 'statusAtivo': True}, 'moedaEstrangeira': None, 'valorNominalMoedaEstrangeira': None, 'dataCotacaoMoedaEstrangeira': None, 'timezoneCotacaoMoedaEstrangeira': None}]
(Background on this error at: https://sqlalche.me/e/20/f405)
✅ Lote processado: 106 resultados inseridos
📊 Total acumulado: 39904 resultados
🔖 Checkpoint salvo: último ID = 57274

Processando lote de 100 itens (ID 57275 a 57405)...
✅ Lote processado: 436 resultados inseridos
📊 Total acumulado: 40340 resultados
🔖 Checkpoint salvo: último ID = 57405

Processando lote de 100 itens (ID 57406 a 57529)...
✅ Lote processado: 748 resultados inseridos
📊 Total acumulado: 41088 resultados
🔖 Checkpoint salvo: último ID = 57529

Processando lote de 100 itens (ID 57530 a 57811)...
✅ Lote processado: 104 resultados inseridos
📊 Total acumulado: 41192 resultados
🔖 Checkpoint salvo: último ID = 57811

Processando lote de 100 itens (ID 57812 a 57950)...
✅ Lote processado: 100 resultados inseridos
📊 Total acumulado: 41292 resultados
🔖 Checkpoint salvo: último ID = 57950

Processando lote de 100 itens (ID 57951 a 58434)...
✅ Lote processado: 100 resultados inseridos
📊 Total acumulado: 41392 resultados
🔖 Checkpoint salvo: último ID = 58434

Processando lote de 100 itens (ID 58435 a 58701)...
✅ Lote processado: 100 resultados inseridos
📊 Total acumulado: 41492 resultados
🔖 Checkpoint salvo: último ID = 58701

Processando lote de 100 itens (ID 58702 a 58811)...
✅ Lote processado: 100 resultados inseridos
📊 Total acumulado: 41592 resultados
🔖 Checkpoint salvo: último ID = 58811

Processando lote de 100 itens (ID 58812 a 58912)...
✅ Lote processado: 100 resultados inseridos
📊 Total acumulado: 41692 resultados
🔖 Checkpoint salvo: último ID = 58912

Processando lote de 100 itens (ID 58913 a 59014)...
✅ Lote processado: 100 resultados inseridos
📊 Total acumulado: 41792 resultados
🔖 Checkpoint salvo: último ID = 59014

Processando lote de 100 itens (ID 59015 a 59446)...
✅ Lote processado: 100 resultados inseridos
📊 Total acumulado: 41892 resultados
🔖 Checkpoint salvo: último ID = 59446

Processando lote de 100 itens (ID 59447 a 59612)...
✅ Lote processado: 100 resultados inseridos
📊 Total acumulado: 41992 resultados
🔖 Checkpoint salvo: último ID = 59612

Processando lote de 100 itens (ID 59613 a 59717)...
✅ Lote processado: 100 resultados inseridos
📊 Total acumulado: 42092 resultados
🔖 Checkpoint salvo: último ID = 59717

Processando lote de 100 itens (ID 59718 a 59912)...
✅ Lote processado: 100 resultados inseridos
📊 Total acumulado: 42192 resultados
🔖 Checkpoint salvo: último ID = 59912

Processando lote de 100 itens (ID 59913 a 60013)...
✅ Lote processado: 100 resultados inseridos
📊 Total acumulado: 42292 resultados
🔖 Checkpoint salvo: último ID = 60013

Processando lote de 100 itens (ID 60014 a 60116)...
✅ Lote processado: 101 resultados inseridos
📊 Total acumulado: 42393 resultados
🔖 Checkpoint salvo: último ID = 60116

Processando lote de 100 itens (ID 60117 a 60401)...
✅ Lote processado: 100 resultados inseridos
📊 Total acumulado: 42493 resultados
🔖 Checkpoint salvo: último ID = 60401

Processando lote de 100 itens (ID 60402 a 60501)...
✅ Lote processado: 100 resultados inseridos
📊 Total acumulado: 42593 resultados
🔖 Checkpoint salvo: último ID = 60501

Processando lote de 100 itens (ID 60502 a 60832)...
✅ Lote processado: 100 resultados inseridos
📊 Total acumulado: 42693 resultados
🔖 Checkpoint salvo: último ID = 60832

Processando lote de 100 itens (ID 60833 a 60935)...
✅ Lote processado: 100 resultados inseridos
📊 Total acumulado: 42793 resultados
🔖 Checkpoint salvo: último ID = 60935

Processando lote de 100 itens (ID 60936 a 61061)...
✅ Lote processado: 100 resultados inseridos
📊 Total acumulado: 42893 resultados
🔖 Checkpoint salvo: último ID = 61061

Processando lote de 100 itens (ID 61062 a 61161)...
✅ Lote processado: 100 resultados inseridos
📊 Total acumulado: 42993 resultados
🔖 Checkpoint salvo: último ID = 61161

Processando lote de 100 itens (ID 61162 a 61261)...
✅ Lote processado: 100 resultados inseridos
📊 Total acumulado: 43093 resultados
🔖 Checkpoint salvo: último ID = 61261

Processando lote de 100 itens (ID 61262 a 61361)...
✅ Lote processado: 100 resultados inseridos
📊 Total acumulado: 43193 resultados
🔖 Checkpoint salvo: último ID = 61361

Processando lote de 100 itens (ID 61362 a 61465)...
✅ Lote processado: 100 resultados inseridos
📊 Total acumulado: 43293 resultados
🔖 Checkpoint salvo: último ID = 61465

Processando lote de 100 itens (ID 61466 a 61625)...
✅ Lote processado: 100 resultados inseridos
📊 Total acumulado: 43393 resultados
🔖 Checkpoint salvo: último ID = 61625

Processando lote de 100 itens (ID 61626 a 61748)...
✅ Lote processado: 102 resultados inseridos
📊 Total acumulado: 43495 resultados
🔖 Checkpoint salvo: último ID = 61748

Processando lote de 100 itens (ID 61749 a 61849)...
✅ Lote processado: 100 resultados inseridos
📊 Total acumulado: 43595 resultados
🔖 Checkpoint salvo: último ID = 61849

Processando lote de 100 itens (ID 61850 a 61959)...
✅ Lote processado: 100 resultados inseridos
📊 Total acumulado: 43695 resultados
🔖 Checkpoint salvo: último ID = 61959

Processando lote de 100 itens (ID 61960 a 62060)...
✅ Lote processado: 100 resultados inseridos
📊 Total acumulado: 43795 resultados
🔖 Checkpoint salvo: último ID = 62060

Processando lote de 100 itens (ID 62061 a 62171)...
✅ Lote processado: 100 resultados inseridos
📊 Total acumulado: 43895 resultados
🔖 Checkpoint salvo: último ID = 62171

Processando lote de 100 itens (ID 62172 a 62277)...
✅ Lote processado: 100 resultados inseridos
📊 Total acumulado: 43995 resultados
🔖 Checkpoint salvo: último ID = 62277

Processando lote de 100 itens (ID 62278 a 62382)...
✅ Lote processado: 100 resultados inseridos
📊 Total acumulado: 44095 resultados
🔖 Checkpoint salvo: último ID = 62382

Processando lote de 100 itens (ID 62383 a 62482)...
✅ Lote processado: 100 resultados inseridos
📊 Total acumulado: 44195 resultados
🔖 Checkpoint salvo: último ID = 62482

Processando lote de 100 itens (ID 62483 a 62613)...
✅ Lote processado: 100 resultados inseridos
📊 Total acumulado: 44295 resultados
🔖 Checkpoint salvo: último ID = 62613

Processando lote de 100 itens (ID 62614 a 62715)...
✅ Lote processado: 100 resultados inseridos
📊 Total acumulado: 44395 resultados
🔖 Checkpoint salvo: último ID = 62715

Processando lote de 100 itens (ID 62716 a 62916)...
Erro ao inserir resultado: (psycopg2.ProgrammingError) can't adapt type 'dict'
[SQL: 
                    INSERT INTO resultados (
                        numeroControlePNCPCompra, numeroItem, sequencialResultado,
                        niFornecedor, nomeRazaoSocialFornecedor, tipoPessoa,
                        porteFornecedorId, porteFornecedorNome,
                        valorUnitarioHomologado, quantidadeHomologada, valorTotalHomologado,
                        percentualDesconto, situacaoCompraItemResultadoId, situacaoCompraItemResultadoNome,
                        dataResultado, dataInclusao, dataAtualizacao,
                        ordemClassificacaoSrp, indicadorSubcontratacao,
                        aplicacaoMargemPreferencia, aplicacaoBeneficioMeEpp, aplicacaoCriterioDesempate,
                        motivoCancelamento, dataCancelamento, codigoPais, paisOrigemProdutoServico,
                        naturezaJuridicaId, naturezaJuridicaNome,
                        amparoLegalMargemPreferencia, amparoLegalCriterioDesempate,
                        moedaEstrangeira, valorNominalMoedaEstrangeira, dataCotacaoMoedaEstrangeira,
                        timezoneCotacaoMoedaEstrangeira
                    ) VALUES (
                        %(numeroControlePNCPCompra)s, %(numeroItem)s, %(sequencialResultado)s,
                        %(niFornecedor)s, %(nomeRazaoSocialFornecedor)s, %(tipoPessoa)s,
                        %(porteFornecedorId)s, %(porteFornecedorNome)s,
                        %(valorUnitarioHomologado)s, %(quantidadeHomologada)s, %(valorTotalHomologado)s,
                        %(percentualDesconto)s, %(situacaoCompraItemResultadoId)s, %(situacaoCompraItemResultadoNome)s,
                        %(dataResultado)s, %(dataInclusao)s, %(dataAtualizacao)s,
                        %(ordemClassificacaoSrp)s, %(indicadorSubcontratacao)s,
                        %(aplicacaoMargemPreferencia)s, %(aplicacaoBeneficioMeEpp)s, %(aplicacaoCriterioDesempate)s,
                        %(motivoCancelamento)s, %(dataCancelamento)s, %(codigoPais)s, %(paisOrigemProdutoServico)s,
                        %(naturezaJuridicaId)s, %(naturezaJuridicaNome)s,
                        %(amparoLegalMargemPreferencia)s, %(amparoLegalCriterioDesempate)s,
                        %(moedaEstrangeira)s, %(valorNominalMoedaEstrangeira)s, %(dataCotacaoMoedaEstrangeira)s,
                        %(timezoneCotacaoMoedaEstrangeira)s
                    )
                    ON CONFLICT (numeroControlePNCPCompra, numeroItem, sequencialResultado) 
                    DO UPDATE SET
                        nomeRazaoSocialFornecedor = EXCLUDED.nomeRazaoSocialFornecedor,
                        valorUnitarioHomologado = EXCLUDED.valorUnitarioHomologado,
                        valorTotalHomologado = EXCLUDED.valorTotalHomologado,
                        dataAtualizacao = EXCLUDED.dataAtualizacao
                ]
[parameters: {'numeroControlePNCPCompra': '63606479000124-1-000228/2024-000001', 'numeroItem': 1, 'sequencialResultado': 1, 'niFornecedor': '08078762000112', 'nomeRazaoSocialFornecedor': 'AZ COMERCIO, SERV. E REP. IMP. EXP. LTDA', 'tipoPessoa': 'PJ', 'porteFornecedorId': 1, 'porteFornecedorNome': 'ME', 'valorUnitarioHomologado': 1532394.075, 'quantidadeHomologada': 1.0, 'valorTotalHomologado': 1532394.075, 'percentualDesconto': 25.0, 'situacaoCompraItemResultadoId': 1, 'situacaoCompraItemResultadoNome': 'Informado', 'dataResultado': '2024-12-02', 'dataInclusao': '2024-12-02T09:42:39', 'dataAtualizacao': '2024-12-02T09:42:39', 'ordemClassificacaoSrp': 1, 'indicadorSubcontratacao': False, 'aplicacaoMargemPreferencia': False, 'aplicacaoBeneficioMeEpp': False, 'aplicacaoCriterioDesempate': True, 'motivoCancelamento': None, 'dataCancelamento': None, 'codigoPais': 'BRA', 'paisOrigemProdutoServico': None, 'naturezaJuridicaId': '2062', 'naturezaJuridicaNome': 'Sociedade Empresária Limitada', 'amparoLegalMargemPreferencia': None, 'amparoLegalCriterioDesempate': {'id': 148, 'nome': 'Lei 14.133/2021, art. 60, outros incisos', 'descricao': 'Critério de desempate: Utilizar esse código quando a justificativa de de ... (82 characters truncated) ... evistos nos Amparos Legais, códigos 145; 146; e 147, constantes no Manual de Integração do PNCP em seu item 5.15. Amparo Legal.', 'statusAtivo': True}, 'moedaEstrangeira': None, 'valorNominalMoedaEstrangeira': None, 'dataCotacaoMoedaEstrangeira': None, 'timezoneCotacaoMoedaEstrangeira': None}]
(Background on this error at: https://sqlalche.me/e/20/f405)
✅ Lote processado: 99 resultados inseridos
📊 Total acumulado: 44494 resultados
🔖 Checkpoint salvo: último ID = 62916

Processando lote de 100 itens (ID 62917 a 63175)...
✅ Lote processado: 100 resultados inseridos
📊 Total acumulado: 44594 resultados
🔖 Checkpoint salvo: último ID = 63175

Processando lote de 100 itens (ID 63176 a 63390)...
✅ Lote processado: 100 resultados inseridos
📊 Total acumulado: 44694 resultados
🔖 Checkpoint salvo: último ID = 63390

Processando lote de 100 itens (ID 63391 a 63506)...
✅ Lote processado: 100 resultados inseridos
📊 Total acumulado: 44794 resultados
🔖 Checkpoint salvo: último ID = 63506

Processando lote de 100 itens (ID 63507 a 63734)...
✅ Lote processado: 100 resultados inseridos
📊 Total acumulado: 44894 resultados
🔖 Checkpoint salvo: último ID = 63734

Processando lote de 100 itens (ID 63735 a 63834)...
✅ Lote processado: 100 resultados inseridos
📊 Total acumulado: 44994 resultados
🔖 Checkpoint salvo: último ID = 63834

Processando lote de 100 itens (ID 63835 a 63934)...
✅ Lote processado: 100 resultados inseridos
📊 Total acumulado: 45094 resultados
🔖 Checkpoint salvo: último ID = 63934

Processando lote de 100 itens (ID 63935 a 64034)...
✅ Lote processado: 100 resultados inseridos
📊 Total acumulado: 45194 resultados
🔖 Checkpoint salvo: último ID = 64034

Processando lote de 100 itens (ID 64035 a 64134)...
✅ Lote processado: 100 resultados inseridos
📊 Total acumulado: 45294 resultados
🔖 Checkpoint salvo: último ID = 64134

Processando lote de 100 itens (ID 64135 a 64234)...
✅ Lote processado: 100 resultados inseridos
📊 Total acumulado: 45394 resultados
🔖 Checkpoint salvo: último ID = 64234

Processando lote de 100 itens (ID 64235 a 64334)...
✅ Lote processado: 100 resultados inseridos
📊 Total acumulado: 45494 resultados
🔖 Checkpoint salvo: último ID = 64334

Processando lote de 100 itens (ID 64335 a 64434)...
✅ Lote processado: 100 resultados inseridos
📊 Total acumulado: 45594 resultados
🔖 Checkpoint salvo: último ID = 64434

Processando lote de 100 itens (ID 64435 a 64534)...
✅ Lote processado: 100 resultados inseridos
📊 Total acumulado: 45694 resultados
🔖 Checkpoint salvo: último ID = 64534

Processando lote de 100 itens (ID 64535 a 64635)...
✅ Lote processado: 100 resultados inseridos
📊 Total acumulado: 45794 resultados
🔖 Checkpoint salvo: último ID = 64635

Processando lote de 100 itens (ID 64636 a 64735)...
✅ Lote processado: 100 resultados inseridos
📊 Total acumulado: 45894 resultados
🔖 Checkpoint salvo: último ID = 64735

Processando lote de 100 itens (ID 64736 a 64835)...
✅ Lote processado: 100 resultados inseridos
📊 Total acumulado: 45994 resultados
🔖 Checkpoint salvo: último ID = 64835

Processando lote de 100 itens (ID 64836 a 64935)...
✅ Lote processado: 100 resultados inseridos
📊 Total acumulado: 46094 resultados
🔖 Checkpoint salvo: último ID = 64935

Processando lote de 100 itens (ID 64936 a 65035)...
✅ Lote processado: 100 resultados inseridos
📊 Total acumulado: 46194 resultados
🔖 Checkpoint salvo: último ID = 65035

Processando lote de 100 itens (ID 65036 a 65135)...
✅ Lote processado: 100 resultados inseridos
📊 Total acumulado: 46294 resultados
🔖 Checkpoint salvo: último ID = 65135

Processando lote de 100 itens (ID 65136 a 65235)...
✅ Lote processado: 100 resultados inseridos
📊 Total acumulado: 46394 resultados
🔖 Checkpoint salvo: último ID = 65235

Processando lote de 100 itens (ID 65236 a 65335)...
✅ Lote processado: 100 resultados inseridos
📊 Total acumulado: 46494 resultados
🔖 Checkpoint salvo: último ID = 65335

Processando lote de 100 itens (ID 65336 a 65435)...
✅ Lote processado: 100 resultados inseridos
📊 Total acumulado: 46594 resultados
🔖 Checkpoint salvo: último ID = 65435

Processando lote de 100 itens (ID 65436 a 65535)...
✅ Lote processado: 100 resultados inseridos
📊 Total acumulado: 46694 resultados
🔖 Checkpoint salvo: último ID = 65535

Processando lote de 100 itens (ID 65536 a 65635)...
✅ Lote processado: 100 resultados inseridos
📊 Total acumulado: 46794 resultados
🔖 Checkpoint salvo: último ID = 65635

Processando lote de 100 itens (ID 65636 a 65735)...
✅ Lote processado: 100 resultados inseridos
📊 Total acumulado: 46894 resultados
🔖 Checkpoint salvo: último ID = 65735

Processando lote de 100 itens (ID 65736 a 65835)...
✅ Lote processado: 100 resultados inseridos
📊 Total acumulado: 46994 resultados
🔖 Checkpoint salvo: último ID = 65835

Processando lote de 100 itens (ID 65836 a 65935)...
✅ Lote processado: 100 resultados inseridos
📊 Total acumulado: 47094 resultados
🔖 Checkpoint salvo: último ID = 65935

Processando lote de 100 itens (ID 65936 a 66035)...
✅ Lote processado: 100 resultados inseridos
📊 Total acumulado: 47194 resultados
🔖 Checkpoint salvo: último ID = 66035

Processando lote de 100 itens (ID 66036 a 66139)...
✅ Lote processado: 102 resultados inseridos
📊 Total acumulado: 47296 resultados
🔖 Checkpoint salvo: último ID = 66139

Processando lote de 100 itens (ID 66140 a 66250)...
✅ Lote processado: 100 resultados inseridos
📊 Total acumulado: 47396 resultados
🔖 Checkpoint salvo: último ID = 66250

Processando lote de 100 itens (ID 66251 a 66359)...
✅ Lote processado: 102 resultados inseridos
📊 Total acumulado: 47498 resultados
🔖 Checkpoint salvo: último ID = 66359

Processando lote de 100 itens (ID 66360 a 66497)...
✅ Lote processado: 105 resultados inseridos
📊 Total acumulado: 47603 resultados
🔖 Checkpoint salvo: último ID = 66497

Processando lote de 100 itens (ID 66498 a 66719)...
✅ Lote processado: 100 resultados inseridos
📊 Total acumulado: 47703 resultados
🔖 Checkpoint salvo: último ID = 66719

Processando lote de 100 itens (ID 66720 a 67249)...
✅ Lote processado: 130 resultados inseridos
📊 Total acumulado: 47833 resultados
🔖 Checkpoint salvo: último ID = 67249

Processando lote de 100 itens (ID 67254 a 67389)...
✅ Lote processado: 149 resultados inseridos
📊 Total acumulado: 47982 resultados
🔖 Checkpoint salvo: último ID = 67389

Processando lote de 100 itens (ID 67390 a 67493)...
✅ Lote processado: 100 resultados inseridos
📊 Total acumulado: 48082 resultados
🔖 Checkpoint salvo: último ID = 67493

Processando lote de 100 itens (ID 67494 a 67746)...
Erro ao inserir resultado: (psycopg2.ProgrammingError) can't adapt type 'dict'
[SQL: 
                    INSERT INTO resultados (
                        numeroControlePNCPCompra, numeroItem, sequencialResultado,
                        niFornecedor, nomeRazaoSocialFornecedor, tipoPessoa,
                        porteFornecedorId, porteFornecedorNome,
                        valorUnitarioHomologado, quantidadeHomologada, valorTotalHomologado,
                        percentualDesconto, situacaoCompraItemResultadoId, situacaoCompraItemResultadoNome,
                        dataResultado, dataInclusao, dataAtualizacao,
                        ordemClassificacaoSrp, indicadorSubcontratacao,
                        aplicacaoMargemPreferencia, aplicacaoBeneficioMeEpp, aplicacaoCriterioDesempate,
                        motivoCancelamento, dataCancelamento, codigoPais, paisOrigemProdutoServico,
                        naturezaJuridicaId, naturezaJuridicaNome,
                        amparoLegalMargemPreferencia, amparoLegalCriterioDesempate,
                        moedaEstrangeira, valorNominalMoedaEstrangeira, dataCotacaoMoedaEstrangeira,
                        timezoneCotacaoMoedaEstrangeira
                    ) VALUES (
                        %(numeroControlePNCPCompra)s, %(numeroItem)s, %(sequencialResultado)s,
                        %(niFornecedor)s, %(nomeRazaoSocialFornecedor)s, %(tipoPessoa)s,
                        %(porteFornecedorId)s, %(porteFornecedorNome)s,
                        %(valorUnitarioHomologado)s, %(quantidadeHomologada)s, %(valorTotalHomologado)s,
                        %(percentualDesconto)s, %(situacaoCompraItemResultadoId)s, %(situacaoCompraItemResultadoNome)s,
                        %(dataResultado)s, %(dataInclusao)s, %(dataAtualizacao)s,
                        %(ordemClassificacaoSrp)s, %(indicadorSubcontratacao)s,
                        %(aplicacaoMargemPreferencia)s, %(aplicacaoBeneficioMeEpp)s, %(aplicacaoCriterioDesempate)s,
                        %(motivoCancelamento)s, %(dataCancelamento)s, %(codigoPais)s, %(paisOrigemProdutoServico)s,
                        %(naturezaJuridicaId)s, %(naturezaJuridicaNome)s,
                        %(amparoLegalMargemPreferencia)s, %(amparoLegalCriterioDesempate)s,
                        %(moedaEstrangeira)s, %(valorNominalMoedaEstrangeira)s, %(dataCotacaoMoedaEstrangeira)s,
                        %(timezoneCotacaoMoedaEstrangeira)s
                    )
                    ON CONFLICT (numeroControlePNCPCompra, numeroItem, sequencialResultado) 
                    DO UPDATE SET
                        nomeRazaoSocialFornecedor = EXCLUDED.nomeRazaoSocialFornecedor,
                        valorUnitarioHomologado = EXCLUDED.valorUnitarioHomologado,
                        valorTotalHomologado = EXCLUDED.valorTotalHomologado,
                        dataAtualizacao = EXCLUDED.dataAtualizacao
                ]
[parameters: {'numeroControlePNCPCompra': '39157029000117-1-000042/2024-000002', 'numeroItem': 3, 'sequencialResultado': 1, 'niFornecedor': '36328186000150', 'nomeRazaoSocialFornecedor': 'MARLEXEXPRESS PRODUTOS MEDICOS HOSPITALARES LTDA', 'tipoPessoa': 'PJ', 'porteFornecedorId': 1, 'porteFornecedorNome': 'ME', 'valorUnitarioHomologado': 599.99, 'quantidadeHomologada': 200.0, 'valorTotalHomologado': 119998.0, 'percentualDesconto': 0.0, 'situacaoCompraItemResultadoId': 1, 'situacaoCompraItemResultadoNome': 'Informado', 'dataResultado': '2024-12-11', 'dataInclusao': '2024-12-11T11:22:50', 'dataAtualizacao': '2024-12-11T11:22:50', 'ordemClassificacaoSrp': 1, 'indicadorSubcontratacao': False, 'aplicacaoMargemPreferencia': False, 'aplicacaoBeneficioMeEpp': True, 'aplicacaoCriterioDesempate': True, 'motivoCancelamento': None, 'dataCancelamento': None, 'codigoPais': 'BRA', 'paisOrigemProdutoServico': None, 'naturezaJuridicaId': '2062', 'naturezaJuridicaNome': 'Sociedade Empresária Limitada', 'amparoLegalMargemPreferencia': None, 'amparoLegalCriterioDesempate': {'id': 148, 'nome': 'Lei 14.133/2021, art. 60, outros incisos', 'descricao': 'Critério de desempate: Utilizar esse código quando a justificativa de de ... (82 characters truncated) ... evistos nos Amparos Legais, códigos 145; 146; e 147, constantes no Manual de Integração do PNCP em seu item 5.15. Amparo Legal.', 'statusAtivo': True}, 'moedaEstrangeira': None, 'valorNominalMoedaEstrangeira': None, 'dataCotacaoMoedaEstrangeira': None, 'timezoneCotacaoMoedaEstrangeira': None}]
(Background on this error at: https://sqlalche.me/e/20/f405)
✅ Lote processado: 99 resultados inseridos
📊 Total acumulado: 48181 resultados
🔖 Checkpoint salvo: último ID = 67746

Processando lote de 100 itens (ID 67747 a 67856)...
✅ Lote processado: 100 resultados inseridos
📊 Total acumulado: 48281 resultados
🔖 Checkpoint salvo: último ID = 67856

Processando lote de 100 itens (ID 67857 a 67976)...
✅ Lote processado: 108 resultados inseridos
📊 Total acumulado: 48389 resultados
🔖 Checkpoint salvo: último ID = 67976

Processando lote de 100 itens (ID 67977 a 68095)...
Erro ao inserir resultado: (psycopg2.ProgrammingError) can't adapt type 'dict'
[SQL: 
                    INSERT INTO resultados (
                        numeroControlePNCPCompra, numeroItem, sequencialResultado,
                        niFornecedor, nomeRazaoSocialFornecedor, tipoPessoa,
                        porteFornecedorId, porteFornecedorNome,
                        valorUnitarioHomologado, quantidadeHomologada, valorTotalHomologado,
                        percentualDesconto, situacaoCompraItemResultadoId, situacaoCompraItemResultadoNome,
                        dataResultado, dataInclusao, dataAtualizacao,
                        ordemClassificacaoSrp, indicadorSubcontratacao,
                        aplicacaoMargemPreferencia, aplicacaoBeneficioMeEpp, aplicacaoCriterioDesempate,
                        motivoCancelamento, dataCancelamento, codigoPais, paisOrigemProdutoServico,
                        naturezaJuridicaId, naturezaJuridicaNome,
                        amparoLegalMargemPreferencia, amparoLegalCriterioDesempate,
                        moedaEstrangeira, valorNominalMoedaEstrangeira, dataCotacaoMoedaEstrangeira,
                        timezoneCotacaoMoedaEstrangeira
                    ) VALUES (
                        %(numeroControlePNCPCompra)s, %(numeroItem)s, %(sequencialResultado)s,
                        %(niFornecedor)s, %(nomeRazaoSocialFornecedor)s, %(tipoPessoa)s,
                        %(porteFornecedorId)s, %(porteFornecedorNome)s,
                        %(valorUnitarioHomologado)s, %(quantidadeHomologada)s, %(valorTotalHomologado)s,
                        %(percentualDesconto)s, %(situacaoCompraItemResultadoId)s, %(situacaoCompraItemResultadoNome)s,
                        %(dataResultado)s, %(dataInclusao)s, %(dataAtualizacao)s,
                        %(ordemClassificacaoSrp)s, %(indicadorSubcontratacao)s,
                        %(aplicacaoMargemPreferencia)s, %(aplicacaoBeneficioMeEpp)s, %(aplicacaoCriterioDesempate)s,
                        %(motivoCancelamento)s, %(dataCancelamento)s, %(codigoPais)s, %(paisOrigemProdutoServico)s,
                        %(naturezaJuridicaId)s, %(naturezaJuridicaNome)s,
                        %(amparoLegalMargemPreferencia)s, %(amparoLegalCriterioDesempate)s,
                        %(moedaEstrangeira)s, %(valorNominalMoedaEstrangeira)s, %(dataCotacaoMoedaEstrangeira)s,
                        %(timezoneCotacaoMoedaEstrangeira)s
                    )
                    ON CONFLICT (numeroControlePNCPCompra, numeroItem, sequencialResultado) 
                    DO UPDATE SET
                        nomeRazaoSocialFornecedor = EXCLUDED.nomeRazaoSocialFornecedor,
                        valorUnitarioHomologado = EXCLUDED.valorUnitarioHomologado,
                        valorTotalHomologado = EXCLUDED.valorTotalHomologado,
                        dataAtualizacao = EXCLUDED.dataAtualizacao
                ]
[parameters: {'numeroControlePNCPCompra': '15126437000143-1-002446/2024-000003', 'numeroItem': 5, 'sequencialResultado': 1, 'niFornecedor': '29855950000180', 'nomeRazaoSocialFornecedor': 'CATIVA PRODUTOS NUTRICIONAIS LTDA', 'tipoPessoa': 'PJ', 'porteFornecedorId': 1, 'porteFornecedorNome': 'ME', 'valorUnitarioHomologado': 104.5, 'quantidadeHomologada': 800.0, 'valorTotalHomologado': 83600.0, 'percentualDesconto': 0.0, 'situacaoCompraItemResultadoId': 1, 'situacaoCompraItemResultadoNome': 'Informado', 'dataResultado': '2024-09-16', 'dataInclusao': '2024-09-16T10:09:42', 'dataAtualizacao': '2024-09-16T10:09:42', 'ordemClassificacaoSrp': 1, 'indicadorSubcontratacao': False, 'aplicacaoMargemPreferencia': False, 'aplicacaoBeneficioMeEpp': True, 'aplicacaoCriterioDesempate': True, 'motivoCancelamento': None, 'dataCancelamento': None, 'codigoPais': 'BRA', 'paisOrigemProdutoServico': None, 'naturezaJuridicaId': '2062', 'naturezaJuridicaNome': 'Sociedade Empresária Limitada', 'amparoLegalMargemPreferencia': None, 'amparoLegalCriterioDesempate': {'id': 148, 'nome': 'Lei 14.133/2021, art. 60, outros incisos', 'descricao': 'Critério de desempate: Utilizar esse código quando a justificativa de de ... (82 characters truncated) ... evistos nos Amparos Legais, códigos 145; 146; e 147, constantes no Manual de Integração do PNCP em seu item 5.15. Amparo Legal.', 'statusAtivo': True}, 'moedaEstrangeira': None, 'valorNominalMoedaEstrangeira': None, 'dataCotacaoMoedaEstrangeira': None, 'timezoneCotacaoMoedaEstrangeira': None}]
(Background on this error at: https://sqlalche.me/e/20/f405)
Erro ao inserir resultado: (psycopg2.ProgrammingError) can't adapt type 'dict'
[SQL: 
                    INSERT INTO resultados (
                        numeroControlePNCPCompra, numeroItem, sequencialResultado,
                        niFornecedor, nomeRazaoSocialFornecedor, tipoPessoa,
                        porteFornecedorId, porteFornecedorNome,
                        valorUnitarioHomologado, quantidadeHomologada, valorTotalHomologado,
                        percentualDesconto, situacaoCompraItemResultadoId, situacaoCompraItemResultadoNome,
                        dataResultado, dataInclusao, dataAtualizacao,
                        ordemClassificacaoSrp, indicadorSubcontratacao,
                        aplicacaoMargemPreferencia, aplicacaoBeneficioMeEpp, aplicacaoCriterioDesempate,
                        motivoCancelamento, dataCancelamento, codigoPais, paisOrigemProdutoServico,
                        naturezaJuridicaId, naturezaJuridicaNome,
                        amparoLegalMargemPreferencia, amparoLegalCriterioDesempate,
                        moedaEstrangeira, valorNominalMoedaEstrangeira, dataCotacaoMoedaEstrangeira,
                        timezoneCotacaoMoedaEstrangeira
                    ) VALUES (
                        %(numeroControlePNCPCompra)s, %(numeroItem)s, %(sequencialResultado)s,
                        %(niFornecedor)s, %(nomeRazaoSocialFornecedor)s, %(tipoPessoa)s,
                        %(porteFornecedorId)s, %(porteFornecedorNome)s,
                        %(valorUnitarioHomologado)s, %(quantidadeHomologada)s, %(valorTotalHomologado)s,
                        %(percentualDesconto)s, %(situacaoCompraItemResultadoId)s, %(situacaoCompraItemResultadoNome)s,
                        %(dataResultado)s, %(dataInclusao)s, %(dataAtualizacao)s,
                        %(ordemClassificacaoSrp)s, %(indicadorSubcontratacao)s,
                        %(aplicacaoMargemPreferencia)s, %(aplicacaoBeneficioMeEpp)s, %(aplicacaoCriterioDesempate)s,
                        %(motivoCancelamento)s, %(dataCancelamento)s, %(codigoPais)s, %(paisOrigemProdutoServico)s,
                        %(naturezaJuridicaId)s, %(naturezaJuridicaNome)s,
                        %(amparoLegalMargemPreferencia)s, %(amparoLegalCriterioDesempate)s,
                        %(moedaEstrangeira)s, %(valorNominalMoedaEstrangeira)s, %(dataCotacaoMoedaEstrangeira)s,
                        %(timezoneCotacaoMoedaEstrangeira)s
                    )
                    ON CONFLICT (numeroControlePNCPCompra, numeroItem, sequencialResultado) 
                    DO UPDATE SET
                        nomeRazaoSocialFornecedor = EXCLUDED.nomeRazaoSocialFornecedor,
                        valorUnitarioHomologado = EXCLUDED.valorUnitarioHomologado,
                        valorTotalHomologado = EXCLUDED.valorTotalHomologado,
                        dataAtualizacao = EXCLUDED.dataAtualizacao
                ]
[parameters: {'numeroControlePNCPCompra': '15126437000143-1-002524/2024-000001', 'numeroItem': 32, 'sequencialResultado': 1, 'niFornecedor': '47806382000109', 'nomeRazaoSocialFornecedor': 'OQTIS INDUSTRIA DE EQUIPAMENTOS HOSPITALARES LTDA', 'tipoPessoa': 'PJ', 'porteFornecedorId': 1, 'porteFornecedorNome': 'ME', 'valorUnitarioHomologado': 119800.0, 'quantidadeHomologada': 13.0, 'valorTotalHomologado': 1557400.0, 'percentualDesconto': 0.0, 'situacaoCompraItemResultadoId': 1, 'situacaoCompraItemResultadoNome': 'Informado', 'dataResultado': '2025-03-07', 'dataInclusao': '2025-03-07T17:16:30', 'dataAtualizacao': '2025-03-07T17:16:30', 'ordemClassificacaoSrp': 1, 'indicadorSubcontratacao': False, 'aplicacaoMargemPreferencia': False, 'aplicacaoBeneficioMeEpp': True, 'aplicacaoCriterioDesempate': True, 'motivoCancelamento': None, 'dataCancelamento': None, 'codigoPais': 'BRA', 'paisOrigemProdutoServico': None, 'naturezaJuridicaId': '2062', 'naturezaJuridicaNome': 'Sociedade Empresária Limitada', 'amparoLegalMargemPreferencia': None, 'amparoLegalCriterioDesempate': {'id': 148, 'nome': 'Lei 14.133/2021, art. 60, outros incisos', 'descricao': 'Critério de desempate: Utilizar esse código quando a justificativa de de ... (82 characters truncated) ... evistos nos Amparos Legais, códigos 145; 146; e 147, constantes no Manual de Integração do PNCP em seu item 5.15. Amparo Legal.', 'statusAtivo': True}, 'moedaEstrangeira': None, 'valorNominalMoedaEstrangeira': None, 'dataCotacaoMoedaEstrangeira': None, 'timezoneCotacaoMoedaEstrangeira': None}]
(Background on this error at: https://sqlalche.me/e/20/f405)
✅ Lote processado: 100 resultados inseridos
📊 Total acumulado: 48489 resultados
🔖 Checkpoint salvo: último ID = 68095

Processando lote de 100 itens (ID 68096 a 68195)...
✅ Lote processado: 100 resultados inseridos
📊 Total acumulado: 48589 resultados
🔖 Checkpoint salvo: último ID = 68195

Processando lote de 100 itens (ID 68196 a 68296)...
✅ Lote processado: 100 resultados inseridos
📊 Total acumulado: 48689 resultados
🔖 Checkpoint salvo: último ID = 68296

Processando lote de 100 itens (ID 68297 a 68397)...
✅ Lote processado: 100 resultados inseridos
📊 Total acumulado: 48789 resultados
🔖 Checkpoint salvo: último ID = 68397

Processando lote de 100 itens (ID 68398 a 68499)...
✅ Lote processado: 100 resultados inseridos
📊 Total acumulado: 48889 resultados
🔖 Checkpoint salvo: último ID = 68499

Processando lote de 100 itens (ID 68500 a 68621)...
✅ Lote processado: 100 resultados inseridos
📊 Total acumulado: 48989 resultados
🔖 Checkpoint salvo: último ID = 68621

Processando lote de 100 itens (ID 68622 a 68724)...
✅ Lote processado: 108 resultados inseridos
📊 Total acumulado: 49097 resultados
🔖 Checkpoint salvo: último ID = 68724

Processando lote de 100 itens (ID 68725 a 68824)...
✅ Lote processado: 100 resultados inseridos
📊 Total acumulado: 49197 resultados
🔖 Checkpoint salvo: último ID = 68824

Processando lote de 100 itens (ID 68825 a 68926)...
✅ Lote processado: 100 resultados inseridos
📊 Total acumulado: 49297 resultados
🔖 Checkpoint salvo: último ID = 68926

Processando lote de 100 itens (ID 68927 a 69042)...
✅ Lote processado: 100 resultados inseridos
📊 Total acumulado: 49397 resultados
🔖 Checkpoint salvo: último ID = 69042

Processando lote de 100 itens (ID 69043 a 69194)...
✅ Lote processado: 100 resultados inseridos
📊 Total acumulado: 49497 resultados
🔖 Checkpoint salvo: último ID = 69194

Processando lote de 100 itens (ID 69195 a 69294)...
✅ Lote processado: 116 resultados inseridos
📊 Total acumulado: 49613 resultados
🔖 Checkpoint salvo: último ID = 69294

Processando lote de 100 itens (ID 69295 a 69448)...
✅ Lote processado: 102 resultados inseridos
📊 Total acumulado: 49715 resultados
🔖 Checkpoint salvo: último ID = 69448

Processando lote de 100 itens (ID 69449 a 69608)...
✅ Lote processado: 102 resultados inseridos
📊 Total acumulado: 49817 resultados
🔖 Checkpoint salvo: último ID = 69608

Processando lote de 100 itens (ID 69609 a 69749)...
✅ Lote processado: 100 resultados inseridos
📊 Total acumulado: 49917 resultados
🔖 Checkpoint salvo: último ID = 69749

Processando lote de 100 itens (ID 69751 a 70161)...
Erro ao inserir resultado: (psycopg2.OperationalError) could not receive data from server: Network is unreachable

(Background on this error at: https://sqlalche.me/e/20/e3q8)
Erro ao inserir resultado: Can't reconnect until invalid transaction is rolled back.  Please rollback() fully before proceeding (Background on this error at: https://sqlalche.me/e/20/8s2b)
Erro ao inserir resultado: Can't reconnect until invalid transaction is rolled back.  Please rollback() fully before proceeding (Background on this error at: https://sqlalche.me/e/20/8s2b)
Erro ao inserir resultado: Can't reconnect until invalid transaction is rolled back.  Please rollback() fully before proceeding (Background on this error at: https://sqlalche.me/e/20/8s2b)
Erro ao inserir resultado: Can't reconnect until invalid transaction is rolled back.  Please rollback() fully before proceeding (Background on this error at: https://sqlalche.me/e/20/8s2b)
Erro ao inserir resultado: Can't reconnect until invalid transaction is rolled back.  Please rollback() fully before proceeding (Background on this error at: https://sqlalche.me/e/20/8s2b)
Erro ao inserir resultado: Can't reconnect until invalid transaction is rolled back.  Please rollback() fully before proceeding (Background on this error at: https://sqlalche.me/e/20/8s2b)
Erro ao inserir resultado: Can't reconnect until invalid transaction is rolled back.  Please rollback() fully before proceeding (Background on this error at: https://sqlalche.me/e/20/8s2b)
Erro ao inserir resultado: Can't reconnect until invalid transaction is rolled back.  Please rollback() fully before proceeding (Background on this error at: https://sqlalche.me/e/20/8s2b)
Erro ao inserir resultado: Can't reconnect until invalid transaction is rolled back.  Please rollback() fully before proceeding (Background on this error at: https://sqlalche.me/e/20/8s2b)
Erro ao inserir resultado: Can't reconnect until invalid transaction is rolled back.  Please rollback() fully before proceeding (Background on this error at: https://sqlalche.me/e/20/8s2b)
Erro ao inserir resultado: Can't reconnect until invalid transaction is rolled back.  Please rollback() fully before proceeding (Background on this error at: https://sqlalche.me/e/20/8s2b)
Erro ao inserir resultado: Can't reconnect until invalid transaction is rolled back.  Please rollback() fully before proceeding (Background on this error at: https://sqlalche.me/e/20/8s2b)
Erro ao inserir resultado: Can't reconnect until invalid transaction is rolled back.  Please rollback() fully before proceeding (Background on this error at: https://sqlalche.me/e/20/8s2b)
Erro ao inserir resultado: Can't reconnect until invalid transaction is rolled back.  Please rollback() fully before proceeding (Background on this error at: https://sqlalche.me/e/20/8s2b)
Erro ao inserir resultado: Can't reconnect until invalid transaction is rolled back.  Please rollback() fully before proceeding (Background on this error at: https://sqlalche.me/e/20/8s2b)
Erro ao inserir resultado: Can't reconnect until invalid transaction is rolled back.  Please rollback() fully before proceeding (Background on this error at: https://sqlalche.me/e/20/8s2b)
Erro ao inserir resultado: Can't reconnect until invalid transaction is rolled back.  Please rollback() fully before proceeding (Background on this error at: https://sqlalche.me/e/20/8s2b)
Erro ao inserir resultado: Can't reconnect until invalid transaction is rolled back.  Please rollback() fully before proceeding (Background on this error at: https://sqlalche.me/e/20/8s2b)
Erro ao inserir resultado: Can't reconnect until invalid transaction is rolled back.  Please rollback() fully before proceeding (Background on this error at: https://sqlalche.me/e/20/8s2b)
Erro ao inserir resultado: Can't reconnect until invalid transaction is rolled back.  Please rollback() fully before proceeding (Background on this error at: https://sqlalche.me/e/20/8s2b)
Erro ao inserir resultado: Can't reconnect until invalid transaction is rolled back.  Please rollback() fully before proceeding (Background on this error at: https://sqlalche.me/e/20/8s2b)
Erro ao inserir resultado: Can't reconnect until invalid transaction is rolled back.  Please rollback() fully before proceeding (Background on this error at: https://sqlalche.me/e/20/8s2b)
Erro ao inserir resultado: Can't reconnect until invalid transaction is rolled back.  Please rollback() fully before proceeding (Background on this error at: https://sqlalche.me/e/20/8s2b)
Erro ao inserir resultado: Can't reconnect until invalid transaction is rolled back.  Please rollback() fully before proceeding (Background on this error at: https://sqlalche.me/e/20/8s2b)
Erro ao inserir resultado: Can't reconnect until invalid transaction is rolled back.  Please rollback() fully before proceeding (Background on this error at: https://sqlalche.me/e/20/8s2b)
Erro ao inserir resultado: Can't reconnect until invalid transaction is rolled back.  Please rollback() fully before proceeding (Background on this error at: https://sqlalche.me/e/20/8s2b)
Erro ao inserir resultado: Can't reconnect until invalid transaction is rolled back.  Please rollback() fully before proceeding (Background on this error at: https://sqlalche.me/e/20/8s2b)
Erro ao inserir resultado: Can't reconnect until invalid transaction is rolled back.  Please rollback() fully before proceeding (Background on this error at: https://sqlalche.me/e/20/8s2b)
Erro ao inserir resultado: Can't reconnect until invalid transaction is rolled back.  Please rollback() fully before proceeding (Background on this error at: https://sqlalche.me/e/20/8s2b)
Erro ao inserir resultado: Can't reconnect until invalid transaction is rolled back.  Please rollback() fully before proceeding (Background on this error at: https://sqlalche.me/e/20/8s2b)
Erro ao inserir resultado: Can't reconnect until invalid transaction is rolled back.  Please rollback() fully before proceeding (Background on this error at: https://sqlalche.me/e/20/8s2b)
Erro ao inserir resultado: Can't reconnect until invalid transaction is rolled back.  Please rollback() fully before proceeding (Background on this error at: https://sqlalche.me/e/20/8s2b)
Erro ao inserir resultado: Can't reconnect until invalid transaction is rolled back.  Please rollback() fully before proceeding (Background on this error at: https://sqlalche.me/e/20/8s2b)
Erro ao inserir resultado: Can't reconnect until invalid transaction is rolled back.  Please rollback() fully before proceeding (Background on this error at: https://sqlalche.me/e/20/8s2b)
Erro ao inserir resultado: Can't reconnect until invalid transaction is rolled back.  Please rollback() fully before proceeding (Background on this error at: https://sqlalche.me/e/20/8s2b)
Erro ao inserir resultado: Can't reconnect until invalid transaction is rolled back.  Please rollback() fully before proceeding (Background on this error at: https://sqlalche.me/e/20/8s2b)
Erro ao inserir resultado: Can't reconnect until invalid transaction is rolled back.  Please rollback() fully before proceeding (Background on this error at: https://sqlalche.me/e/20/8s2b)
Erro ao inserir resultado: Can't reconnect until invalid transaction is rolled back.  Please rollback() fully before proceeding (Background on this error at: https://sqlalche.me/e/20/8s2b)
Erro ao inserir resultado: Can't reconnect until invalid transaction is rolled back.  Please rollback() fully before proceeding (Background on this error at: https://sqlalche.me/e/20/8s2b)
Erro ao inserir resultado: Can't reconnect until invalid transaction is rolled back.  Please rollback() fully before proceeding (Background on this error at: https://sqlalche.me/e/20/8s2b)
Erro ao inserir resultado: Can't reconnect until invalid transaction is rolled back.  Please rollback() fully before proceeding (Background on this error at: https://sqlalche.me/e/20/8s2b)
Erro ao inserir resultado: Can't reconnect until invalid transaction is rolled back.  Please rollback() fully before proceeding (Background on this error at: https://sqlalche.me/e/20/8s2b)
Erro ao inserir resultado: Can't reconnect until invalid transaction is rolled back.  Please rollback() fully before proceeding (Background on this error at: https://sqlalche.me/e/20/8s2b)
Erro ao inserir resultado: Can't reconnect until invalid transaction is rolled back.  Please rollback() fully before proceeding (Background on this error at: https://sqlalche.me/e/20/8s2b)
Erro ao inserir resultado: Can't reconnect until invalid transaction is rolled back.  Please rollback() fully before proceeding (Background on this error at: https://sqlalche.me/e/20/8s2b)
Erro ao inserir resultado: Can't reconnect until invalid transaction is rolled back.  Please rollback() fully before proceeding (Background on this error at: https://sqlalche.me/e/20/8s2b)
Erro ao inserir resultado: Can't reconnect until invalid transaction is rolled back.  Please rollback() fully before proceeding (Background on this error at: https://sqlalche.me/e/20/8s2b)
Erro ao inserir resultado: Can't reconnect until invalid transaction is rolled back.  Please rollback() fully before proceeding (Background on this error at: https://sqlalche.me/e/20/8s2b)
Erro ao inserir resultado: Can't reconnect until invalid transaction is rolled back.  Please rollback() fully before proceeding (Background on this error at: https://sqlalche.me/e/20/8s2b)
Erro ao inserir resultado: Can't reconnect until invalid transaction is rolled back.  Please rollback() fully before proceeding (Background on this error at: https://sqlalche.me/e/20/8s2b)
Erro ao inserir resultado: Can't reconnect until invalid transaction is rolled back.  Please rollback() fully before proceeding (Background on this error at: https://sqlalche.me/e/20/8s2b)
Erro ao inserir resultado: Can't reconnect until invalid transaction is rolled back.  Please rollback() fully before proceeding (Background on this error at: https://sqlalche.me/e/20/8s2b)
Erro ao inserir resultado: Can't reconnect until invalid transaction is rolled back.  Please rollback() fully before proceeding (Background on this error at: https://sqlalche.me/e/20/8s2b)
Erro ao inserir resultado: Can't reconnect until invalid transaction is rolled back.  Please rollback() fully before proceeding (Background on this error at: https://sqlalche.me/e/20/8s2b)
Erro ao inserir resultado: Can't reconnect until invalid transaction is rolled back.  Please rollback() fully before proceeding (Background on this error at: https://sqlalche.me/e/20/8s2b)
Erro ao inserir resultado: Can't reconnect until invalid transaction is rolled back.  Please rollback() fully before proceeding (Background on this error at: https://sqlalche.me/e/20/8s2b)
Erro ao inserir resultado: Can't reconnect until invalid transaction is rolled back.  Please rollback() fully before proceeding (Background on this error at: https://sqlalche.me/e/20/8s2b)
Erro ao inserir resultado: Can't reconnect until invalid transaction is rolled back.  Please rollback() fully before proceeding (Background on this error at: https://sqlalche.me/e/20/8s2b)
Erro ao inserir resultado: Can't reconnect until invalid transaction is rolled back.  Please rollback() fully before proceeding (Background on this error at: https://sqlalche.me/e/20/8s2b)
Erro ao inserir resultado: Can't reconnect until invalid transaction is rolled back.  Please rollback() fully before proceeding (Background on this error at: https://sqlalche.me/e/20/8s2b)
Erro ao inserir resultado: Can't reconnect until invalid transaction is rolled back.  Please rollback() fully before proceeding (Background on this error at: https://sqlalche.me/e/20/8s2b)
✅ Lote processado: 46 resultados inseridos
📊 Total acumulado: 49963 resultados
🔖 Checkpoint salvo: último ID = 70161

Processando lote de 100 itens (ID 70162 a 70507)...
✅ Lote processado: 100 resultados inseridos
📊 Total acumulado: 50063 resultados
🔖 Checkpoint salvo: último ID = 70507

Processando lote de 100 itens (ID 70508 a 70617)...
✅ Lote processado: 100 resultados inseridos
📊 Total acumulado: 50163 resultados
🔖 Checkpoint salvo: último ID = 70617

Processando lote de 100 itens (ID 70618 a 70718)...
✅ Lote processado: 661 resultados inseridos
📊 Total acumulado: 50824 resultados
🔖 Checkpoint salvo: último ID = 70718

Processando lote de 100 itens (ID 70719 a 70822)...
✅ Lote processado: 100 resultados inseridos
📊 Total acumulado: 50924 resultados
🔖 Checkpoint salvo: último ID = 70822

Processando lote de 100 itens (ID 70823 a 70960)...
✅ Lote processado: 101 resultados inseridos
📊 Total acumulado: 51025 resultados
🔖 Checkpoint salvo: último ID = 70960

Processando lote de 100 itens (ID 70961 a 71126)...
✅ Lote processado: 100 resultados inseridos
📊 Total acumulado: 51125 resultados
🔖 Checkpoint salvo: último ID = 71126

Processando lote de 100 itens (ID 71127 a 71231)...
✅ Lote processado: 100 resultados inseridos
📊 Total acumulado: 51225 resultados
🔖 Checkpoint salvo: último ID = 71231

Processando lote de 100 itens (ID 71232 a 71399)...
✅ Lote processado: 100 resultados inseridos
📊 Total acumulado: 51325 resultados
🔖 Checkpoint salvo: último ID = 71399

Processando lote de 100 itens (ID 71400 a 71548)...
✅ Lote processado: 102 resultados inseridos
📊 Total acumulado: 51427 resultados
🔖 Checkpoint salvo: último ID = 71548

Processando lote de 100 itens (ID 71549 a 71650)...
Erro ao inserir resultado: (psycopg2.ProgrammingError) can't adapt type 'dict'
[SQL: 
                    INSERT INTO resultados (
                        numeroControlePNCPCompra, numeroItem, sequencialResultado,
                        niFornecedor, nomeRazaoSocialFornecedor, tipoPessoa,
                        porteFornecedorId, porteFornecedorNome,
                        valorUnitarioHomologado, quantidadeHomologada, valorTotalHomologado,
                        percentualDesconto, situacaoCompraItemResultadoId, situacaoCompraItemResultadoNome,
                        dataResultado, dataInclusao, dataAtualizacao,
                        ordemClassificacaoSrp, indicadorSubcontratacao,
                        aplicacaoMargemPreferencia, aplicacaoBeneficioMeEpp, aplicacaoCriterioDesempate,
                        motivoCancelamento, dataCancelamento, codigoPais, paisOrigemProdutoServico,
                        naturezaJuridicaId, naturezaJuridicaNome,
                        amparoLegalMargemPreferencia, amparoLegalCriterioDesempate,
                        moedaEstrangeira, valorNominalMoedaEstrangeira, dataCotacaoMoedaEstrangeira,
                        timezoneCotacaoMoedaEstrangeira
                    ) VALUES (
                        %(numeroControlePNCPCompra)s, %(numeroItem)s, %(sequencialResultado)s,
                        %(niFornecedor)s, %(nomeRazaoSocialFornecedor)s, %(tipoPessoa)s,
                        %(porteFornecedorId)s, %(porteFornecedorNome)s,
                        %(valorUnitarioHomologado)s, %(quantidadeHomologada)s, %(valorTotalHomologado)s,
                        %(percentualDesconto)s, %(situacaoCompraItemResultadoId)s, %(situacaoCompraItemResultadoNome)s,
                        %(dataResultado)s, %(dataInclusao)s, %(dataAtualizacao)s,
                        %(ordemClassificacaoSrp)s, %(indicadorSubcontratacao)s,
                        %(aplicacaoMargemPreferencia)s, %(aplicacaoBeneficioMeEpp)s, %(aplicacaoCriterioDesempate)s,
                        %(motivoCancelamento)s, %(dataCancelamento)s, %(codigoPais)s, %(paisOrigemProdutoServico)s,
                        %(naturezaJuridicaId)s, %(naturezaJuridicaNome)s,
                        %(amparoLegalMargemPreferencia)s, %(amparoLegalCriterioDesempate)s,
                        %(moedaEstrangeira)s, %(valorNominalMoedaEstrangeira)s, %(dataCotacaoMoedaEstrangeira)s,
                        %(timezoneCotacaoMoedaEstrangeira)s
                    )
                    ON CONFLICT (numeroControlePNCPCompra, numeroItem, sequencialResultado) 
                    DO UPDATE SET
                        nomeRazaoSocialFornecedor = EXCLUDED.nomeRazaoSocialFornecedor,
                        valorUnitarioHomologado = EXCLUDED.valorUnitarioHomologado,
                        valorTotalHomologado = EXCLUDED.valorTotalHomologado,
                        dataAtualizacao = EXCLUDED.dataAtualizacao
                ]
[parameters: {'numeroControlePNCPCompra': '63606479000124-1-000661/2024-000003', 'numeroItem': 5, 'sequencialResultado': 1, 'niFornecedor': '06916063000179', 'nomeRazaoSocialFornecedor': 'JAQUELINE C. DE OLIVEIRA', 'tipoPessoa': 'PJ', 'porteFornecedorId': 1, 'porteFornecedorNome': 'ME', 'valorUnitarioHomologado': 58.0, 'quantidadeHomologada': 30.0, 'valorTotalHomologado': 1740.0, 'percentualDesconto': 0.0, 'situacaoCompraItemResultadoId': 1, 'situacaoCompraItemResultadoNome': 'Informado', 'dataResultado': '2024-11-26', 'dataInclusao': '2024-11-26T12:39:38', 'dataAtualizacao': '2024-11-26T12:39:38', 'ordemClassificacaoSrp': 1, 'indicadorSubcontratacao': False, 'aplicacaoMargemPreferencia': False, 'aplicacaoBeneficioMeEpp': False, 'aplicacaoCriterioDesempate': True, 'motivoCancelamento': None, 'dataCancelamento': None, 'codigoPais': 'BRA', 'paisOrigemProdutoServico': None, 'naturezaJuridicaId': '2135', 'naturezaJuridicaNome': 'Empresário (Individual)', 'amparoLegalMargemPreferencia': None, 'amparoLegalCriterioDesempate': {'id': 148, 'nome': 'Lei 14.133/2021, art. 60, outros incisos', 'descricao': 'Critério de desempate: Utilizar esse código quando a justificativa de de ... (82 characters truncated) ... evistos nos Amparos Legais, códigos 145; 146; e 147, constantes no Manual de Integração do PNCP em seu item 5.15. Amparo Legal.', 'statusAtivo': True}, 'moedaEstrangeira': None, 'valorNominalMoedaEstrangeira': None, 'dataCotacaoMoedaEstrangeira': None, 'timezoneCotacaoMoedaEstrangeira': None}]
(Background on this error at: https://sqlalche.me/e/20/f405)
✅ Lote processado: 99 resultados inseridos
📊 Total acumulado: 51526 resultados
🔖 Checkpoint salvo: último ID = 71650

Processando lote de 100 itens (ID 71651 a 71753)...
✅ Lote processado: 100 resultados inseridos
📊 Total acumulado: 51626 resultados
🔖 Checkpoint salvo: último ID = 71753

Processando lote de 100 itens (ID 71754 a 71922)...
✅ Lote processado: 100 resultados inseridos
📊 Total acumulado: 51726 resultados
🔖 Checkpoint salvo: último ID = 71922

Processando lote de 100 itens (ID 71923 a 72091)...
✅ Lote processado: 100 resultados inseridos
📊 Total acumulado: 51826 resultados
🔖 Checkpoint salvo: último ID = 72091

Processando lote de 100 itens (ID 72092 a 72210)...
✅ Lote processado: 103 resultados inseridos
📊 Total acumulado: 51929 resultados
🔖 Checkpoint salvo: último ID = 72210

Processando lote de 100 itens (ID 72213 a 72343)...
✅ Lote processado: 103 resultados inseridos
📊 Total acumulado: 52032 resultados
🔖 Checkpoint salvo: último ID = 72343

Processando lote de 100 itens (ID 72344 a 72454)...
Erro ao inserir resultado: (psycopg2.ProgrammingError) can't adapt type 'dict'
[SQL: 
                    INSERT INTO resultados (
                        numeroControlePNCPCompra, numeroItem, sequencialResultado,
                        niFornecedor, nomeRazaoSocialFornecedor, tipoPessoa,
                        porteFornecedorId, porteFornecedorNome,
                        valorUnitarioHomologado, quantidadeHomologada, valorTotalHomologado,
                        percentualDesconto, situacaoCompraItemResultadoId, situacaoCompraItemResultadoNome,
                        dataResultado, dataInclusao, dataAtualizacao,
                        ordemClassificacaoSrp, indicadorSubcontratacao,
                        aplicacaoMargemPreferencia, aplicacaoBeneficioMeEpp, aplicacaoCriterioDesempate,
                        motivoCancelamento, dataCancelamento, codigoPais, paisOrigemProdutoServico,
                        naturezaJuridicaId, naturezaJuridicaNome,
                        amparoLegalMargemPreferencia, amparoLegalCriterioDesempate,
                        moedaEstrangeira, valorNominalMoedaEstrangeira, dataCotacaoMoedaEstrangeira,
                        timezoneCotacaoMoedaEstrangeira
                    ) VALUES (
                        %(numeroControlePNCPCompra)s, %(numeroItem)s, %(sequencialResultado)s,
                        %(niFornecedor)s, %(nomeRazaoSocialFornecedor)s, %(tipoPessoa)s,
                        %(porteFornecedorId)s, %(porteFornecedorNome)s,
                        %(valorUnitarioHomologado)s, %(quantidadeHomologada)s, %(valorTotalHomologado)s,
                        %(percentualDesconto)s, %(situacaoCompraItemResultadoId)s, %(situacaoCompraItemResultadoNome)s,
                        %(dataResultado)s, %(dataInclusao)s, %(dataAtualizacao)s,
                        %(ordemClassificacaoSrp)s, %(indicadorSubcontratacao)s,
                        %(aplicacaoMargemPreferencia)s, %(aplicacaoBeneficioMeEpp)s, %(aplicacaoCriterioDesempate)s,
                        %(motivoCancelamento)s, %(dataCancelamento)s, %(codigoPais)s, %(paisOrigemProdutoServico)s,
                        %(naturezaJuridicaId)s, %(naturezaJuridicaNome)s,
                        %(amparoLegalMargemPreferencia)s, %(amparoLegalCriterioDesempate)s,
                        %(moedaEstrangeira)s, %(valorNominalMoedaEstrangeira)s, %(dataCotacaoMoedaEstrangeira)s,
                        %(timezoneCotacaoMoedaEstrangeira)s
                    )
                    ON CONFLICT (numeroControlePNCPCompra, numeroItem, sequencialResultado) 
                    DO UPDATE SET
                        nomeRazaoSocialFornecedor = EXCLUDED.nomeRazaoSocialFornecedor,
                        valorUnitarioHomologado = EXCLUDED.valorUnitarioHomologado,
                        valorTotalHomologado = EXCLUDED.valorTotalHomologado,
                        dataAtualizacao = EXCLUDED.dataAtualizacao
                ]
[parameters: {'numeroControlePNCPCompra': '60448040000122-1-000330/2024-000001', 'numeroItem': 1, 'sequencialResultado': 1, 'niFornecedor': '11667036000140', 'nomeRazaoSocialFornecedor': 'COTTON MED PRODUTOS HOSPITALARES IMPORTACAO E EXPORTACAO LTDA', 'tipoPessoa': 'PJ', 'porteFornecedorId': 1, 'porteFornecedorNome': 'ME', 'valorUnitarioHomologado': 3.9, 'quantidadeHomologada': 1044358.0, 'valorTotalHomologado': 4072996.2, 'percentualDesconto': 0.0, 'situacaoCompraItemResultadoId': 1, 'situacaoCompraItemResultadoNome': 'Informado', 'dataResultado': '2024-11-19', 'dataInclusao': '2024-11-19T10:56:53', 'dataAtualizacao': '2024-11-19T10:56:53', 'ordemClassificacaoSrp': 1, 'indicadorSubcontratacao': False, 'aplicacaoMargemPreferencia': False, 'aplicacaoBeneficioMeEpp': True, 'aplicacaoCriterioDesempate': True, 'motivoCancelamento': None, 'dataCancelamento': None, 'codigoPais': 'BRA', 'paisOrigemProdutoServico': None, 'naturezaJuridicaId': '2062', 'naturezaJuridicaNome': 'Sociedade Empresária Limitada', 'amparoLegalMargemPreferencia': None, 'amparoLegalCriterioDesempate': {'id': 148, 'nome': 'Lei 14.133/2021, art. 60, outros incisos', 'descricao': 'Critério de desempate: Utilizar esse código quando a justificativa de de ... (82 characters truncated) ... evistos nos Amparos Legais, códigos 145; 146; e 147, constantes no Manual de Integração do PNCP em seu item 5.15. Amparo Legal.', 'statusAtivo': True}, 'moedaEstrangeira': None, 'valorNominalMoedaEstrangeira': None, 'dataCotacaoMoedaEstrangeira': None, 'timezoneCotacaoMoedaEstrangeira': None}]
(Background on this error at: https://sqlalche.me/e/20/f405)
Erro ao inserir resultado: (psycopg2.ProgrammingError) can't adapt type 'dict'
[SQL: 
                    INSERT INTO resultados (
                        numeroControlePNCPCompra, numeroItem, sequencialResultado,
                        niFornecedor, nomeRazaoSocialFornecedor, tipoPessoa,
                        porteFornecedorId, porteFornecedorNome,
                        valorUnitarioHomologado, quantidadeHomologada, valorTotalHomologado,
                        percentualDesconto, situacaoCompraItemResultadoId, situacaoCompraItemResultadoNome,
                        dataResultado, dataInclusao, dataAtualizacao,
                        ordemClassificacaoSrp, indicadorSubcontratacao,
                        aplicacaoMargemPreferencia, aplicacaoBeneficioMeEpp, aplicacaoCriterioDesempate,
                        motivoCancelamento, dataCancelamento, codigoPais, paisOrigemProdutoServico,
                        naturezaJuridicaId, naturezaJuridicaNome,
                        amparoLegalMargemPreferencia, amparoLegalCriterioDesempate,
                        moedaEstrangeira, valorNominalMoedaEstrangeira, dataCotacaoMoedaEstrangeira,
                        timezoneCotacaoMoedaEstrangeira
                    ) VALUES (
                        %(numeroControlePNCPCompra)s, %(numeroItem)s, %(sequencialResultado)s,
                        %(niFornecedor)s, %(nomeRazaoSocialFornecedor)s, %(tipoPessoa)s,
                        %(porteFornecedorId)s, %(porteFornecedorNome)s,
                        %(valorUnitarioHomologado)s, %(quantidadeHomologada)s, %(valorTotalHomologado)s,
                        %(percentualDesconto)s, %(situacaoCompraItemResultadoId)s, %(situacaoCompraItemResultadoNome)s,
                        %(dataResultado)s, %(dataInclusao)s, %(dataAtualizacao)s,
                        %(ordemClassificacaoSrp)s, %(indicadorSubcontratacao)s,
                        %(aplicacaoMargemPreferencia)s, %(aplicacaoBeneficioMeEpp)s, %(aplicacaoCriterioDesempate)s,
                        %(motivoCancelamento)s, %(dataCancelamento)s, %(codigoPais)s, %(paisOrigemProdutoServico)s,
                        %(naturezaJuridicaId)s, %(naturezaJuridicaNome)s,
                        %(amparoLegalMargemPreferencia)s, %(amparoLegalCriterioDesempate)s,
                        %(moedaEstrangeira)s, %(valorNominalMoedaEstrangeira)s, %(dataCotacaoMoedaEstrangeira)s,
                        %(timezoneCotacaoMoedaEstrangeira)s
                    )
                    ON CONFLICT (numeroControlePNCPCompra, numeroItem, sequencialResultado) 
                    DO UPDATE SET
                        nomeRazaoSocialFornecedor = EXCLUDED.nomeRazaoSocialFornecedor,
                        valorUnitarioHomologado = EXCLUDED.valorUnitarioHomologado,
                        valorTotalHomologado = EXCLUDED.valorTotalHomologado,
                        dataAtualizacao = EXCLUDED.dataAtualizacao
                ]
[parameters: {'numeroControlePNCPCompra': '76105550000137-1-000098/2024-000003', 'numeroItem': 18, 'sequencialResultado': 1, 'niFornecedor': '32282308000163', 'nomeRazaoSocialFornecedor': 'J DE BRITO - DISTRIBUIDORA DE MEDICAMENTOS E CORRELATOS LTDA', 'tipoPessoa': 'PJ', 'porteFornecedorId': 1, 'porteFornecedorNome': 'ME', 'valorUnitarioHomologado': 4.58, 'quantidadeHomologada': 960.0, 'valorTotalHomologado': 4396.8, 'percentualDesconto': 0.0, 'situacaoCompraItemResultadoId': 1, 'situacaoCompraItemResultadoNome': 'Informado', 'dataResultado': '2024-10-10', 'dataInclusao': '2024-10-10T16:32:46', 'dataAtualizacao': '2024-10-10T16:32:46', 'ordemClassificacaoSrp': 1, 'indicadorSubcontratacao': False, 'aplicacaoMargemPreferencia': False, 'aplicacaoBeneficioMeEpp': True, 'aplicacaoCriterioDesempate': True, 'motivoCancelamento': None, 'dataCancelamento': None, 'codigoPais': 'BRA', 'paisOrigemProdutoServico': None, 'naturezaJuridicaId': '2062', 'naturezaJuridicaNome': 'Sociedade Empresária Limitada', 'amparoLegalMargemPreferencia': None, 'amparoLegalCriterioDesempate': {'id': 148, 'nome': 'Lei 14.133/2021, art. 60, outros incisos', 'descricao': 'Critério de desempate: Utilizar esse código quando a justificativa de de ... (82 characters truncated) ... evistos nos Amparos Legais, códigos 145; 146; e 147, constantes no Manual de Integração do PNCP em seu item 5.15. Amparo Legal.', 'statusAtivo': True}, 'moedaEstrangeira': None, 'valorNominalMoedaEstrangeira': None, 'dataCotacaoMoedaEstrangeira': None, 'timezoneCotacaoMoedaEstrangeira': None}]
(Background on this error at: https://sqlalche.me/e/20/f405)
✅ Lote processado: 98 resultados inseridos
📊 Total acumulado: 52130 resultados
🔖 Checkpoint salvo: último ID = 72454

Processando lote de 100 itens (ID 72455 a 72567)...
✅ Lote processado: 100 resultados inseridos
📊 Total acumulado: 52230 resultados
🔖 Checkpoint salvo: último ID = 72567

Processando lote de 100 itens (ID 72568 a 72676)...
✅ Lote processado: 100 resultados inseridos
📊 Total acumulado: 52330 resultados
🔖 Checkpoint salvo: último ID = 72676

Processando lote de 100 itens (ID 72677 a 72815)...
Erro ao inserir resultado: (psycopg2.ProgrammingError) can't adapt type 'dict'
[SQL: 
                    INSERT INTO resultados (
                        numeroControlePNCPCompra, numeroItem, sequencialResultado,
                        niFornecedor, nomeRazaoSocialFornecedor, tipoPessoa,
                        porteFornecedorId, porteFornecedorNome,
                        valorUnitarioHomologado, quantidadeHomologada, valorTotalHomologado,
                        percentualDesconto, situacaoCompraItemResultadoId, situacaoCompraItemResultadoNome,
                        dataResultado, dataInclusao, dataAtualizacao,
                        ordemClassificacaoSrp, indicadorSubcontratacao,
                        aplicacaoMargemPreferencia, aplicacaoBeneficioMeEpp, aplicacaoCriterioDesempate,
                        motivoCancelamento, dataCancelamento, codigoPais, paisOrigemProdutoServico,
                        naturezaJuridicaId, naturezaJuridicaNome,
                        amparoLegalMargemPreferencia, amparoLegalCriterioDesempate,
                        moedaEstrangeira, valorNominalMoedaEstrangeira, dataCotacaoMoedaEstrangeira,
                        timezoneCotacaoMoedaEstrangeira
                    ) VALUES (
                        %(numeroControlePNCPCompra)s, %(numeroItem)s, %(sequencialResultado)s,
                        %(niFornecedor)s, %(nomeRazaoSocialFornecedor)s, %(tipoPessoa)s,
                        %(porteFornecedorId)s, %(porteFornecedorNome)s,
                        %(valorUnitarioHomologado)s, %(quantidadeHomologada)s, %(valorTotalHomologado)s,
                        %(percentualDesconto)s, %(situacaoCompraItemResultadoId)s, %(situacaoCompraItemResultadoNome)s,
                        %(dataResultado)s, %(dataInclusao)s, %(dataAtualizacao)s,
                        %(ordemClassificacaoSrp)s, %(indicadorSubcontratacao)s,
                        %(aplicacaoMargemPreferencia)s, %(aplicacaoBeneficioMeEpp)s, %(aplicacaoCriterioDesempate)s,
                        %(motivoCancelamento)s, %(dataCancelamento)s, %(codigoPais)s, %(paisOrigemProdutoServico)s,
                        %(naturezaJuridicaId)s, %(naturezaJuridicaNome)s,
                        %(amparoLegalMargemPreferencia)s, %(amparoLegalCriterioDesempate)s,
                        %(moedaEstrangeira)s, %(valorNominalMoedaEstrangeira)s, %(dataCotacaoMoedaEstrangeira)s,
                        %(timezoneCotacaoMoedaEstrangeira)s
                    )
                    ON CONFLICT (numeroControlePNCPCompra, numeroItem, sequencialResultado) 
                    DO UPDATE SET
                        nomeRazaoSocialFornecedor = EXCLUDED.nomeRazaoSocialFornecedor,
                        valorUnitarioHomologado = EXCLUDED.valorUnitarioHomologado,
                        valorTotalHomologado = EXCLUDED.valorTotalHomologado,
                        dataAtualizacao = EXCLUDED.dataAtualizacao
                ]
[parameters: {'numeroControlePNCPCompra': '76105550000137-1-000100/2024-000001', 'numeroItem': 4, 'sequencialResultado': 1, 'niFornecedor': '42496258000170', 'nomeRazaoSocialFornecedor': 'METTA FARMACEUTICA LTDA', 'tipoPessoa': 'PJ', 'porteFornecedorId': 1, 'porteFornecedorNome': 'ME', 'valorUnitarioHomologado': 3.1799, 'quantidadeHomologada': 1800.0, 'valorTotalHomologado': 5723.82, 'percentualDesconto': 0.0, 'situacaoCompraItemResultadoId': 1, 'situacaoCompraItemResultadoNome': 'Informado', 'dataResultado': '2024-10-07', 'dataInclusao': '2024-10-07T10:49:10', 'dataAtualizacao': '2024-10-07T10:49:10', 'ordemClassificacaoSrp': 1, 'indicadorSubcontratacao': False, 'aplicacaoMargemPreferencia': False, 'aplicacaoBeneficioMeEpp': True, 'aplicacaoCriterioDesempate': True, 'motivoCancelamento': None, 'dataCancelamento': None, 'codigoPais': 'BRA', 'paisOrigemProdutoServico': None, 'naturezaJuridicaId': '2062', 'naturezaJuridicaNome': 'Sociedade Empresária Limitada', 'amparoLegalMargemPreferencia': None, 'amparoLegalCriterioDesempate': {'id': 148, 'nome': 'Lei 14.133/2021, art. 60, outros incisos', 'descricao': 'Critério de desempate: Utilizar esse código quando a justificativa de de ... (82 characters truncated) ... evistos nos Amparos Legais, códigos 145; 146; e 147, constantes no Manual de Integração do PNCP em seu item 5.15. Amparo Legal.', 'statusAtivo': True}, 'moedaEstrangeira': None, 'valorNominalMoedaEstrangeira': None, 'dataCotacaoMoedaEstrangeira': None, 'timezoneCotacaoMoedaEstrangeira': None}]
(Background on this error at: https://sqlalche.me/e/20/f405)
✅ Lote processado: 99 resultados inseridos
📊 Total acumulado: 52429 resultados
🔖 Checkpoint salvo: último ID = 72815

Processando lote de 100 itens (ID 72816 a 72958)...
✅ Lote processado: 100 resultados inseridos
📊 Total acumulado: 52529 resultados
🔖 Checkpoint salvo: último ID = 72958

Processando lote de 100 itens (ID 72959 a 73058)...
✅ Lote processado: 100 resultados inseridos
📊 Total acumulado: 52629 resultados
🔖 Checkpoint salvo: último ID = 73058

Processando lote de 100 itens (ID 73059 a 73755)...
✅ Lote processado: 100 resultados inseridos
📊 Total acumulado: 52729 resultados
🔖 Checkpoint salvo: último ID = 73755

Processando lote de 100 itens (ID 73756 a 74068)...
✅ Lote processado: 100 resultados inseridos
📊 Total acumulado: 52829 resultados
🔖 Checkpoint salvo: último ID = 74068

Processando lote de 100 itens (ID 74069 a 74175)...
✅ Lote processado: 100 resultados inseridos
📊 Total acumulado: 52929 resultados
🔖 Checkpoint salvo: último ID = 74175

Processando lote de 100 itens (ID 74176 a 74281)...
✅ Lote processado: 101 resultados inseridos
📊 Total acumulado: 53030 resultados
🔖 Checkpoint salvo: último ID = 74281

Processando lote de 100 itens (ID 74283 a 74428)...
✅ Lote processado: 103 resultados inseridos
📊 Total acumulado: 53133 resultados
🔖 Checkpoint salvo: último ID = 74428

Processando lote de 100 itens (ID 74431 a 74692)...
✅ Lote processado: 104 resultados inseridos
📊 Total acumulado: 53237 resultados
🔖 Checkpoint salvo: último ID = 74692

Processando lote de 100 itens (ID 74693 a 74829)...
✅ Lote processado: 130 resultados inseridos
📊 Total acumulado: 53367 resultados
🔖 Checkpoint salvo: último ID = 74829

Processando lote de 100 itens (ID 74830 a 75105)...
✅ Lote processado: 100 resultados inseridos
📊 Total acumulado: 53467 resultados
🔖 Checkpoint salvo: último ID = 75105

Processando lote de 100 itens (ID 75106 a 75207)...
✅ Lote processado: 100 resultados inseridos
📊 Total acumulado: 53567 resultados
🔖 Checkpoint salvo: último ID = 75207

Processando lote de 100 itens (ID 75208 a 75321)...
✅ Lote processado: 101 resultados inseridos
📊 Total acumulado: 53668 resultados
🔖 Checkpoint salvo: último ID = 75321

Processando lote de 100 itens (ID 75322 a 75448)...
✅ Lote processado: 100 resultados inseridos
📊 Total acumulado: 53768 resultados
🔖 Checkpoint salvo: último ID = 75448

Processando lote de 100 itens (ID 75449 a 75582)...
✅ Lote processado: 100 resultados inseridos
📊 Total acumulado: 53868 resultados
🔖 Checkpoint salvo: último ID = 75582

Processando lote de 100 itens (ID 75583 a 75695)...
✅ Lote processado: 100 resultados inseridos
📊 Total acumulado: 53968 resultados
🔖 Checkpoint salvo: último ID = 75695

Processando lote de 100 itens (ID 75697 a 75827)...
✅ Lote processado: 100 resultados inseridos
📊 Total acumulado: 54068 resultados
🔖 Checkpoint salvo: último ID = 75827

Processando lote de 100 itens (ID 75831 a 75995)...
✅ Lote processado: 100 resultados inseridos
📊 Total acumulado: 54168 resultados