2026-06-03 15:33:33,549 [INFO] Iniciando extracao PNCP: 20260603 -> 20260603
2026-06-03 15:33:37,773 [INFO] Tabelas compras_abertas e compras_abertas_itens verificadas/criadas.
2026-06-03 15:33:37,774 [INFO] Iniciando da pagina 1 | Compras salvas: 0 | Itens salvos: 0
2026-06-03 15:33:37,774 [INFO]   Pagina 1...
2026-06-03 15:33:38,181 [INFO]   50 compras recebidas | 50 validas
2026-06-03 15:33:42,132 [INFO]   Baixados 179 itens vinculados.
2026-06-03 15:33:59,242 [INFO]   Pagina 2/5...
2026-06-03 15:33:59,811 [INFO]   50 compras recebidas | 50 validas
2026-06-03 15:34:00,631 [INFO]   Baixados 145 itens vinculados.
2026-06-03 15:34:14,302 [INFO]   Pagina 3/5...
2026-06-03 15:34:14,974 [INFO]   50 compras recebidas | 50 validas
2026-06-03 15:34:15,864 [INFO]   Baixados 146 itens vinculados.
2026-06-03 15:34:30,282 [INFO]   Pagina 4/5...
2026-06-03 15:34:30,861 [INFO]   50 compras recebidas | 50 validas
2026-06-03 15:34:31,674 [INFO]   Baixados 208 itens vinculados.
2026-06-03 15:34:46,402 [INFO]   Pagina 5/5...
2026-06-03 15:34:47,031 [INFO]   22 compras recebidas | 22 validas
2026-06-03 15:34:47,507 [INFO]   Baixados 78 itens vinculados.
2026-06-03 15:34:57,602 [INFO] ============================================================
2026-06-03 15:34:57,602 [INFO] Extracao concluida!
2026-06-03 15:34:57,602 [INFO]   Total compras salvas: 222
2026-06-03 15:34:57,602 [INFO]   Total itens salvos:   756
2026-06-03 15:34:57,610 [INFO] Checkpoint removido (execucao completa).
2026-06-03 15:34:57,611 [INFO] ============================================================
2026-06-03 15:35:29,095 [INFO] Iniciando extracao PNCP: 20260731 -> 20260731
2026-06-03 15:35:31,011 [INFO] Tabelas compras_abertas e compras_abertas_itens verificadas/criadas.
2026-06-03 15:35:31,011 [INFO] Iniciando da pagina 1 | Compras salvas: 0 | Itens salvos: 0
2026-06-03 15:35:31,011 [INFO]   Pagina 1...
2026-06-03 15:35:41,065 [INFO]   50 compras recebidas | 50 validas
2026-06-03 15:35:41,932 [INFO]   Baixados 136 itens vinculados.
2026-06-03 15:35:56,653 [INFO]   Pagina 2/562...
2026-06-03 15:35:57,803 [INFO]   50 compras recebidas | 50 validas
2026-06-03 15:35:58,742 [INFO]   Baixados 245 itens vinculados.
2026-06-03 15:36:14,393 [INFO]   Pagina 3/562...
2026-06-03 15:36:17,415 [INFO]   50 compras recebidas | 50 validas
2026-06-03 15:36:18,492 [INFO]   Baixados 231 itens vinculados.
2026-06-03 15:36:32,903 [INFO]   Pagina 4/562...
2026-06-03 15:36:45,345 [INFO]   50 compras recebidas | 50 validas
2026-06-03 15:36:46,272 [INFO]   Baixados 236 itens vinculados.
2026-06-03 15:37:01,094 [INFO]   Pagina 5/562...
2026-06-03 15:37:02,272 [INFO]   50 compras recebidas | 50 validas
2026-06-03 15:37:03,263 [INFO]   Baixados 234 itens vinculados.
2026-06-03 15:37:18,233 [INFO]   Pagina 6/562...
2026-06-03 15:37:29,235 [INFO]   50 compras recebidas | 50 validas
2026-06-03 15:37:30,173 [INFO]   Baixados 230 itens vinculados.
2026-06-03 15:37:46,753 [INFO]   Pagina 7/562...
2026-06-03 15:37:48,405 [INFO]   50 compras recebidas | 50 validas
2026-06-03 15:37:49,323 [INFO]   Baixados 287 itens vinculados.
2026-06-03 15:38:04,664 [INFO]   Pagina 8/562...
2026-06-03 15:38:09,745 [INFO]   50 compras recebidas | 50 validas
2026-06-03 15:38:10,653 [INFO]   Baixados 196 itens vinculados.
2026-06-03 15:38:26,193 [INFO]   Pagina 9/562...
2026-06-03 15:38:28,216 [INFO]   50 compras recebidas | 50 validas
2026-06-03 15:38:29,126 [INFO]   Baixados 229 itens vinculados.
2026-06-03 15:38:44,493 [INFO]   Pagina 10/562...
2026-06-03 15:38:46,215 [INFO]   50 compras recebidas | 50 validas
2026-06-03 15:38:47,157 [INFO]   Baixados 230 itens vinculados.
2026-06-03 15:39:01,414 [INFO]   Pagina 11/562...
2026-06-03 15:39:02,594 [INFO]   50 compras recebidas | 50 validas
2026-06-03 15:39:03,564 [INFO]   Baixados 244 itens vinculados.
2026-06-03 15:39:19,464 [INFO]   Pagina 12/562...
2026-06-03 15:39:20,234 [INFO]   50 compras recebidas | 50 validas
2026-06-03 15:39:21,054 [INFO]   Baixados 209 itens vinculados.
2026-06-03 15:39:35,225 [INFO]   Pagina 13/562...
2026-06-03 15:39:36,334 [INFO]   50 compras recebidas | 50 validas
2026-06-03 15:39:37,125 [INFO]   Baixados 198 itens vinculados.
2026-06-03 15:39:52,303 [INFO]   Pagina 14/562...
2026-06-03 15:39:52,914 [INFO]   50 compras recebidas | 50 validas
2026-06-03 15:39:53,844 [INFO]   Baixados 187 itens vinculados.
2026-06-03 15:40:08,254 [INFO]   Pagina 15/562...
2026-06-03 15:40:10,426 [INFO]   50 compras recebidas | 50 validas
2026-06-03 15:40:11,405 [INFO]   Baixados 216 itens vinculados.
2026-06-03 15:40:26,276 [INFO]   Pagina 16/562...
2026-06-03 15:40:27,365 [INFO]   50 compras recebidas | 50 validas
2026-06-03 15:40:28,244 [INFO]   Baixados 210 itens vinculados.
2026-06-03 15:40:47,354 [INFO]   Pagina 17/562...
2026-06-03 15:40:48,736 [INFO]   50 compras recebidas | 50 validas
2026-06-03 15:40:49,754 [INFO]   Baixados 247 itens vinculados.
2026-06-03 15:41:04,475 [INFO]   Pagina 18/562...
2026-06-03 15:41:06,218 [INFO]   50 compras recebidas | 50 validas
2026-06-03 15:41:07,094 [INFO]   Baixados 217 itens vinculados.
2026-06-03 15:41:23,516 [INFO]   Pagina 19/562...
2026-06-03 15:41:24,705 [INFO]   50 compras recebidas | 50 validas
2026-06-03 15:41:25,655 [INFO]   Baixados 270 itens vinculados.
2026-06-03 15:41:43,684 [INFO]   Pagina 20/562...
2026-06-03 15:41:44,446 [INFO]   50 compras recebidas | 50 validas
2026-06-03 15:41:45,405 [INFO]   Baixados 255 itens vinculados.
2026-06-03 15:42:04,936 [INFO]   Pagina 21/562...
2026-06-03 15:42:06,225 [INFO]   50 compras recebidas | 50 validas
2026-06-03 15:42:07,115 [INFO]   Baixados 236 itens vinculados.
2026-06-03 15:42:38,726 [INFO]   Pagina 22/562...
2026-06-03 15:42:39,905 [INFO]   50 compras recebidas | 50 validas
2026-06-03 15:42:40,805 [INFO]   Baixados 197 itens vinculados.
2026-06-03 15:42:56,507 [INFO]   Pagina 23/562...
2026-06-03 15:42:57,736 [INFO]   50 compras recebidas | 50 validas
2026-06-03 15:42:58,606 [INFO]   Baixados 216 itens vinculados.
2026-06-03 15:43:16,196 [INFO]   Pagina 24/562...
2026-06-03 15:43:17,247 [INFO]   50 compras recebidas | 50 validas
2026-06-03 15:43:18,127 [INFO]   Baixados 210 itens vinculados.
2026-06-03 15:43:35,207 [INFO]   Pagina 25/562...
2026-06-03 15:43:36,316 [INFO]   50 compras recebidas | 50 validas
2026-06-03 15:43:44,176 [INFO]   Baixados 185 itens vinculados.
2026-06-03 15:43:58,657 [INFO]   Pagina 26/562...
2026-06-03 15:43:59,698 [INFO]   50 compras recebidas | 50 validas
2026-06-03 15:44:00,606 [INFO]   Baixados 198 itens vinculados.
2026-06-03 15:44:15,556 [INFO]   Pagina 27/562...
2026-06-03 15:44:17,198 [INFO]   50 compras recebidas | 50 validas
2026-06-03 15:44:18,077 [INFO]   Baixados 176 itens vinculados.
2026-06-03 15:44:33,388 [INFO]   Pagina 28/562...
2026-06-03 15:44:34,317 [INFO]   50 compras recebidas | 50 validas
2026-06-03 15:44:35,246 [INFO]   Baixados 139 itens vinculados.
2026-06-03 15:44:51,088 [INFO]   Pagina 29/562...
2026-06-03 15:44:52,346 [INFO]   50 compras recebidas | 50 validas
2026-06-03 15:44:53,257 [INFO]   Baixados 149 itens vinculados.
2026-06-03 15:45:07,456 [INFO]   Pagina 30/562...
2026-06-03 15:45:08,736 [INFO]   50 compras recebidas | 50 validas
2026-06-03 15:45:09,627 [INFO]   Baixados 191 itens vinculados.
2026-06-03 15:45:24,188 [INFO]   Pagina 31/562...
2026-06-03 15:45:25,847 [INFO]   50 compras recebidas | 50 validas
2026-06-03 15:45:26,606 [INFO]   Baixados 132 itens vinculados.
2026-06-03 15:45:41,628 [INFO]   Pagina 32/562...
2026-06-03 15:45:43,169 [INFO]   50 compras recebidas | 50 validas
2026-06-03 15:45:44,027 [INFO]   Baixados 252 itens vinculados.
2026-06-03 15:45:59,358 [INFO]   Pagina 33/562...
2026-06-03 15:46:01,411 [INFO]   50 compras recebidas | 50 validas
2026-06-03 15:46:02,319 [INFO]   Baixados 172 itens vinculados.
2026-06-03 15:46:17,228 [INFO]   Pagina 34/562...
2026-06-03 15:46:18,417 [INFO]   50 compras recebidas | 50 validas
2026-06-03 15:46:24,309 [INFO]   Baixados 154 itens vinculados.
2026-06-03 15:46:38,809 [INFO]   Pagina 35/562...
2026-06-03 15:46:40,038 [INFO]   50 compras recebidas | 50 validas
2026-06-03 15:46:40,887 [INFO]   Baixados 168 itens vinculados.
2026-06-03 15:46:54,989 [INFO]   Pagina 36/562...
2026-06-03 15:46:56,228 [INFO]   50 compras recebidas | 50 validas
2026-06-03 15:46:57,088 [INFO]   Baixados 131 itens vinculados.
2026-06-03 15:47:15,219 [INFO]   Pagina 37/562...
2026-06-03 15:47:16,248 [INFO]   50 compras recebidas | 50 validas
2026-06-03 15:47:17,209 [INFO]   Baixados 119 itens vinculados.
2026-06-03 15:47:31,239 [INFO]   Pagina 38/562...
2026-06-03 15:47:32,078 [INFO]   50 compras recebidas | 50 validas
2026-06-03 15:47:32,928 [INFO]   Baixados 163 itens vinculados.
2026-06-03 15:47:49,579 [INFO]   Pagina 39/562...
2026-06-03 15:47:51,070 [INFO]   50 compras recebidas | 50 validas
2026-06-03 15:47:52,078 [INFO]   Baixados 178 itens vinculados.
2026-06-03 15:48:09,748 [INFO]   Pagina 40/562...
2026-06-03 15:48:10,469 [INFO]   50 compras recebidas | 50 validas
2026-06-03 15:48:11,242 [INFO]   Baixados 141 itens vinculados.
2026-06-03 15:48:27,968 [INFO]   Pagina 41/562...
2026-06-03 15:48:29,089 [INFO]   50 compras recebidas | 50 validas
2026-06-03 15:48:30,059 [INFO]   Baixados 132 itens vinculados.
2026-06-03 15:48:43,489 [INFO]   Pagina 42/562...
2026-06-03 15:48:44,950 [INFO]   50 compras recebidas | 50 validas
2026-06-03 15:48:45,777 [INFO]   Baixados 122 itens vinculados.
2026-06-03 15:49:01,940 [INFO]   Pagina 43/562...
2026-06-03 15:49:03,029 [INFO]   50 compras recebidas | 50 validas
2026-06-03 15:49:06,643 [INFO]   Baixados 127 itens vinculados.
2026-06-03 15:49:21,989 [INFO]   Pagina 44/562...
2026-06-03 15:49:23,049 [INFO]   50 compras recebidas | 50 validas
2026-06-03 15:49:23,979 [INFO]   Baixados 177 itens vinculados.
2026-06-03 15:49:38,210 [INFO]   Pagina 45/562...
2026-06-03 15:49:39,269 [INFO]   50 compras recebidas | 50 validas
2026-06-03 15:49:41,543 [INFO]   Baixados 195 itens vinculados.
2026-06-03 15:49:56,552 [INFO]   Pagina 46/562...
2026-06-03 15:49:58,111 [INFO]   50 compras recebidas | 50 validas
2026-06-03 15:50:00,670 [INFO]   Baixados 188 itens vinculados.
2026-06-03 15:50:15,770 [INFO]   Pagina 47/562...
2026-06-03 15:50:17,591 [INFO]   50 compras recebidas | 50 validas
2026-06-03 15:50:19,320 [INFO]   Baixados 149 itens vinculados.
2026-06-03 15:50:32,682 [INFO]   Pagina 48/562...
2026-06-03 15:50:33,879 [INFO]   50 compras recebidas | 50 validas
2026-06-03 15:50:35,040 [INFO]   Baixados 145 itens vinculados.
2026-06-03 15:50:50,079 [INFO]   Pagina 49/562...
2026-06-03 15:50:51,168 [INFO]   50 compras recebidas | 50 validas
2026-06-03 15:50:51,988 [INFO]   Baixados 158 itens vinculados.
2026-06-03 15:51:10,580 [INFO]   Pagina 50/562...
2026-06-03 15:51:11,418 [INFO]   50 compras recebidas | 50 validas
2026-06-03 15:51:12,342 [INFO]   Baixados 164 itens vinculados.
2026-06-03 15:51:28,818 [INFO]   Pagina 51/562...
2026-06-03 15:51:30,990 [INFO]   50 compras recebidas | 50 validas
2026-06-03 15:51:31,805 [INFO]   Baixados 162 itens vinculados.
2026-06-03 15:51:48,136 [INFO]   Pagina 52/562...
2026-06-03 15:51:49,227 [INFO]   50 compras recebidas | 50 validas
2026-06-03 15:51:50,690 [INFO]   Baixados 176 itens vinculados.
2026-06-03 15:52:04,039 [INFO]   Pagina 53/562...
2026-06-03 15:52:05,177 [INFO]   50 compras recebidas | 50 validas
2026-06-03 15:52:06,137 [INFO]   Baixados 163 itens vinculados.
2026-06-03 15:52:23,797 [INFO]   Pagina 54/562...
2026-06-03 15:52:25,086 [INFO]   50 compras recebidas | 50 validas
2026-06-03 15:52:25,996 [INFO]   Baixados 183 itens vinculados.
2026-06-03 15:52:39,936 [INFO]   Pagina 55/562...
2026-06-03 15:52:41,086 [INFO]   50 compras recebidas | 50 validas
2026-06-03 15:52:41,916 [INFO]   Baixados 160 itens vinculados.
2026-06-03 15:52:55,686 [INFO]   Pagina 56/562...
2026-06-03 15:52:57,027 [INFO]   50 compras recebidas | 50 validas
2026-06-03 15:52:57,896 [INFO]   Baixados 175 itens vinculados.
2026-06-03 15:53:12,064 [INFO]   Pagina 57/562...
2026-06-03 15:53:13,235 [INFO]   50 compras recebidas | 50 validas
2026-06-03 15:53:14,205 [INFO]   Baixados 194 itens vinculados.
2026-06-03 15:53:27,145 [INFO]   Pagina 58/562...
2026-06-03 15:53:27,835 [INFO]   50 compras recebidas | 50 validas
2026-06-03 15:53:28,624 [INFO]   Baixados 137 itens vinculados.
2026-06-03 15:53:42,646 [INFO]   Pagina 59/562...
2026-06-03 15:53:43,724 [INFO]   50 compras recebidas | 50 validas
2026-06-03 15:53:44,504 [INFO]   Baixados 189 itens vinculados.
2026-06-03 15:53:56,725 [INFO]   Pagina 60/562...
2026-06-03 15:53:57,624 [INFO]   50 compras recebidas | 50 validas
2026-06-03 15:53:58,444 [INFO]   Baixados 228 itens vinculados.
2026-06-03 15:54:13,883 [INFO]   Pagina 61/562...
2026-06-03 15:54:15,573 [INFO]   50 compras recebidas | 50 validas
2026-06-03 15:54:16,394 [INFO]   Baixados 197 itens vinculados.
2026-06-03 15:54:29,614 [INFO]   Pagina 62/562...
2026-06-03 15:54:30,524 [INFO]   50 compras recebidas | 50 validas
2026-06-03 15:54:31,433 [INFO]   Baixados 223 itens vinculados.
2026-06-03 15:54:47,565 [INFO]   Pagina 63/562...
2026-06-03 15:54:48,323 [INFO]   50 compras recebidas | 50 validas
2026-06-03 15:55:06,186 [INFO]   Baixados 176 itens vinculados.
2026-06-03 15:55:19,274 [INFO]   Pagina 64/562...
2026-06-03 15:55:20,796 [INFO]   50 compras recebidas | 50 validas
2026-06-03 15:55:21,693 [INFO]   Baixados 149 itens vinculados.
2026-06-03 15:55:33,843 [INFO]   Pagina 65/562...
2026-06-03 15:55:34,713 [INFO]   50 compras recebidas | 50 validas
2026-06-03 15:55:35,583 [INFO]   Baixados 192 itens vinculados.
2026-06-03 15:55:49,384 [INFO]   Pagina 66/562...
2026-06-03 15:55:50,273 [INFO]   50 compras recebidas | 50 validas
2026-06-03 15:55:51,133 [INFO]   Baixados 166 itens vinculados.
2026-06-03 15:56:07,643 [INFO]   Pagina 67/562...
2026-06-03 15:56:08,533 [INFO]   50 compras recebidas | 50 validas
2026-06-03 15:56:25,765 [INFO]   Baixados 153 itens vinculados.
2026-06-03 15:56:41,023 [INFO]   Pagina 68/562...
2026-06-03 15:56:47,864 [INFO]   50 compras recebidas | 50 validas
2026-06-03 15:56:56,074 [INFO]   Baixados 196 itens vinculados.
2026-06-03 15:57:13,282 [INFO]   Pagina 69/562...
2026-06-03 15:57:14,454 [INFO]   50 compras recebidas | 50 validas
2026-06-03 15:57:25,024 [INFO]   Baixados 165 itens vinculados.
2026-06-03 15:57:42,492 [INFO]   Pagina 70/562...
2026-06-03 15:57:43,271 [INFO]   50 compras recebidas | 50 validas
2026-06-03 15:58:05,785 [INFO]   Baixados 244 itens vinculados.
2026-06-03 15:58:21,882 [INFO]   Pagina 71/562...
2026-06-03 15:58:23,062 [INFO]   50 compras recebidas | 50 validas
2026-06-03 15:58:29,621 [INFO]   Baixados 199 itens vinculados.
2026-06-03 15:58:43,301 [INFO]   Pagina 72/562...
2026-06-03 15:58:46,071 [INFO]   50 compras recebidas | 50 validas
2026-06-03 15:58:50,323 [INFO]   Baixados 219 itens vinculados.
2026-06-03 15:59:05,101 [INFO]   Pagina 73/562...
2026-06-03 15:59:06,260 [INFO]   50 compras recebidas | 50 validas
2026-06-03 15:59:24,162 [INFO]   Baixados 209 itens vinculados.
2026-06-03 15:59:37,970 [INFO]   Pagina 74/562...
2026-06-03 15:59:39,643 [INFO]   50 compras recebidas | 50 validas
2026-06-03 15:59:40,501 [INFO]   Baixados 243 itens vinculados.
2026-06-03 15:59:58,871 [INFO]   Pagina 75/562...
2026-06-03 15:59:59,781 [INFO]   50 compras recebidas | 50 validas
2026-06-03 16:00:01,844 [INFO]   Baixados 207 itens vinculados.
2026-06-03 16:00:18,801 [INFO]   Pagina 76/562...
2026-06-03 16:02:56,911 [ERROR]   Pagina 76: falhou apos 3 tentativas. Sera pulada.
2026-06-03 16:02:56,911 [WARNING]   Pagina 76 falhou permanentemente. Pulando.
2026-06-03 16:02:59,912 [INFO]   Pagina 77/562...
2026-06-03 16:03:30,300 [INFO]   50 compras recebidas | 50 validas
2026-06-03 16:03:31,270 [INFO]   Baixados 176 itens vinculados.
2026-06-03 16:03:47,820 [INFO]   Pagina 78/562...
2026-06-03 16:03:48,660 [INFO]   50 compras recebidas | 50 validas
2026-06-03 16:03:49,720 [INFO]   Baixados 240 itens vinculados.
2026-06-03 16:04:04,131 [INFO]   Pagina 79/562...
2026-06-03 16:04:05,481 [INFO]   50 compras recebidas | 50 validas
2026-06-03 16:04:06,370 [INFO]   Baixados 240 itens vinculados.
2026-06-03 16:04:22,839 [INFO]   Pagina 80/562...
2026-06-03 16:04:24,612 [INFO]   50 compras recebidas | 50 validas
2026-06-03 16:04:25,499 [INFO]   Baixados 142 itens vinculados.
2026-06-03 16:04:39,650 [INFO]   Pagina 81/562...
2026-06-03 16:04:40,483 [INFO]   50 compras recebidas | 50 validas
2026-06-03 16:04:41,299 [INFO]   Baixados 198 itens vinculados.
2026-06-03 16:04:54,660 [INFO]   Pagina 82/562...
2026-06-03 16:04:55,780 [INFO]   50 compras recebidas | 50 validas
2026-06-03 16:04:56,620 [INFO]   Baixados 239 itens vinculados.
2026-06-03 16:05:09,420 [INFO]   Pagina 83/562...
2026-06-03 16:05:11,151 [INFO]   50 compras recebidas | 50 validas
2026-06-03 16:05:11,950 [INFO]   Baixados 200 itens vinculados.
2026-06-03 16:05:25,850 [INFO]   Pagina 84/562...
2026-06-03 16:05:27,522 [INFO]   50 compras recebidas | 50 validas
2026-06-03 16:05:28,398 [INFO]   Baixados 198 itens vinculados.
2026-06-03 16:05:40,959 [INFO]   Pagina 85/562...
2026-06-03 16:05:42,149 [INFO]   50 compras recebidas | 50 validas
2026-06-03 16:05:43,080 [INFO]   Baixados 240 itens vinculados.
2026-06-03 16:05:56,422 [INFO]   Pagina 86/562...
2026-06-03 16:05:57,690 [INFO]   50 compras recebidas | 50 validas
2026-06-03 16:05:58,530 [INFO]   Baixados 223 itens vinculados.
2026-06-03 16:06:13,630 [INFO]   Pagina 87/562...
2026-06-03 16:06:15,131 [INFO]   50 compras recebidas | 50 validas
2026-06-03 16:06:16,000 [INFO]   Baixados 178 itens vinculados.
2026-06-03 16:06:30,640 [INFO]   Pagina 88/562...
2026-06-03 16:06:33,042 [INFO]   50 compras recebidas | 50 validas
2026-06-03 16:06:33,879 [INFO]   Baixados 208 itens vinculados.
2026-06-03 16:06:45,780 [INFO]   Pagina 89/562...
2026-06-03 16:06:47,181 [INFO]   50 compras recebidas | 50 validas
2026-06-03 16:06:48,090 [INFO]   Baixados 175 itens vinculados.
2026-06-03 16:07:00,441 [INFO]   Pagina 90/562...
2026-06-03 16:07:01,992 [INFO]   50 compras recebidas | 50 validas
2026-06-03 16:07:02,830 [INFO]   Baixados 182 itens vinculados.
2026-06-03 16:07:15,820 [INFO]   Pagina 91/562...
2026-06-03 16:07:16,930 [INFO]   50 compras recebidas | 50 validas
2026-06-03 16:07:17,781 [INFO]   Baixados 203 itens vinculados.
2026-06-03 16:07:32,281 [INFO]   Pagina 92/562...
2026-06-03 16:07:33,239 [INFO]   50 compras recebidas | 50 validas
2026-06-03 16:07:50,884 [INFO]   Baixados 175 itens vinculados.
2026-06-03 16:08:04,742 [INFO]   Pagina 93/562...
2026-06-03 16:08:06,281 [INFO]   50 compras recebidas | 50 validas
2026-06-03 16:08:07,139 [INFO]   Baixados 201 itens vinculados.
2026-06-03 16:08:20,790 [INFO]   Pagina 94/562...
2026-06-03 16:08:21,980 [INFO]   50 compras recebidas | 50 validas
2026-06-03 16:08:22,807 [INFO]   Baixados 239 itens vinculados.
2026-06-03 16:08:36,069 [INFO]   Pagina 95/562...
2026-06-03 16:08:37,350 [INFO]   50 compras recebidas | 50 validas
2026-06-03 16:08:38,382 [INFO]   Baixados 219 itens vinculados.
2026-06-03 16:08:53,319 [INFO]   Pagina 96/562...
2026-06-03 16:08:54,980 [INFO]   50 compras recebidas | 50 validas
2026-06-03 16:08:55,790 [INFO]   Baixados 224 itens vinculados.
2026-06-03 16:09:08,899 [INFO]   Pagina 97/562...
2026-06-03 16:09:09,800 [INFO]   50 compras recebidas | 50 validas
2026-06-03 16:09:10,620 [INFO]   Baixados 231 itens vinculados.
2026-06-03 16:09:35,471 [INFO]   Pagina 98/562...
2026-06-03 16:09:36,220 [INFO]   50 compras recebidas | 50 validas
2026-06-03 16:09:37,140 [INFO]   Baixados 181 itens vinculados.
2026-06-03 16:09:51,891 [INFO]   Pagina 99/562...
2026-06-03 16:09:52,861 [INFO]   50 compras recebidas | 50 validas
2026-06-03 16:09:53,759 [INFO]   Baixados 256 itens vinculados.
2026-06-03 16:10:09,470 [INFO]   Pagina 100/562...
2026-06-03 16:10:10,662 [INFO]   50 compras recebidas | 50 validas
2026-06-03 16:10:11,570 [INFO]   Baixados 202 itens vinculados.
2026-06-03 16:10:28,009 [INFO]   Pagina 101/562...
2026-06-03 16:10:29,382 [INFO]   50 compras recebidas | 50 validas
2026-06-03 16:10:30,321 [INFO]   Baixados 187 itens vinculados.
2026-06-03 16:10:44,842 [INFO]   Pagina 102/562...
2026-06-03 16:10:46,942 [INFO]   50 compras recebidas | 50 validas
2026-06-03 16:10:49,262 [INFO]   Baixados 198 itens vinculados.
2026-06-03 16:11:03,120 [INFO]   Pagina 103/562...
2026-06-03 16:11:04,300 [INFO]   50 compras recebidas | 50 validas
2026-06-03 16:11:05,090 [INFO]   Baixados 197 itens vinculados.
2026-06-03 16:11:18,180 [INFO]   Pagina 104/562...
2026-06-03 16:11:20,760 [INFO]   50 compras recebidas | 50 validas
2026-06-03 16:11:21,660 [INFO]   Baixados 197 itens vinculados.
2026-06-03 16:11:34,250 [INFO]   Pagina 105/562...
2026-06-03 16:11:35,561 [INFO]   50 compras recebidas | 50 validas
2026-06-03 16:11:36,460 [INFO]   Baixados 274 itens vinculados.
2026-06-03 16:11:48,901 [INFO]   Pagina 106/562...
2026-06-03 16:11:50,381 [INFO]   50 compras recebidas | 50 validas
2026-06-03 16:11:51,271 [INFO]   Baixados 215 itens vinculados.
2026-06-03 16:12:03,900 [INFO]   Pagina 107/562...
2026-06-03 16:12:06,041 [INFO]   50 compras recebidas | 50 validas
2026-06-03 16:12:06,930 [INFO]   Baixados 214 itens vinculados.
2026-06-03 16:12:21,560 [INFO]   Pagina 108/562...
2026-06-03 16:12:23,131 [INFO]   50 compras recebidas | 50 validas
2026-06-03 16:12:24,060 [INFO]   Baixados 162 itens vinculados.
2026-06-03 16:12:37,400 [INFO]   Pagina 109/562...
2026-06-03 16:12:39,210 [INFO]   50 compras recebidas | 50 validas
2026-06-03 16:12:40,070 [INFO]   Baixados 200 itens vinculados.
2026-06-03 16:12:53,100 [INFO]   Pagina 110/562...
2026-06-03 16:12:54,242 [INFO]   50 compras recebidas | 50 validas
2026-06-03 16:13:00,410 [INFO]   Baixados 210 itens vinculados.
2026-06-03 16:13:15,122 [INFO]   Pagina 111/562...
2026-06-03 16:13:16,280 [INFO]   50 compras recebidas | 50 validas
2026-06-03 16:13:17,241 [INFO]   Baixados 236 itens vinculados.
2026-06-03 16:13:30,931 [INFO]   Pagina 112/562...
2026-06-03 16:13:32,031 [INFO]   50 compras recebidas | 50 validas
2026-06-03 16:13:32,980 [INFO]   Baixados 217 itens vinculados.
2026-06-03 16:13:51,941 [INFO]   Pagina 113/562...
2026-06-03 16:13:53,031 [INFO]   50 compras recebidas | 50 validas
2026-06-03 16:13:53,827 [INFO]   Baixados 231 itens vinculados.
2026-06-03 16:14:06,630 [INFO]   Pagina 114/562...
2026-06-03 16:14:07,603 [INFO]   50 compras recebidas | 50 validas
2026-06-03 16:14:08,412 [INFO]   Baixados 170 itens vinculados.
2026-06-03 16:14:22,501 [INFO]   Pagina 115/562...
2026-06-03 16:14:24,212 [INFO]   50 compras recebidas | 50 validas
2026-06-03 16:14:25,020 [INFO]   Baixados 239 itens vinculados.
2026-06-03 16:14:39,550 [INFO]   Pagina 116/562...
2026-06-03 16:14:41,082 [INFO]   50 compras recebidas | 50 validas
2026-06-03 16:14:41,932 [INFO]   Baixados 196 itens vinculados.
2026-06-03 16:14:55,660 [INFO]   Pagina 117/562...
2026-06-03 16:14:56,782 [INFO]   50 compras recebidas | 50 validas
2026-06-03 16:14:57,622 [INFO]   Baixados 171 itens vinculados.
2026-06-03 16:15:10,520 [INFO]   Pagina 118/562...
2026-06-03 16:15:12,402 [INFO]   50 compras recebidas | 50 validas
2026-06-03 16:15:13,262 [INFO]   Baixados 221 itens vinculados.
2026-06-03 16:15:26,536 [INFO]   Pagina 119/562...
2026-06-03 16:15:27,783 [INFO]   50 compras recebidas | 50 validas
2026-06-03 16:15:28,701 [INFO]   Baixados 263 itens vinculados.
2026-06-03 16:15:42,891 [INFO]   Pagina 120/562...
2026-06-03 16:15:45,103 [INFO]   50 compras recebidas | 50 validas
2026-06-03 16:15:45,996 [INFO]   Baixados 311 itens vinculados.
2026-06-03 16:15:58,841 [INFO]   Pagina 121/562...
2026-06-03 16:16:00,101 [INFO]   50 compras recebidas | 50 validas
2026-06-03 16:16:01,653 [INFO]   Baixados 259 itens vinculados.
2026-06-03 16:16:16,471 [INFO]   Pagina 122/562...
2026-06-03 16:16:18,163 [INFO]   50 compras recebidas | 50 validas
2026-06-03 16:16:19,153 [INFO]   Baixados 238 itens vinculados.
2026-06-03 16:16:31,381 [INFO]   Pagina 123/562...
2026-06-03 16:16:32,594 [INFO]   50 compras recebidas | 50 validas
2026-06-03 16:16:33,473 [INFO]   Baixados 212 itens vinculados.
2026-06-03 16:16:48,381 [INFO]   Pagina 124/562...
2026-06-03 16:16:50,072 [INFO]   50 compras recebidas | 50 validas
2026-06-03 16:16:50,986 [INFO]   Baixados 244 itens vinculados.
2026-06-03 16:17:08,322 [INFO]   Pagina 125/562...
2026-06-03 16:17:09,462 [INFO]   50 compras recebidas | 50 validas
2026-06-03 16:17:10,274 [INFO]   Baixados 201 itens vinculados.
2026-06-03 16:17:24,112 [INFO]   Pagina 126/562...
2026-06-03 16:17:25,362 [INFO]   50 compras recebidas | 50 validas
2026-06-03 16:17:42,703 [INFO]   Baixados 216 itens vinculados.
2026-06-03 16:17:57,722 [INFO]   Pagina 127/562...
2026-06-03 16:17:58,922 [INFO]   50 compras recebidas | 50 validas
2026-06-03 16:18:04,712 [INFO]   Baixados 152 itens vinculados.
2026-06-03 16:18:19,142 [INFO]   Pagina 128/562...
2026-06-03 16:18:20,183 [INFO]   50 compras recebidas | 50 validas
2026-06-03 16:18:21,073 [INFO]   Baixados 187 itens vinculados.
2026-06-03 16:18:33,583 [INFO]   Pagina 129/562...
2026-06-03 16:18:34,744 [INFO]   50 compras recebidas | 50 validas
2026-06-03 16:18:35,643 [INFO]   Baixados 200 itens vinculados.
2026-06-03 16:18:48,619 [INFO]   Pagina 130/562...
2026-06-03 16:18:49,723 [INFO]   50 compras recebidas | 50 validas
2026-06-03 16:18:51,494 [INFO]   Baixados 222 itens vinculados.
2026-06-03 16:19:04,983 [INFO]   Pagina 131/562...
2026-06-03 16:19:05,963 [INFO]   50 compras recebidas | 50 validas
2026-06-03 16:19:09,395 [INFO]   Baixados 216 itens vinculados.
2026-06-03 16:19:23,253 [INFO]   Pagina 132/562...
2026-06-03 16:19:24,304 [INFO]   50 compras recebidas | 50 validas
2026-06-03 16:19:29,653 [INFO]   Baixados 212 itens vinculados.
2026-06-03 16:19:43,943 [INFO]   Pagina 133/562...
2026-06-03 16:19:44,683 [INFO]   50 compras recebidas | 50 validas
2026-06-03 16:19:46,533 [INFO]   Baixados 188 itens vinculados.
2026-06-03 16:19:58,441 [INFO]   Pagina 134/562...
2026-06-03 16:19:59,734 [INFO]   50 compras recebidas | 50 validas
2026-06-03 16:20:00,642 [INFO]   Baixados 232 itens vinculados.
2026-06-03 16:20:13,853 [INFO]   Pagina 135/562...
2026-06-03 16:20:15,122 [INFO]   50 compras recebidas | 50 validas
2026-06-03 16:20:19,694 [INFO]   Baixados 208 itens vinculados.
2026-06-03 16:20:31,513 [INFO]   Pagina 136/562...
2026-06-03 16:20:32,874 [INFO]   50 compras recebidas | 50 validas
2026-06-03 16:20:38,254 [INFO]   Baixados 286 itens vinculados.
2026-06-03 16:20:50,242 [INFO]   Pagina 137/562...
2026-06-03 16:20:51,294 [INFO]   50 compras recebidas | 50 validas
2026-06-03 16:20:54,257 [INFO]   Baixados 186 itens vinculados.
2026-06-03 16:21:06,093 [INFO]   Pagina 138/562...
2026-06-03 16:21:08,164 [INFO]   50 compras recebidas | 50 validas
2026-06-03 16:21:12,074 [INFO]   Baixados 181 itens vinculados.
2026-06-03 16:21:25,502 [INFO]   Pagina 139/562...
2026-06-03 16:21:26,783 [INFO]   50 compras recebidas | 50 validas
2026-06-03 16:21:27,714 [INFO]   Baixados 234 itens vinculados.
2026-06-03 16:21:40,781 [INFO]   Pagina 140/562...
2026-06-03 16:21:41,602 [INFO]   50 compras recebidas | 50 validas
2026-06-03 16:21:42,484 [INFO]   Baixados 276 itens vinculados.
2026-06-03 16:21:57,453 [INFO]   Pagina 141/562...
2026-06-03 16:21:58,644 [INFO]   50 compras recebidas | 50 validas
2026-06-03 16:21:59,452 [INFO]   Baixados 206 itens vinculados.
2026-06-03 16:22:14,272 [INFO]   Pagina 142/562...
2026-06-03 16:22:15,495 [INFO]   50 compras recebidas | 50 validas
2026-06-03 16:22:32,875 [INFO]   Baixados 187 itens vinculados.
2026-06-03 16:22:45,433 [INFO]   Pagina 143/562...
2026-06-03 16:22:46,161 [INFO]   50 compras recebidas | 50 validas
2026-06-03 16:22:51,033 [INFO]   Baixados 171 itens vinculados.
2026-06-03 16:23:05,233 [INFO]   Pagina 144/562...
2026-06-03 16:23:06,024 [INFO]   50 compras recebidas | 50 validas
2026-06-03 16:23:06,905 [INFO]   Baixados 242 itens vinculados.
2026-06-03 16:23:19,142 [INFO]   Pagina 145/562...
2026-06-03 16:23:21,585 [INFO]   50 compras recebidas | 50 validas
2026-06-03 16:23:22,463 [INFO]   Baixados 238 itens vinculados.
2026-06-03 16:23:36,043 [INFO]   Pagina 146/562...
2026-06-03 16:23:37,664 [INFO]   50 compras recebidas | 50 validas
2026-06-03 16:23:38,494 [INFO]   Baixados 173 itens vinculados.
2026-06-03 16:23:52,762 [INFO]   Pagina 147/562...
2026-06-03 16:23:53,945 [INFO]   50 compras recebidas | 50 validas
2026-06-03 16:23:54,902 [INFO]   Baixados 240 itens vinculados.
2026-06-03 16:24:08,155 [INFO]   Pagina 148/562...
2026-06-03 16:24:09,395 [INFO]   50 compras recebidas | 50 validas
2026-06-03 16:24:10,312 [INFO]   Baixados 241 itens vinculados.
2026-06-03 16:24:23,364 [INFO]   Pagina 149/562...
2026-06-03 16:24:24,396 [INFO]   50 compras recebidas | 50 validas
2026-06-03 16:24:25,313 [INFO]   Baixados 257 itens vinculados.
2026-06-03 16:24:38,333 [INFO]   Pagina 150/562...
2026-06-03 16:24:40,174 [INFO]   50 compras recebidas | 50 validas
2026-06-03 16:24:41,025 [INFO]   Baixados 216 itens vinculados.
2026-06-03 16:24:53,635 [INFO]   Pagina 151/562...
2026-06-03 16:24:54,345 [INFO]   50 compras recebidas | 50 validas
2026-06-03 16:24:55,146 [INFO]   Baixados 225 itens vinculados.
2026-06-03 16:25:07,304 [INFO]   Pagina 152/562...
2026-06-03 16:25:08,624 [INFO]   50 compras recebidas | 50 validas
2026-06-03 16:25:09,537 [INFO]   Baixados 248 itens vinculados.
2026-06-03 16:25:24,816 [INFO]   Pagina 153/562...
2026-06-03 16:25:26,166 [INFO]   50 compras recebidas | 50 validas
2026-06-03 16:25:26,956 [INFO]   Baixados 178 itens vinculados.
2026-06-03 16:25:41,923 [INFO]   Pagina 154/562...
2026-06-03 16:25:42,886 [INFO]   50 compras recebidas | 50 validas
2026-06-03 16:25:43,678 [INFO]   Baixados 277 itens vinculados.
2026-06-03 16:25:57,496 [INFO]   Pagina 155/562...
2026-06-03 16:25:59,218 [INFO]   50 compras recebidas | 50 validas
2026-06-03 16:26:05,029 [INFO]   Baixados 185 itens vinculados.
2026-06-03 16:26:18,848 [INFO]   Pagina 156/562...
2026-06-03 16:26:19,709 [INFO]   50 compras recebidas | 50 validas
2026-06-03 16:26:20,671 [INFO]   Baixados 224 itens vinculados.
2026-06-03 16:26:32,319 [INFO]   Pagina 157/562...
2026-06-03 16:26:33,387 [INFO]   50 compras recebidas | 50 validas
2026-06-03 16:26:34,269 [INFO]   Baixados 247 itens vinculados.
2026-06-03 16:26:51,079 [INFO]   Pagina 158/562...
2026-06-03 16:26:52,122 [INFO]   50 compras recebidas | 50 validas
2026-06-03 16:26:52,941 [INFO]   Baixados 214 itens vinculados.
2026-06-03 16:27:05,259 [INFO]   Pagina 159/562...
2026-06-03 16:27:06,331 [INFO]   50 compras recebidas | 50 validas
2026-06-03 16:27:08,329 [INFO]   Baixados 224 itens vinculados.
2026-06-03 16:27:20,409 [INFO]   Pagina 160/562...
2026-06-03 16:27:21,622 [INFO]   50 compras recebidas | 50 validas
2026-06-03 16:27:22,699 [INFO]   Baixados 191 itens vinculados.
2026-06-03 16:27:38,510 [INFO]   Pagina 161/562...
2026-06-03 16:27:39,571 [INFO]   50 compras recebidas | 50 validas
2026-06-03 16:27:40,421 [INFO]   Baixados 219 itens vinculados.
2026-06-03 16:27:52,371 [INFO]   Pagina 162/562...
2026-06-03 16:27:53,582 [INFO]   50 compras recebidas | 50 validas
2026-06-03 16:27:54,431 [INFO]   Baixados 217 itens vinculados.
2026-06-03 16:28:07,991 [INFO]   Pagina 163/562...
2026-06-03 16:28:08,592 [INFO]   50 compras recebidas | 50 validas
2026-06-03 16:28:09,484 [INFO]   Baixados 244 itens vinculados.
2026-06-03 16:28:22,181 [INFO]   Pagina 164/562...
2026-06-03 16:28:23,163 [INFO]   50 compras recebidas | 50 validas
2026-06-03 16:28:25,433 [INFO]   Baixados 185 itens vinculados.
2026-06-03 16:28:37,662 [INFO]   Pagina 165/562...
2026-06-03 16:28:38,600 [INFO]   50 compras recebidas | 50 validas
2026-06-03 16:28:41,621 [INFO]   Baixados 232 itens vinculados.
2026-06-03 16:28:56,601 [INFO]   Pagina 166/562...
2026-06-03 16:28:57,792 [INFO]   50 compras recebidas | 50 validas
2026-06-03 16:28:58,711 [INFO]   Baixados 185 itens vinculados.
2026-06-03 16:29:16,083 [INFO]   Pagina 167/562...
2026-06-03 16:29:17,835 [INFO]   50 compras recebidas | 50 validas
2026-06-03 16:29:18,694 [INFO]   Baixados 241 itens vinculados.
2026-06-03 16:29:30,752 [INFO]   Pagina 168/562...
2026-06-03 16:29:31,722 [INFO]   50 compras recebidas | 50 validas
2026-06-03 16:29:32,596 [INFO]   Baixados 225 itens vinculados.
2026-06-03 16:29:46,865 [INFO]   Pagina 169/562...
2026-06-03 16:29:47,865 [INFO]   50 compras recebidas | 50 validas
2026-06-03 16:29:48,700 [INFO]   Baixados 245 itens vinculados.
2026-06-03 16:30:00,594 [INFO]   Pagina 170/562...
2026-06-03 16:30:01,823 [INFO]   50 compras recebidas | 50 validas
2026-06-03 16:30:02,753 [INFO]   Baixados 209 itens vinculados.
2026-06-03 16:30:17,144 [INFO]   Pagina 171/562...
2026-06-03 16:30:18,493 [INFO]   50 compras recebidas | 50 validas
2026-06-03 16:30:19,386 [INFO]   Baixados 233 itens vinculados.
2026-06-03 16:30:32,805 [INFO]   Pagina 172/562...
2026-06-03 16:30:34,554 [INFO]   50 compras recebidas | 50 validas
2026-06-03 16:30:35,464 [INFO]   Baixados 223 itens vinculados.
2026-06-03 16:30:49,573 [INFO]   Pagina 173/562...
2026-06-03 16:30:50,515 [INFO]   50 compras recebidas | 50 validas
2026-06-03 16:30:51,426 [INFO]   Baixados 255 itens vinculados.
2026-06-03 16:31:04,095 [INFO]   Pagina 174/562...
2026-06-03 16:31:13,265 [INFO]   50 compras recebidas | 50 validas
2026-06-03 16:31:14,286 [INFO]   Baixados 293 itens vinculados.
2026-06-03 16:31:27,996 [INFO]   Pagina 175/562...
2026-06-03 16:31:29,245 [INFO]   50 compras recebidas | 50 validas
2026-06-03 16:31:30,087 [INFO]   Baixados 241 itens vinculados.
2026-06-03 16:31:41,976 [INFO]   Pagina 176/562...
2026-06-03 16:31:43,168 [INFO]   50 compras recebidas | 50 validas
2026-06-03 16:31:44,003 [INFO]   Baixados 200 itens vinculados.
2026-06-03 16:31:58,546 [INFO]   Pagina 177/562...
2026-06-03 16:31:59,648 [INFO]   50 compras recebidas | 50 validas
2026-06-03 16:32:04,588 [INFO]   Baixados 254 itens vinculados.
2026-06-03 16:32:19,876 [INFO]   Pagina 178/562...
2026-06-03 16:32:20,536 [INFO]   50 compras recebidas | 50 validas
2026-06-03 16:32:21,336 [INFO]   Baixados 207 itens vinculados.
2026-06-03 16:32:33,596 [INFO]   Pagina 179/562...
2026-06-03 16:32:35,518 [INFO]   50 compras recebidas | 50 validas
2026-06-03 16:32:36,305 [INFO]   Baixados 228 itens vinculados.
2026-06-03 16:32:48,417 [INFO]   Pagina 180/562...
2026-06-03 16:32:49,279 [INFO]   50 compras recebidas | 50 validas
2026-06-03 16:32:50,065 [INFO]   Baixados 271 itens vinculados.
2026-06-03 16:33:03,202 [INFO]   Pagina 181/562...
2026-06-03 16:33:04,560 [INFO]   50 compras recebidas | 50 validas
2026-06-03 16:33:05,508 [INFO]   Baixados 208 itens vinculados.
2026-06-03 16:33:21,058 [INFO]   Pagina 182/562...
2026-06-03 16:33:22,200 [INFO]   50 compras recebidas | 50 validas
2026-06-03 16:33:23,080 [INFO]   Baixados 210 itens vinculados.
2026-06-03 16:33:37,489 [INFO]   Pagina 183/562...
2026-06-03 16:33:39,455 [INFO]   50 compras recebidas | 50 validas
2026-06-03 16:33:40,293 [INFO]   Baixados 232 itens vinculados.
2026-06-03 16:33:53,767 [INFO]   Pagina 184/562...
2026-06-03 16:33:55,050 [INFO]   50 compras recebidas | 50 validas
2026-06-03 16:33:55,814 [INFO]   Baixados 229 itens vinculados.
2026-06-03 16:34:10,718 [INFO]   Pagina 185/562...
2026-06-03 16:34:11,980 [INFO]   50 compras recebidas | 50 validas
2026-06-03 16:34:15,280 [INFO]   Baixados 192 itens vinculados.
2026-06-03 16:34:28,829 [INFO]   Pagina 186/562...
2026-06-03 16:34:30,390 [INFO]   50 compras recebidas | 50 validas
2026-06-03 16:34:35,481 [INFO]   Baixados 243 itens vinculados.
2026-06-03 16:34:48,569 [INFO]   Pagina 187/562...
2026-06-03 16:34:49,982 [INFO]   50 compras recebidas | 50 validas
2026-06-03 16:34:50,762 [INFO]   Baixados 275 itens vinculados.
2026-06-03 16:35:04,059 [INFO]   Pagina 188/562...
2026-06-03 16:35:05,029 [INFO]   50 compras recebidas | 50 validas
2026-06-03 16:35:05,919 [INFO]   Baixados 178 itens vinculados.
2026-06-03 16:35:26,299 [INFO]   Pagina 189/562...
2026-06-03 16:35:27,603 [INFO]   50 compras recebidas | 50 validas
2026-06-03 16:35:28,461 [INFO]   Baixados 261 itens vinculados.
2026-06-03 16:35:42,010 [INFO]   Pagina 190/562...
2026-06-03 16:35:43,025 [INFO]   50 compras recebidas | 50 validas
2026-06-03 16:35:44,221 [INFO]   Baixados 269 itens vinculados.
2026-06-03 16:36:05,464 [INFO]   Pagina 191/562...
2026-06-03 16:36:06,511 [INFO]   50 compras recebidas | 50 validas
2026-06-03 16:36:07,331 [INFO]   Baixados 194 itens vinculados.
2026-06-03 16:36:20,231 [INFO]   Pagina 192/562...
2026-06-03 16:36:20,872 [INFO]   50 compras recebidas | 50 validas
2026-06-03 16:36:21,644 [INFO]   Baixados 206 itens vinculados.
2026-06-03 16:36:35,361 [INFO]   Pagina 193/562...
2026-06-03 16:36:35,974 [INFO]   50 compras recebidas | 50 validas
2026-06-03 16:36:37,165 [INFO]   Baixados 222 itens vinculados.
2026-06-03 16:36:50,091 [INFO]   Pagina 194/562...
2026-06-03 16:36:51,042 [INFO]   50 compras recebidas | 50 validas
2026-06-03 16:36:51,872 [INFO]   Baixados 277 itens vinculados.
2026-06-03 16:37:05,082 [INFO]   Pagina 195/562...
2026-06-03 16:37:06,284 [INFO]   50 compras recebidas | 50 validas
2026-06-03 16:37:07,228 [INFO]   Baixados 177 itens vinculados.
2026-06-03 16:37:19,561 [INFO]   Pagina 196/562...
2026-06-03 16:37:20,323 [INFO]   50 compras recebidas | 50 validas
2026-06-03 16:37:21,149 [INFO]   Baixados 214 itens vinculados.
2026-06-03 16:37:33,612 [INFO]   Pagina 197/562...
2026-06-03 16:37:34,294 [INFO]   50 compras recebidas | 50 validas
2026-06-03 16:37:35,232 [INFO]   Baixados 229 itens vinculados.
2026-06-03 16:37:47,151 [INFO]   Pagina 198/562...
2026-06-03 16:37:48,142 [INFO]   50 compras recebidas | 50 validas
2026-06-03 16:37:48,962 [INFO]   Baixados 235 itens vinculados.
2026-06-03 16:38:02,281 [INFO]   Pagina 199/562...
2026-06-03 16:38:03,323 [INFO]   50 compras recebidas | 50 validas
2026-06-03 16:38:04,202 [INFO]   Baixados 273 itens vinculados.
2026-06-03 16:38:17,101 [INFO]   Pagina 200/562...
2026-06-03 16:38:17,943 [INFO]   50 compras recebidas | 50 validas
2026-06-03 16:38:18,859 [INFO]   Baixados 224 itens vinculados.
2026-06-03 16:38:33,482 [INFO]   Pagina 201/562...
2026-06-03 16:38:34,792 [INFO]   50 compras recebidas | 50 validas
2026-06-03 16:38:35,632 [INFO]   Baixados 258 itens vinculados.
2026-06-03 16:38:47,972 [INFO]   Pagina 202/562...
2026-06-03 16:38:49,114 [INFO]   50 compras recebidas | 50 validas
2026-06-03 16:38:50,015 [INFO]   Baixados 233 itens vinculados.
2026-06-03 16:39:02,255 [INFO]   Pagina 203/562...
2026-06-03 16:39:03,224 [INFO]   50 compras recebidas | 50 validas
2026-06-03 16:39:12,363 [INFO]   Baixados 213 itens vinculados.
2026-06-03 16:39:25,653 [INFO]   Pagina 204/562...
2026-06-03 16:39:26,754 [INFO]   50 compras recebidas | 50 validas
2026-06-03 16:39:27,693 [INFO]   Baixados 258 itens vinculados.
2026-06-03 16:39:40,393 [INFO]   Pagina 205/562...
2026-06-03 16:39:41,586 [INFO]   50 compras recebidas | 50 validas
2026-06-03 16:39:42,412 [INFO]   Baixados 307 itens vinculados.
2026-06-03 16:39:55,644 [INFO]   Pagina 206/562...
2026-06-03 16:39:56,744 [INFO]   50 compras recebidas | 50 validas
2026-06-03 16:39:57,594 [INFO]   Baixados 252 itens vinculados.
2026-06-03 16:40:10,383 [INFO]   Pagina 207/562...
2026-06-03 16:40:11,605 [INFO]   50 compras recebidas | 50 validas
2026-06-03 16:40:12,432 [INFO]   Baixados 240 itens vinculados.
2026-06-03 16:40:24,433 [INFO]   Pagina 208/562...
2026-06-03 16:40:25,445 [INFO]   50 compras recebidas | 50 validas
2026-06-03 16:40:35,984 [INFO]   Baixados 212 itens vinculados.
2026-06-03 16:40:48,775 [INFO]   Pagina 209/562...
2026-06-03 16:40:49,926 [INFO]   50 compras recebidas | 50 validas
2026-06-03 16:40:50,735 [INFO]   Baixados 242 itens vinculados.
2026-06-03 16:41:03,566 [INFO]   Pagina 210/562...
2026-06-03 16:41:04,957 [INFO]   50 compras recebidas | 50 validas
2026-06-03 16:41:06,034 [INFO]   Baixados 246 itens vinculados.
2026-06-03 16:41:19,655 [INFO]   Pagina 211/562...
2026-06-03 16:41:20,726 [INFO]   50 compras recebidas | 50 validas
2026-06-03 16:41:22,735 [INFO]   Baixados 226 itens vinculados.
2026-06-03 16:41:35,765 [INFO]   Pagina 212/562...
2026-06-03 16:41:37,622 [INFO]   50 compras recebidas | 50 validas
2026-06-03 16:41:38,476 [INFO]   Baixados 266 itens vinculados.
2026-06-03 16:41:49,844 [INFO]   Pagina 213/562...
2026-06-03 16:41:51,017 [INFO]   50 compras recebidas | 50 validas
2026-06-03 16:41:51,867 [INFO]   Baixados 220 itens vinculados.
2026-06-03 16:42:04,224 [INFO]   Pagina 214/562...
2026-06-03 16:42:05,137 [INFO]   50 compras recebidas | 50 validas
2026-06-03 16:42:05,966 [INFO]   Baixados 218 itens vinculados.
2026-06-03 16:42:20,355 [INFO]   Pagina 215/562...
2026-06-03 16:42:22,036 [INFO]   50 compras recebidas | 50 validas
2026-06-03 16:42:22,837 [INFO]   Baixados 268 itens vinculados.
2026-06-03 16:42:36,525 [INFO]   Pagina 216/562...
2026-06-03 16:42:37,803 [INFO]   50 compras recebidas | 50 validas
2026-06-03 16:42:38,586 [INFO]   Baixados 208 itens vinculados.
2026-06-03 16:42:51,067 [INFO]   Pagina 217/562...
2026-06-03 16:42:52,386 [INFO]   50 compras recebidas | 50 validas
2026-06-03 16:42:53,133 [INFO]   Baixados 243 itens vinculados.
2026-06-03 16:43:06,196 [INFO]   Pagina 218/562...
2026-06-03 16:43:07,606 [INFO]   50 compras recebidas | 50 validas
2026-06-03 16:43:08,606 [INFO]   Baixados 215 itens vinculados.
2026-06-03 16:43:22,486 [INFO]   Pagina 219/562...
2026-06-03 16:43:23,757 [INFO]   50 compras recebidas | 50 validas
2026-06-03 16:43:24,684 [INFO]   Baixados 190 itens vinculados.
2026-06-03 16:43:37,456 [INFO]   Pagina 220/562...
2026-06-03 16:43:38,598 [INFO]   50 compras recebidas | 50 validas
2026-06-03 16:43:39,446 [INFO]   Baixados 233 itens vinculados.
2026-06-03 16:43:51,476 [INFO]   Pagina 221/562...
2026-06-03 16:43:52,557 [INFO]   50 compras recebidas | 50 validas
2026-06-03 16:43:53,416 [INFO]   Baixados 247 itens vinculados.
2026-06-03 16:44:06,307 [INFO]   Pagina 222/562...
2026-06-03 16:44:07,188 [INFO]   50 compras recebidas | 50 validas
2026-06-03 16:44:08,078 [INFO]   Baixados 281 itens vinculados.
2026-06-03 16:44:21,146 [INFO]   Pagina 223/562...
2026-06-03 16:44:22,038 [INFO]   50 compras recebidas | 50 validas
2026-06-03 16:44:22,826 [INFO]   Baixados 256 itens vinculados.
2026-06-03 16:44:35,397 [INFO]   Pagina 224/562...
2026-06-03 16:44:36,857 [INFO]   50 compras recebidas | 50 validas
2026-06-03 16:44:37,687 [INFO]   Baixados 219 itens vinculados.
2026-06-03 16:44:50,257 [INFO]   Pagina 225/562...
2026-06-03 16:44:51,497 [INFO]   50 compras recebidas | 50 validas
2026-06-03 16:44:52,409 [INFO]   Baixados 268 itens vinculados.
2026-06-03 16:45:06,958 [INFO]   Pagina 226/562...
2026-06-03 16:45:08,119 [INFO]   50 compras recebidas | 50 validas
2026-06-03 16:45:08,917 [INFO]   Baixados 204 itens vinculados.
2026-06-03 16:45:22,707 [INFO]   Pagina 227/562...
2026-06-03 16:45:23,969 [INFO]   50 compras recebidas | 50 validas
2026-06-03 16:45:24,898 [INFO]   Baixados 220 itens vinculados.
2026-06-03 16:45:37,177 [INFO]   Pagina 228/562...
2026-06-03 16:45:38,410 [INFO]   50 compras recebidas | 50 validas
2026-06-03 16:45:39,218 [INFO]   Baixados 229 itens vinculados.
2026-06-03 16:45:51,907 [INFO]   Pagina 229/562...
2026-06-03 16:45:53,457 [INFO]   50 compras recebidas | 50 validas
2026-06-03 16:45:54,338 [INFO]   Baixados 246 itens vinculados.
2026-06-03 16:46:06,430 [INFO]   Pagina 230/562...
2026-06-03 16:46:08,660 [INFO]   50 compras recebidas | 50 validas
2026-06-03 16:46:09,526 [INFO]   Baixados 219 itens vinculados.
2026-06-03 16:46:29,128 [INFO]   Pagina 231/562...
2026-06-03 16:46:30,471 [INFO]   50 compras recebidas | 50 validas
2026-06-03 16:46:31,244 [INFO]   Baixados 203 itens vinculados.
2026-06-03 16:46:44,688 [INFO]   Pagina 232/562...
2026-06-03 16:46:47,109 [INFO]   50 compras recebidas | 50 validas
2026-06-03 16:46:48,055 [INFO]   Baixados 206 itens vinculados.
2026-06-03 16:47:01,478 [INFO]   Pagina 233/562...
2026-06-03 16:47:02,649 [INFO]   50 compras recebidas | 50 validas
2026-06-03 16:47:03,468 [INFO]   Baixados 246 itens vinculados.
2026-06-03 16:47:17,248 [INFO]   Pagina 234/562...
2026-06-03 16:47:18,509 [INFO]   50 compras recebidas | 50 validas
2026-06-03 16:47:19,319 [INFO]   Baixados 214 itens vinculados.
2026-06-03 16:47:32,199 [INFO]   Pagina 235/562...
2026-06-03 16:47:33,904 [INFO]   50 compras recebidas | 50 validas
2026-06-03 16:47:34,750 [INFO]   Baixados 252 itens vinculados.
2026-06-03 16:47:48,794 [INFO]   Pagina 236/562...
2026-06-03 16:47:49,700 [INFO]   50 compras recebidas | 50 validas
2026-06-03 16:47:50,471 [INFO]   Baixados 206 itens vinculados.
2026-06-03 16:48:02,819 [INFO]   Pagina 237/562...
2026-06-03 16:48:03,910 [INFO]   50 compras recebidas | 50 validas
2026-06-03 16:48:04,752 [INFO]   Baixados 207 itens vinculados.
2026-06-03 16:48:17,230 [INFO]   Pagina 238/562...
2026-06-03 16:48:18,309 [INFO]   50 compras recebidas | 50 validas
2026-06-03 16:48:19,159 [INFO]   Baixados 236 itens vinculados.
2026-06-03 16:48:31,849 [INFO]   Pagina 239/562...
2026-06-03 16:48:33,031 [INFO]   50 compras recebidas | 50 validas
2026-06-03 16:48:33,871 [INFO]   Baixados 230 itens vinculados.
2026-06-03 16:48:46,689 [INFO]   Pagina 240/562...
2026-06-03 16:48:47,567 [INFO]   50 compras recebidas | 50 validas
2026-06-03 16:48:48,420 [INFO]   Baixados 202 itens vinculados.
2026-06-03 16:49:00,590 [INFO]   Pagina 241/562...
2026-06-03 16:49:01,700 [INFO]   50 compras recebidas | 50 validas
2026-06-03 16:49:02,580 [INFO]   Baixados 272 itens vinculados.
2026-06-03 16:49:15,450 [INFO]   Pagina 242/562...
2026-06-03 16:49:16,940 [INFO]   50 compras recebidas | 50 validas
2026-06-03 16:49:17,750 [INFO]   Baixados 269 itens vinculados.
2026-06-03 16:49:29,950 [INFO]   Pagina 243/562...
2026-06-03 16:49:31,021 [INFO]   50 compras recebidas | 50 validas
2026-06-03 16:49:31,841 [INFO]   Baixados 220 itens vinculados.
2026-06-03 16:49:45,800 [INFO]   Pagina 244/562...
2026-06-03 16:49:46,802 [INFO]   50 compras recebidas | 50 validas
2026-06-03 16:49:47,752 [INFO]   Baixados 249 itens vinculados.
2026-06-03 16:50:01,560 [INFO]   Pagina 245/562...
2026-06-03 16:50:02,918 [INFO]   50 compras recebidas | 50 validas
2026-06-03 16:50:03,741 [INFO]   Baixados 251 itens vinculados.
2026-06-03 16:50:16,890 [INFO]   Pagina 246/562...
2026-06-03 16:50:18,233 [INFO]   50 compras recebidas | 50 validas
2026-06-03 16:50:19,111 [INFO]   Baixados 253 itens vinculados.
2026-06-03 16:50:36,680 [INFO]   Pagina 247/562...
2026-06-03 16:50:37,871 [INFO]   50 compras recebidas | 50 validas
2026-06-03 16:50:38,728 [INFO]   Baixados 147 itens vinculados.
2026-06-03 16:50:50,030 [INFO]   Pagina 248/562...
2026-06-03 16:50:50,961 [INFO]   50 compras recebidas | 50 validas
2026-06-03 16:50:51,752 [INFO]   Baixados 183 itens vinculados.
2026-06-03 16:51:04,532 [INFO]   Pagina 249/562...
2026-06-03 16:51:05,691 [INFO]   50 compras recebidas | 50 validas
2026-06-03 16:51:06,601 [INFO]   Baixados 259 itens vinculados.
2026-06-03 16:51:20,051 [INFO]   Pagina 250/562...
2026-06-03 16:51:21,063 [INFO]   50 compras recebidas | 50 validas
2026-06-03 16:51:21,899 [INFO]   Baixados 215 itens vinculados.
2026-06-03 16:51:33,833 [INFO]   Pagina 251/562...
2026-06-03 16:51:35,013 [INFO]   50 compras recebidas | 50 validas
2026-06-03 16:51:35,842 [INFO]   Baixados 269 itens vinculados.
2026-06-03 16:51:48,521 [INFO]   Pagina 252/562...
2026-06-03 16:51:49,972 [INFO]   50 compras recebidas | 50 validas
2026-06-03 16:51:50,773 [INFO]   Baixados 224 itens vinculados.
2026-06-03 16:52:03,381 [INFO]   Pagina 253/562...
2026-06-03 16:52:04,975 [INFO]   50 compras recebidas | 50 validas
2026-06-03 16:52:05,743 [INFO]   Baixados 182 itens vinculados.
2026-06-03 16:52:19,291 [INFO]   Pagina 254/562...
2026-06-03 16:52:20,635 [INFO]   50 compras recebidas | 50 validas
2026-06-03 16:52:26,662 [INFO]   Baixados 272 itens vinculados.
2026-06-03 16:52:40,252 [INFO]   Pagina 255/562...
2026-06-03 16:52:41,354 [INFO]   50 compras recebidas | 50 validas
2026-06-03 16:52:42,112 [INFO]   Baixados 270 itens vinculados.
2026-06-03 16:52:54,442 [INFO]   Pagina 256/562...
2026-06-03 16:52:55,621 [INFO]   50 compras recebidas | 50 validas
2026-06-03 16:52:56,433 [INFO]   Baixados 223 itens vinculados.
2026-06-03 16:53:09,372 [INFO]   Pagina 257/562...
2026-06-03 16:53:10,002 [INFO]   50 compras recebidas | 50 validas
2026-06-03 16:53:10,812 [INFO]   Baixados 174 itens vinculados.
2026-06-03 16:53:23,902 [INFO]   Pagina 258/562...
2026-06-03 16:53:25,122 [INFO]   50 compras recebidas | 50 validas
2026-06-03 16:53:25,963 [INFO]   Baixados 238 itens vinculados.
2026-06-03 16:53:39,532 [INFO]   Pagina 259/562...
2026-06-03 16:53:40,733 [INFO]   50 compras recebidas | 50 validas
2026-06-03 16:53:41,513 [INFO]   Baixados 228 itens vinculados.
2026-06-03 16:53:53,863 [INFO]   Pagina 260/562...
2026-06-03 16:53:54,432 [INFO]   50 compras recebidas | 50 validas
2026-06-03 16:53:55,275 [INFO]   Baixados 272 itens vinculados.
2026-06-03 16:54:07,324 [INFO]   Pagina 261/562...
2026-06-03 16:54:08,715 [INFO]   50 compras recebidas | 50 validas
2026-06-03 16:54:09,564 [INFO]   Baixados 233 itens vinculados.
2026-06-03 16:54:22,813 [INFO]   Pagina 262/562...
2026-06-03 16:54:24,044 [INFO]   50 compras recebidas | 50 validas
2026-06-03 16:54:24,864 [INFO]   Baixados 258 itens vinculados.
2026-06-03 16:54:39,053 [INFO]   Pagina 263/562...
2026-06-03 16:54:40,205 [INFO]   50 compras recebidas | 50 validas
2026-06-03 16:54:51,544 [INFO]   Baixados 265 itens vinculados.
2026-06-03 16:55:05,823 [INFO]   Pagina 264/562...
2026-06-03 16:55:07,997 [INFO]   50 compras recebidas | 50 validas
2026-06-03 16:55:08,874 [INFO]   Baixados 195 itens vinculados.
2026-06-03 16:55:22,653 [INFO]   Pagina 265/562...
2026-06-03 16:55:23,854 [INFO]   50 compras recebidas | 50 validas
2026-06-03 16:55:24,724 [INFO]   Baixados 237 itens vinculados.
2026-06-03 16:55:40,118 [INFO]   Pagina 266/562...
2026-06-03 16:55:41,415 [INFO]   50 compras recebidas | 50 validas
2026-06-03 16:55:42,274 [INFO]   Baixados 194 itens vinculados.
2026-06-03 16:55:54,234 [INFO]   Pagina 267/562...
2026-06-03 16:55:55,495 [INFO]   50 compras recebidas | 50 validas
2026-06-03 16:55:56,285 [INFO]   Baixados 273 itens vinculados.
2026-06-03 16:56:11,258 [INFO]   Pagina 268/562...
2026-06-03 16:56:12,926 [INFO]   50 compras recebidas | 50 validas
2026-06-03 16:56:14,005 [INFO]   Baixados 229 itens vinculados.
2026-06-03 16:56:27,074 [INFO]   Pagina 269/562...
2026-06-03 16:56:27,969 [INFO]   50 compras recebidas | 50 validas
2026-06-03 16:56:28,725 [INFO]   Baixados 285 itens vinculados.
2026-06-03 16:56:41,574 [INFO]   Pagina 270/562...
2026-06-03 16:56:42,782 [INFO]   50 compras recebidas | 50 validas
2026-06-03 16:56:43,605 [INFO]   Baixados 221 itens vinculados.
2026-06-03 16:56:57,494 [INFO]   Pagina 271/562...
2026-06-03 16:56:58,765 [INFO]   50 compras recebidas | 50 validas
2026-06-03 16:56:59,595 [INFO]   Baixados 263 itens vinculados.
2026-06-03 16:57:12,664 [INFO]   Pagina 272/562...
2026-06-03 16:57:13,721 [INFO]   50 compras recebidas | 50 validas
2026-06-03 16:57:14,575 [INFO]   Baixados 249 itens vinculados.
2026-06-03 16:57:28,015 [INFO]   Pagina 273/562...
2026-06-03 16:57:29,275 [INFO]   50 compras recebidas | 50 validas
2026-06-03 16:57:30,055 [INFO]   Baixados 246 itens vinculados.
2026-06-03 16:57:42,765 [INFO]   Pagina 274/562...
2026-06-03 16:57:44,234 [INFO]   50 compras recebidas | 50 validas
2026-06-03 16:57:45,105 [INFO]   Baixados 227 itens vinculados.
2026-06-03 16:57:56,805 [INFO]   Pagina 275/562...
2026-06-03 16:57:57,735 [INFO]   50 compras recebidas | 50 validas
2026-06-03 16:57:58,598 [INFO]   Baixados 255 itens vinculados.
2026-06-03 16:58:13,694 [INFO]   Pagina 276/562...
2026-06-03 16:58:14,827 [INFO]   50 compras recebidas | 50 validas
2026-06-03 16:58:15,667 [INFO]   Baixados 252 itens vinculados.
2026-06-03 16:58:29,065 [INFO]   Pagina 277/562...
2026-06-03 16:58:30,116 [INFO]   50 compras recebidas | 50 validas
2026-06-03 16:58:30,915 [INFO]   Baixados 263 itens vinculados.
2026-06-03 16:58:42,845 [INFO]   Pagina 278/562...
2026-06-03 16:58:43,866 [INFO]   50 compras recebidas | 50 validas
2026-06-03 16:58:44,766 [INFO]   Baixados 265 itens vinculados.
2026-06-03 16:58:58,185 [INFO]   Pagina 279/562...
2026-06-03 16:58:59,077 [INFO]   50 compras recebidas | 50 validas
2026-06-03 16:58:59,916 [INFO]   Baixados 316 itens vinculados.
2026-06-03 16:59:14,426 [INFO]   Pagina 280/562...
2026-06-03 16:59:15,563 [INFO]   50 compras recebidas | 50 validas
2026-06-03 16:59:16,427 [INFO]   Baixados 238 itens vinculados.
2026-06-03 16:59:29,315 [INFO]   Pagina 281/562...
2026-06-03 16:59:30,195 [INFO]   50 compras recebidas | 50 validas
2026-06-03 16:59:31,156 [INFO]   Baixados 273 itens vinculados.
2026-06-03 16:59:43,705 [INFO]   Pagina 282/562...
2026-06-03 16:59:44,276 [INFO]   50 compras recebidas | 50 validas
2026-06-03 16:59:45,199 [INFO]   Baixados 249 itens vinculados.
2026-06-03 16:59:57,845 [INFO]   Pagina 283/562...
2026-06-03 16:59:59,206 [INFO]   50 compras recebidas | 50 validas
2026-06-03 16:59:59,984 [INFO]   Baixados 232 itens vinculados.
2026-06-03 17:00:25,010 [INFO]   Pagina 284/562...
2026-06-03 17:02:49,206 [ERROR]   Pagina 284: falhou apos 3 tentativas. Sera pulada.
2026-06-03 17:02:49,206 [WARNING]   Pagina 284 falhou permanentemente. Pulando.
2026-06-03 17:02:52,207 [INFO]   Pagina 285/562...
2026-06-03 17:03:28,854 [INFO]   50 compras recebidas | 50 validas
2026-06-03 17:03:32,154 [INFO]   Baixados 252 itens vinculados.
2026-06-03 17:03:48,224 [INFO]   Pagina 286/562...
2026-06-03 17:03:49,497 [INFO]   50 compras recebidas | 50 validas
2026-06-03 17:03:55,107 [INFO]   Baixados 233 itens vinculados.
2026-06-03 17:04:09,205 [INFO]   Pagina 287/562...
2026-06-03 17:04:10,184 [INFO]   50 compras recebidas | 50 validas
2026-06-03 17:04:16,044 [INFO]   Baixados 284 itens vinculados.
2026-06-03 17:04:29,684 [INFO]   Pagina 288/562...
2026-06-03 17:04:35,373 [INFO]   50 compras recebidas | 50 validas
2026-06-03 17:04:41,274 [INFO]   Baixados 245 itens vinculados.
2026-06-03 17:04:55,227 [INFO]   Pagina 289/562...
2026-06-03 17:04:56,036 [INFO]   50 compras recebidas | 50 validas
2026-06-03 17:05:03,654 [INFO]   Baixados 236 itens vinculados.
2026-06-03 17:05:17,053 [INFO]   Pagina 290/562...
2026-06-03 17:05:18,344 [INFO]   50 compras recebidas | 50 validas
2026-06-03 17:05:23,365 [INFO]   Baixados 266 itens vinculados.
2026-06-03 17:05:36,454 [INFO]   Pagina 291/562...
2026-06-03 17:05:37,537 [INFO]   50 compras recebidas | 50 validas
2026-06-03 17:05:44,545 [INFO]   Baixados 242 itens vinculados.
2026-06-03 17:05:58,694 [INFO]   Pagina 292/562...
2026-06-03 17:06:00,194 [INFO]   50 compras recebidas | 50 validas
2026-06-03 17:06:07,174 [INFO]   Baixados 242 itens vinculados.
2026-06-03 17:06:19,265 [INFO]   Pagina 293/562...
2026-06-03 17:06:20,641 [INFO]   50 compras recebidas | 50 validas
2026-06-03 17:06:53,066 [INFO]   Baixados 233 itens vinculados.
2026-06-03 17:07:06,331 [INFO]   Pagina 294/562...
2026-06-03 17:07:19,375 [INFO]   50 compras recebidas | 50 validas
2026-06-03 17:07:29,527 [INFO]   Baixados 246 itens vinculados.
2026-06-03 17:07:43,464 [INFO]   Pagina 295/562...
2026-06-03 17:07:44,304 [INFO]   50 compras recebidas | 50 validas
2026-06-03 17:07:49,055 [INFO]   Baixados 275 itens vinculados.
2026-06-03 17:08:01,744 [INFO]   Pagina 296/562...
2026-06-03 17:08:02,996 [INFO]   50 compras recebidas | 50 validas
2026-06-03 17:08:08,836 [INFO]   Baixados 251 itens vinculados.
2026-06-03 17:08:20,704 [INFO]   Pagina 297/562...
2026-06-03 17:08:21,825 [INFO]   50 compras recebidas | 50 validas
2026-06-03 17:08:34,205 [INFO]   Baixados 190 itens vinculados.
2026-06-03 17:08:47,524 [INFO]   Pagina 298/562...
2026-06-03 17:08:48,185 [INFO]   50 compras recebidas | 50 validas
2026-06-03 17:08:56,835 [INFO]   Baixados 226 itens vinculados.
2026-06-03 17:09:08,605 [INFO]   Pagina 299/562...
2026-06-03 17:09:09,415 [INFO]   50 compras recebidas | 50 validas
2026-06-03 17:09:13,745 [INFO]   Baixados 260 itens vinculados.
2026-06-03 17:09:26,064 [INFO]   Pagina 300/562...
2026-06-03 17:09:27,935 [INFO]   50 compras recebidas | 50 validas
2026-06-03 17:09:29,305 [INFO]   Baixados 202 itens vinculados.
2026-06-03 17:09:41,685 [INFO]   Pagina 301/562...
2026-06-03 17:09:42,715 [INFO]   50 compras recebidas | 50 validas
2026-06-03 17:09:43,558 [INFO]   Baixados 291 itens vinculados.
2026-06-03 17:09:56,515 [INFO]   Pagina 302/562...
2026-06-03 17:09:57,235 [INFO]   50 compras recebidas | 50 validas
2026-06-03 17:09:58,096 [INFO]   Baixados 243 itens vinculados.
2026-06-03 17:10:11,565 [INFO]   Pagina 303/562...
2026-06-03 17:10:12,329 [INFO]   50 compras recebidas | 50 validas
2026-06-03 17:10:13,179 [INFO]   Baixados 283 itens vinculados.
2026-06-03 17:10:26,034 [INFO]   Pagina 304/562...
2026-06-03 17:10:27,405 [INFO]   50 compras recebidas | 50 validas
2026-06-03 17:10:29,136 [INFO]   Baixados 250 itens vinculados.
2026-06-03 17:10:43,725 [INFO]   Pagina 305/562...
2026-06-03 17:10:45,037 [INFO]   50 compras recebidas | 50 validas
2026-06-03 17:10:45,845 [INFO]   Baixados 258 itens vinculados.
2026-06-03 17:10:59,665 [INFO]   Pagina 306/562...
2026-06-03 17:11:01,035 [INFO]   50 compras recebidas | 50 validas
2026-06-03 17:11:01,886 [INFO]   Baixados 227 itens vinculados.
2026-06-03 17:11:15,175 [INFO]   Pagina 307/562...
2026-06-03 17:11:16,827 [INFO]   50 compras recebidas | 50 validas
2026-06-03 17:11:17,606 [INFO]   Baixados 257 itens vinculados.
2026-06-03 17:11:30,434 [INFO]   Pagina 308/562...
2026-06-03 17:11:31,725 [INFO]   50 compras recebidas | 50 validas
2026-06-03 17:11:32,566 [INFO]   Baixados 280 itens vinculados.
2026-06-03 17:11:46,006 [INFO]   Pagina 309/562...
2026-06-03 17:11:47,416 [INFO]   50 compras recebidas | 50 validas
2026-06-03 17:11:48,216 [INFO]   Baixados 251 itens vinculados.
2026-06-03 17:11:59,844 [INFO]   Pagina 310/562...
2026-06-03 17:12:01,682 [INFO]   50 compras recebidas | 50 validas
2026-06-03 17:12:02,546 [INFO]   Baixados 264 itens vinculados.
2026-06-03 17:12:15,805 [INFO]   Pagina 311/562...
2026-06-03 17:12:16,836 [INFO]   50 compras recebidas | 50 validas
2026-06-03 17:12:24,476 [INFO]   Baixados 273 itens vinculados.
2026-06-03 17:12:39,005 [INFO]   Pagina 312/562...
2026-06-03 17:12:40,196 [INFO]   50 compras recebidas | 50 validas
2026-06-03 17:12:43,615 [INFO]   Baixados 290 itens vinculados.
2026-06-03 17:12:56,925 [INFO]   Pagina 313/562...
2026-06-03 17:12:58,588 [INFO]   50 compras recebidas | 50 validas
2026-06-03 17:12:59,366 [INFO]   Baixados 260 itens vinculados.
2026-06-03 17:13:18,625 [INFO]   Pagina 314/562...
2026-06-03 17:13:19,846 [INFO]   50 compras recebidas | 50 validas
2026-06-03 17:13:20,735 [INFO]   Baixados 223 itens vinculados.
2026-06-03 17:13:34,665 [INFO]   Pagina 315/562...
2026-06-03 17:13:35,777 [INFO]   50 compras recebidas | 50 validas
2026-06-03 17:13:36,500 [INFO]   Baixados 230 itens vinculados.
2026-06-03 17:13:50,355 [INFO]   Pagina 316/562...
2026-06-03 17:13:51,526 [INFO]   50 compras recebidas | 50 validas
2026-06-03 17:13:52,326 [INFO]   Baixados 207 itens vinculados.
2026-06-03 17:14:04,595 [INFO]   Pagina 317/562...
2026-06-03 17:14:05,287 [INFO]   50 compras recebidas | 50 validas
2026-06-03 17:14:06,126 [INFO]   Baixados 185 itens vinculados.
2026-06-03 17:14:21,256 [INFO]   Pagina 318/562...
2026-06-03 17:14:22,407 [INFO]   50 compras recebidas | 50 validas
2026-06-03 17:14:23,188 [INFO]   Baixados 226 itens vinculados.
2026-06-03 17:14:34,995 [INFO]   Pagina 319/562...
2026-06-03 17:14:36,087 [INFO]   50 compras recebidas | 50 validas
2026-06-03 17:14:36,966 [INFO]   Baixados 206 itens vinculados.
2026-06-03 17:14:50,486 [INFO]   Pagina 320/562...
2026-06-03 17:14:51,656 [INFO]   50 compras recebidas | 50 validas
2026-06-03 17:14:52,476 [INFO]   Baixados 310 itens vinculados.
2026-06-03 17:15:04,606 [INFO]   Pagina 321/562...
2026-06-03 17:15:06,066 [INFO]   50 compras recebidas | 50 validas
2026-06-03 17:15:06,793 [INFO]   Baixados 182 itens vinculados.
2026-06-03 17:15:19,926 [INFO]   Pagina 322/562...
2026-06-03 17:15:21,398 [INFO]   50 compras recebidas | 50 validas
2026-06-03 17:15:22,207 [INFO]   Baixados 228 itens vinculados.
2026-06-03 17:15:35,826 [INFO]   Pagina 323/562...
2026-06-03 17:15:37,016 [INFO]   50 compras recebidas | 50 validas
2026-06-03 17:15:37,896 [INFO]   Baixados 264 itens vinculados.
2026-06-03 17:15:51,816 [INFO]   Pagina 324/562...
2026-06-03 17:15:52,981 [INFO]   50 compras recebidas | 50 validas
2026-06-03 17:15:53,787 [INFO]   Baixados 226 itens vinculados.
2026-06-03 17:16:06,246 [INFO]   Pagina 325/562...
2026-06-03 17:16:07,448 [INFO]   50 compras recebidas | 50 validas
2026-06-03 17:16:08,209 [INFO]   Baixados 219 itens vinculados.
2026-06-03 17:16:20,696 [INFO]   Pagina 326/562...
2026-06-03 17:16:22,519 [INFO]   50 compras recebidas | 50 validas
2026-06-03 17:16:26,017 [INFO]   Baixados 269 itens vinculados.
2026-06-03 17:16:38,296 [INFO]   Pagina 327/562...
2026-06-03 17:16:39,611 [INFO]   50 compras recebidas | 50 validas
2026-06-03 17:16:40,416 [INFO]   Baixados 217 itens vinculados.
2026-06-03 17:16:54,837 [INFO]   Pagina 328/562...
2026-06-03 17:16:56,896 [INFO]   50 compras recebidas | 50 validas
2026-06-03 17:16:57,698 [INFO]   Baixados 191 itens vinculados.
2026-06-03 17:17:12,227 [INFO]   Pagina 329/562...
2026-06-03 17:17:13,446 [INFO]   50 compras recebidas | 50 validas
2026-06-03 17:17:14,248 [INFO]   Baixados 234 itens vinculados.
2026-06-03 17:17:27,336 [INFO]   Pagina 330/562...
2026-06-03 17:17:28,479 [INFO]   50 compras recebidas | 50 validas
2026-06-03 17:17:29,228 [INFO]   Baixados 209 itens vinculados.
2026-06-03 17:17:43,387 [INFO]   Pagina 331/562...
2026-06-03 17:17:44,567 [INFO]   50 compras recebidas | 50 validas
2026-06-03 17:17:45,438 [INFO]   Baixados 268 itens vinculados.
2026-06-03 17:18:00,117 [INFO]   Pagina 332/562...
2026-06-03 17:18:01,078 [INFO]   50 compras recebidas | 50 validas
2026-06-03 17:18:02,020 [INFO]   Baixados 199 itens vinculados.
2026-06-03 17:18:16,898 [INFO]   Pagina 333/562...
2026-06-03 17:18:17,757 [INFO]   50 compras recebidas | 50 validas
2026-06-03 17:18:18,498 [INFO]   Baixados 199 itens vinculados.
2026-06-03 17:18:33,240 [INFO]   Pagina 334/562...
2026-06-03 17:18:34,439 [INFO]   50 compras recebidas | 50 validas
2026-06-03 17:18:35,288 [INFO]   Baixados 267 itens vinculados.
2026-06-03 17:18:48,498 [INFO]   Pagina 335/562...
2026-06-03 17:18:49,628 [INFO]   50 compras recebidas | 50 validas
2026-06-03 17:18:50,458 [INFO]   Baixados 276 itens vinculados.
2026-06-03 17:19:03,257 [INFO]   Pagina 336/562...
2026-06-03 17:19:04,168 [INFO]   50 compras recebidas | 50 validas
2026-06-03 17:19:05,031 [INFO]   Baixados 285 itens vinculados.
2026-06-03 17:19:16,837 [INFO]   Pagina 337/562...
2026-06-03 17:19:17,897 [INFO]   50 compras recebidas | 50 validas
2026-06-03 17:19:19,797 [INFO]   Baixados 263 itens vinculados.
2026-06-03 17:19:33,458 [INFO]   Pagina 338/562...
2026-06-03 17:19:34,300 [INFO]   50 compras recebidas | 50 validas
2026-06-03 17:19:35,148 [INFO]   Baixados 256 itens vinculados.
2026-06-03 17:19:48,239 [INFO]   Pagina 339/562...
2026-06-03 17:19:49,138 [INFO]   50 compras recebidas | 50 validas
2026-06-03 17:19:49,929 [INFO]   Baixados 230 itens vinculados.
2026-06-03 17:20:04,885 [INFO]   Pagina 340/562...
2026-06-03 17:20:06,138 [INFO]   50 compras recebidas | 50 validas
2026-06-03 17:20:06,918 [INFO]   Baixados 242 itens vinculados.
2026-06-03 17:20:20,217 [INFO]   Pagina 341/562...
2026-06-03 17:20:22,129 [INFO]   50 compras recebidas | 50 validas
2026-06-03 17:20:22,959 [INFO]   Baixados 210 itens vinculados.
2026-06-03 17:20:37,587 [INFO]   Pagina 342/562...
2026-06-03 17:20:38,679 [INFO]   50 compras recebidas | 50 validas
2026-06-03 17:20:41,916 [INFO]   Baixados 179 itens vinculados.
2026-06-03 17:20:54,857 [INFO]   Pagina 343/562...
2026-06-03 17:20:58,228 [INFO]   50 compras recebidas | 50 validas
2026-06-03 17:20:59,009 [INFO]   Baixados 237 itens vinculados.
2026-06-03 17:21:14,529 [INFO]   Pagina 344/562...
2026-06-03 17:21:15,758 [INFO]   50 compras recebidas | 50 validas
2026-06-03 17:21:20,159 [INFO]   Baixados 320 itens vinculados.
2026-06-03 17:21:33,888 [INFO]   Pagina 345/562...
2026-06-03 17:21:35,158 [INFO]   50 compras recebidas | 50 validas
2026-06-03 17:21:40,159 [INFO]   Baixados 225 itens vinculados.
2026-06-03 17:21:54,108 [INFO]   Pagina 346/562...
2026-06-03 17:21:55,160 [INFO]   50 compras recebidas | 50 validas
2026-06-03 17:21:59,820 [INFO]   Baixados 229 itens vinculados.
2026-06-03 17:22:13,258 [INFO]   Pagina 347/562...
2026-06-03 17:22:14,397 [INFO]   50 compras recebidas | 50 validas
2026-06-03 17:22:27,160 [INFO]   Baixados 250 itens vinculados.
2026-06-03 17:22:40,578 [INFO]   Pagina 348/562...
2026-06-03 17:22:53,829 [INFO]   50 compras recebidas | 50 validas
2026-06-03 17:23:03,259 [INFO]   Baixados 221 itens vinculados.
2026-06-03 17:23:15,977 [INFO]   Pagina 349/562...
2026-06-03 17:23:16,769 [INFO]   50 compras recebidas | 50 validas
2026-06-03 17:23:29,520 [INFO]   Baixados 191 itens vinculados.
2026-06-03 17:23:44,540 [INFO]   Pagina 350/562...
2026-06-03 17:23:45,640 [INFO]   50 compras recebidas | 50 validas
2026-06-03 17:23:58,580 [INFO]   Baixados 245 itens vinculados.
2026-06-03 17:24:13,179 [INFO]   Pagina 351/562...
2026-06-03 17:24:14,301 [INFO]   50 compras recebidas | 50 validas
2026-06-03 17:24:41,200 [INFO]   Baixados 263 itens vinculados.
2026-06-03 17:24:54,704 [INFO]   Pagina 352/562...
2026-06-03 17:24:55,759 [INFO]   50 compras recebidas | 50 validas
2026-06-03 17:25:13,210 [INFO]   Baixados 188 itens vinculados.
2026-06-03 17:25:28,290 [INFO]   Pagina 353/562...
2026-06-03 17:25:29,483 [INFO]   50 compras recebidas | 50 validas
2026-06-03 17:25:34,667 [INFO]   Baixados 217 itens vinculados.
2026-06-03 17:25:48,051 [INFO]   Pagina 354/562...
2026-06-03 17:25:48,970 [INFO]   50 compras recebidas | 50 validas
2026-06-03 17:26:02,052 [INFO]   Baixados 168 itens vinculados.
2026-06-03 17:26:15,440 [INFO]   Pagina 355/562...
2026-06-03 17:26:16,469 [INFO]   50 compras recebidas | 50 validas
2026-06-03 17:26:23,751 [INFO]   Baixados 195 itens vinculados.
2026-06-03 17:26:36,975 [INFO]   Pagina 356/562...
2026-06-03 17:26:38,411 [INFO]   50 compras recebidas | 50 validas
2026-06-03 17:26:48,768 [INFO]   Baixados 238 itens vinculados.
2026-06-03 17:27:01,040 [INFO]   Pagina 357/562...
2026-06-03 17:27:02,481 [INFO]   50 compras recebidas | 50 validas
2026-06-03 17:27:21,589 [INFO]   Baixados 183 itens vinculados.
2026-06-03 17:27:33,411 [INFO]   Pagina 358/562...
2026-06-03 17:27:35,232 [INFO]   50 compras recebidas | 50 validas
2026-06-03 17:27:41,551 [INFO]   Baixados 202 itens vinculados.
2026-06-03 17:27:54,211 [INFO]   Pagina 359/562...
2026-06-03 17:27:55,313 [INFO]   50 compras recebidas | 50 validas
2026-06-03 17:28:00,693 [INFO]   Baixados 152 itens vinculados.
2026-06-03 17:28:13,621 [INFO]   Pagina 360/562...
2026-06-03 17:28:15,024 [INFO]   50 compras recebidas | 50 validas
2026-06-03 17:28:18,881 [INFO]   Baixados 258 itens vinculados.
2026-06-03 17:28:34,961 [INFO]   Pagina 361/562...
2026-06-03 17:28:35,882 [INFO]   50 compras recebidas | 50 validas
2026-06-03 17:28:41,954 [INFO]   Baixados 263 itens vinculados.
2026-06-03 17:28:54,771 [INFO]   Pagina 362/562...
2026-06-03 17:28:55,741 [INFO]   50 compras recebidas | 50 validas
2026-06-03 17:29:13,714 [INFO]   Baixados 224 itens vinculados.
2026-06-03 17:29:27,651 [INFO]   Pagina 363/562...
2026-06-03 17:29:28,696 [INFO]   50 compras recebidas | 50 validas
2026-06-03 17:29:41,702 [INFO]   Baixados 173 itens vinculados.
2026-06-03 17:29:54,081 [INFO]   Pagina 364/562...
2026-06-03 17:30:02,692 [INFO]   50 compras recebidas | 50 validas
2026-06-03 17:30:19,992 [INFO]   Baixados 193 itens vinculados.
2026-06-03 17:30:34,792 [INFO]   Pagina 365/562...
2026-06-03 17:30:36,081 [INFO]   50 compras recebidas | 50 validas
2026-06-03 17:30:38,673 [INFO]   Baixados 261 itens vinculados.
2026-06-03 17:30:54,483 [INFO]   Pagina 366/562...
2026-06-03 17:30:56,754 [INFO]   50 compras recebidas | 50 validas
2026-06-03 17:30:57,582 [INFO]   Baixados 196 itens vinculados.
2026-06-03 17:31:09,232 [INFO]   Pagina 367/562...
2026-06-03 17:31:10,694 [INFO]   50 compras recebidas | 50 validas
2026-06-03 17:31:11,460 [INFO]   Baixados 205 itens vinculados.
2026-06-03 17:31:25,884 [INFO]   Pagina 368/562...
2026-06-03 17:31:26,983 [INFO]   50 compras recebidas | 50 validas
2026-06-03 17:31:27,773 [INFO]   Baixados 206 itens vinculados.
2026-06-03 17:31:40,373 [INFO]   Pagina 369/562...
2026-06-03 17:31:41,662 [INFO]   50 compras recebidas | 50 validas
2026-06-03 17:31:42,473 [INFO]   Baixados 250 itens vinculados.
2026-06-03 17:31:57,002 [INFO]   Pagina 370/562...
2026-06-03 17:31:58,023 [INFO]   50 compras recebidas | 50 validas
2026-06-03 17:31:58,793 [INFO]   Baixados 177 itens vinculados.
2026-06-03 17:32:13,113 [INFO]   Pagina 371/562...
2026-06-03 17:32:14,223 [INFO]   50 compras recebidas | 50 validas
2026-06-03 17:32:15,053 [INFO]   Baixados 309 itens vinculados.
2026-06-03 17:32:28,469 [INFO]   Pagina 372/562...
2026-06-03 17:32:30,803 [INFO]   50 compras recebidas | 50 validas
2026-06-03 17:32:31,561 [INFO]   Baixados 153 itens vinculados.
2026-06-03 17:32:44,732 [INFO]   Pagina 373/562...
2026-06-03 17:32:46,624 [INFO]   50 compras recebidas | 50 validas
2026-06-03 17:32:47,363 [INFO]   Baixados 160 itens vinculados.
2026-06-03 17:32:59,123 [INFO]   Pagina 374/562...
2026-06-03 17:33:00,334 [INFO]   50 compras recebidas | 50 validas
2026-06-03 17:33:01,133 [INFO]   Baixados 218 itens vinculados.
2026-06-03 17:33:13,123 [INFO]   Pagina 375/562...
2026-06-03 17:33:14,043 [INFO]   50 compras recebidas | 50 validas
2026-06-03 17:33:14,834 [INFO]   Baixados 203 itens vinculados.
2026-06-03 17:33:27,434 [INFO]   Pagina 376/562...
2026-06-03 17:33:28,344 [INFO]   50 compras recebidas | 50 validas
2026-06-03 17:33:29,144 [INFO]   Baixados 277 itens vinculados.
2026-06-03 17:33:42,763 [INFO]   Pagina 377/562...
2026-06-03 17:33:43,684 [INFO]   50 compras recebidas | 50 validas
2026-06-03 17:33:44,454 [INFO]   Baixados 199 itens vinculados.
2026-06-03 17:33:56,494 [INFO]   Pagina 378/562...
2026-06-03 17:33:58,025 [INFO]   50 compras recebidas | 50 validas
2026-06-03 17:33:58,852 [INFO]   Baixados 262 itens vinculados.
2026-06-03 17:34:13,475 [INFO]   Pagina 379/562...
2026-06-03 17:34:14,907 [INFO]   50 compras recebidas | 50 validas
2026-06-03 17:34:15,676 [INFO]   Baixados 254 itens vinculados.
2026-06-03 17:34:29,594 [INFO]   Pagina 380/562...
2026-06-03 17:34:30,935 [INFO]   50 compras recebidas | 50 validas
2026-06-03 17:34:31,731 [INFO]   Baixados 195 itens vinculados.
2026-06-03 17:34:44,734 [INFO]   Pagina 381/562...
2026-06-03 17:34:45,898 [INFO]   50 compras recebidas | 50 validas
2026-06-03 17:34:46,693 [INFO]   Baixados 287 itens vinculados.
2026-06-03 17:35:00,245 [INFO]   Pagina 382/562...
2026-06-03 17:35:02,735 [INFO]   50 compras recebidas | 50 validas
2026-06-03 17:35:03,615 [INFO]   Baixados 238 itens vinculados.
2026-06-03 17:35:18,295 [INFO]   Pagina 383/562...
2026-06-03 17:35:19,506 [INFO]   50 compras recebidas | 50 validas
2026-06-03 17:35:20,377 [INFO]   Baixados 265 itens vinculados.
2026-06-03 17:35:34,234 [INFO]   Pagina 384/562...
2026-06-03 17:35:34,880 [INFO]   50 compras recebidas | 50 validas
2026-06-03 17:35:35,637 [INFO]   Baixados 207 itens vinculados.
2026-06-03 17:35:50,766 [INFO]   Pagina 385/562...
2026-06-03 17:35:52,679 [INFO]   50 compras recebidas | 50 validas
2026-06-03 17:35:56,517 [INFO]   Baixados 158 itens vinculados.
2026-06-03 17:36:10,706 [INFO]   Pagina 386/562...
2026-06-03 17:36:11,807 [INFO]   50 compras recebidas | 50 validas
2026-06-03 17:36:17,466 [INFO]   Baixados 227 itens vinculados.
2026-06-03 17:36:32,328 [INFO]   Pagina 387/562...
2026-06-03 17:36:33,791 [INFO]   50 compras recebidas | 50 validas
2026-06-03 17:36:35,078 [INFO]   Baixados 199 itens vinculados.
2026-06-03 17:36:48,186 [INFO]   Pagina 388/562...
2026-06-03 17:36:49,337 [INFO]   50 compras recebidas | 50 validas
2026-06-03 17:36:50,187 [INFO]   Baixados 211 itens vinculados.
2026-06-03 17:37:04,901 [INFO]   Pagina 389/562...
2026-06-03 17:37:07,626 [INFO]   50 compras recebidas | 50 validas
2026-06-03 17:37:08,387 [INFO]   Baixados 167 itens vinculados.
2026-06-03 17:37:22,127 [INFO]   Pagina 390/562...
2026-06-03 17:37:23,357 [INFO]   50 compras recebidas | 50 validas
2026-06-03 17:37:24,101 [INFO]   Baixados 233 itens vinculados.
2026-06-03 17:37:38,837 [INFO]   Pagina 391/562...
2026-06-03 17:37:39,670 [INFO]   50 compras recebidas | 50 validas
2026-06-03 17:37:40,428 [INFO]   Baixados 236 itens vinculados.
2026-06-03 17:37:53,777 [INFO]   Pagina 392/562...
2026-06-03 17:37:55,429 [INFO]   50 compras recebidas | 50 validas
2026-06-03 17:37:56,228 [INFO]   Baixados 254 itens vinculados.
2026-06-03 17:38:09,337 [INFO]   Pagina 393/562...
2026-06-03 17:38:10,457 [INFO]   50 compras recebidas | 50 validas
2026-06-03 17:38:11,228 [INFO]   Baixados 186 itens vinculados.
2026-06-03 17:38:22,769 [INFO]   Pagina 394/562...
2026-06-03 17:38:23,891 [INFO]   50 compras recebidas | 50 validas
2026-06-03 17:38:24,652 [INFO]   Baixados 231 itens vinculados.
2026-06-03 17:38:37,479 [INFO]   Pagina 395/562...
2026-06-03 17:38:38,780 [INFO]   50 compras recebidas | 50 validas
2026-06-03 17:38:39,650 [INFO]   Baixados 182 itens vinculados.
2026-06-03 17:38:53,008 [INFO]   Pagina 396/562...
2026-06-03 17:38:53,919 [INFO]   50 compras recebidas | 50 validas
2026-06-03 17:38:54,748 [INFO]   Baixados 234 itens vinculados.
2026-06-03 17:39:07,698 [INFO]   Pagina 397/562...
2026-06-03 17:39:08,740 [INFO]   50 compras recebidas | 50 validas
2026-06-03 17:39:09,521 [INFO]   Baixados 258 itens vinculados.
2026-06-03 17:39:24,220 [INFO]   Pagina 398/562...
2026-06-03 17:39:25,379 [INFO]   50 compras recebidas | 50 validas
2026-06-03 17:39:26,133 [INFO]   Baixados 252 itens vinculados.
2026-06-03 17:39:38,830 [INFO]   Pagina 399/562...
2026-06-03 17:39:39,749 [INFO]   50 compras recebidas | 50 validas
2026-06-03 17:39:40,551 [INFO]   Baixados 254 itens vinculados.
2026-06-03 17:39:53,072 [INFO]   Pagina 400/562...
2026-06-03 17:39:54,082 [INFO]   50 compras recebidas | 50 validas
2026-06-03 17:39:54,909 [INFO]   Baixados 252 itens vinculados.
2026-06-03 17:40:08,558 [INFO]   Pagina 401/562...
2026-06-03 17:40:09,293 [INFO]   50 compras recebidas | 50 validas
2026-06-03 17:40:10,070 [INFO]   Baixados 244 itens vinculados.
2026-06-03 17:40:23,079 [INFO]   Pagina 402/562...
2026-06-03 17:40:24,179 [INFO]   50 compras recebidas | 50 validas
2026-06-03 17:40:24,972 [INFO]   Baixados 227 itens vinculados.
2026-06-03 17:40:37,399 [INFO]   Pagina 403/562...
2026-06-03 17:40:38,721 [INFO]   50 compras recebidas | 50 validas
2026-06-03 17:40:43,442 [INFO]   Baixados 186 itens vinculados.
2026-06-03 17:40:55,890 [INFO]   Pagina 404/562...
2026-06-03 17:40:57,173 [INFO]   50 compras recebidas | 50 validas
2026-06-03 17:41:00,163 [INFO]   Baixados 247 itens vinculados.
2026-06-03 17:41:13,089 [INFO]   Pagina 405/562...
2026-06-03 17:41:14,444 [INFO]   50 compras recebidas | 50 validas
2026-06-03 17:41:27,464 [INFO]   Baixados 236 itens vinculados.
2026-06-03 17:41:42,672 [INFO]   Pagina 406/562...
2026-06-03 17:41:47,813 [INFO]   50 compras recebidas | 50 validas
2026-06-03 17:41:51,994 [INFO]   Baixados 256 itens vinculados.
2026-06-03 17:42:06,262 [INFO]   Pagina 407/562...
2026-06-03 17:42:07,511 [INFO]   50 compras recebidas | 50 validas
2026-06-03 17:42:08,313 [INFO]   Baixados 226 itens vinculados.
2026-06-03 17:42:21,032 [INFO]   Pagina 408/562...
2026-06-03 17:42:22,883 [INFO]   50 compras recebidas | 50 validas
2026-06-03 17:42:23,713 [INFO]   Baixados 131 itens vinculados.
2026-06-03 17:42:36,321 [INFO]   Pagina 409/562...
2026-06-03 17:42:37,451 [INFO]   50 compras recebidas | 50 validas
2026-06-03 17:42:38,244 [INFO]   Baixados 174 itens vinculados.
2026-06-03 17:42:55,553 [INFO]   Pagina 410/562...
2026-06-03 17:42:56,904 [INFO]   50 compras recebidas | 50 validas
2026-06-03 17:42:57,663 [INFO]   Baixados 213 itens vinculados.
2026-06-03 17:43:10,262 [INFO]   Pagina 411/562...
2026-06-03 17:43:11,105 [INFO]   50 compras recebidas | 50 validas
2026-06-03 17:43:11,883 [INFO]   Baixados 263 itens vinculados.
2026-06-03 17:43:25,083 [INFO]   Pagina 412/562...
2026-06-03 17:43:26,224 [INFO]   50 compras recebidas | 50 validas
2026-06-03 17:43:27,062 [INFO]   Baixados 295 itens vinculados.
2026-06-03 17:43:40,485 [INFO]   Pagina 413/562...
2026-06-03 17:43:41,374 [INFO]   50 compras recebidas | 50 validas
2026-06-03 17:43:42,214 [INFO]   Baixados 176 itens vinculados.
2026-06-03 17:43:56,313 [INFO]   Pagina 414/562...
2026-06-03 17:43:57,422 [INFO]   50 compras recebidas | 50 validas
2026-06-03 17:43:58,215 [INFO]   Baixados 176 itens vinculados.
2026-06-03 17:44:13,362 [INFO]   Pagina 415/562...
2026-06-03 17:44:14,475 [INFO]   50 compras recebidas | 50 validas
2026-06-03 17:44:15,296 [INFO]   Baixados 213 itens vinculados.
2026-06-03 17:44:29,293 [INFO]   Pagina 416/562...
2026-06-03 17:44:30,826 [INFO]   50 compras recebidas | 50 validas
2026-06-03 17:44:31,707 [INFO]   Baixados 264 itens vinculados.
2026-06-03 17:44:44,573 [INFO]   Pagina 417/562...
2026-06-03 17:44:45,364 [INFO]   50 compras recebidas | 50 validas
2026-06-03 17:44:46,173 [INFO]   Baixados 204 itens vinculados.
2026-06-03 17:44:59,753 [INFO]   Pagina 418/562...
2026-06-03 17:45:00,463 [INFO]   50 compras recebidas | 50 validas
2026-06-03 17:45:01,316 [INFO]   Baixados 168 itens vinculados.
2026-06-03 17:45:18,575 [INFO]   Pagina 419/562...
2026-06-03 17:45:19,723 [INFO]   50 compras recebidas | 50 validas
2026-06-03 17:45:20,526 [INFO]   Baixados 199 itens vinculados.
2026-06-03 17:45:33,274 [INFO]   Pagina 420/562...
2026-06-03 17:45:34,445 [INFO]   50 compras recebidas | 50 validas
2026-06-03 17:45:35,244 [INFO]   Baixados 236 itens vinculados.
2026-06-03 17:45:49,505 [INFO]   Pagina 421/562...
2026-06-03 17:45:50,404 [INFO]   50 compras recebidas | 50 validas
2026-06-03 17:45:51,146 [INFO]   Baixados 237 itens vinculados.
2026-06-03 17:46:06,143 [INFO]   Pagina 422/562...
2026-06-03 17:46:07,365 [INFO]   50 compras recebidas | 50 validas
2026-06-03 17:46:08,129 [INFO]   Baixados 223 itens vinculados.
2026-06-03 17:46:22,495 [INFO]   Pagina 423/562...
2026-06-03 17:46:23,568 [INFO]   50 compras recebidas | 50 validas
2026-06-03 17:46:27,307 [INFO]   Baixados 279 itens vinculados.
2026-06-03 17:46:41,439 [INFO]   Pagina 424/562...
2026-06-03 17:46:42,929 [INFO]   50 compras recebidas | 50 validas
2026-06-03 17:46:46,798 [INFO]   Baixados 270 itens vinculados.
2026-06-03 17:46:59,966 [INFO]   Pagina 425/562...
2026-06-03 17:47:03,506 [INFO]   50 compras recebidas | 50 validas
2026-06-03 17:47:09,982 [INFO]   Baixados 261 itens vinculados.
2026-06-03 17:47:25,114 [INFO]   Pagina 426/562...
2026-06-03 17:47:26,537 [INFO]   50 compras recebidas | 50 validas
2026-06-03 17:47:32,385 [INFO]   Baixados 223 itens vinculados.
2026-06-03 17:47:45,616 [INFO]   Pagina 427/562...
2026-06-03 17:47:46,766 [INFO]   50 compras recebidas | 50 validas
2026-06-03 17:47:47,585 [INFO]   Baixados 183 itens vinculados.
2026-06-03 17:48:00,506 [INFO]   Pagina 428/562...
2026-06-03 17:48:01,975 [INFO]   50 compras recebidas | 50 validas
2026-06-03 17:48:02,775 [INFO]   Baixados 190 itens vinculados.
2026-06-03 17:48:17,620 [INFO]   Pagina 429/562...
2026-06-03 17:48:18,905 [INFO]   50 compras recebidas | 50 validas
2026-06-03 17:48:20,445 [INFO]   Baixados 174 itens vinculados.
2026-06-03 17:48:34,844 [INFO]   Pagina 430/562...
2026-06-03 17:48:36,175 [INFO]   50 compras recebidas | 50 validas
2026-06-03 17:48:41,470 [INFO]   Baixados 179 itens vinculados.
2026-06-03 17:48:53,114 [INFO]   Pagina 431/562...
2026-06-03 17:48:53,987 [INFO]   50 compras recebidas | 50 validas
2026-06-03 17:48:57,540 [INFO]   Baixados 261 itens vinculados.
2026-06-03 17:49:10,006 [INFO]   Pagina 432/562...
2026-06-03 17:49:11,018 [INFO]   50 compras recebidas | 50 validas
2026-06-03 17:49:28,770 [INFO]   Baixados 260 itens vinculados.
2026-06-03 17:49:43,356 [INFO]   Pagina 433/562...
2026-06-03 17:49:44,195 [INFO]   50 compras recebidas | 50 validas
2026-06-03 17:49:44,946 [INFO]   Baixados 197 itens vinculados.
2026-06-03 17:49:57,256 [INFO]   Pagina 434/562...
2026-06-03 17:49:58,830 [INFO]   50 compras recebidas | 50 validas
2026-06-03 17:49:59,577 [INFO]   Baixados 241 itens vinculados.
2026-06-03 17:50:12,835 [INFO]   Pagina 435/562...
2026-06-03 17:50:13,978 [INFO]   50 compras recebidas | 50 validas
2026-06-03 17:50:23,548 [INFO]   Baixados 168 itens vinculados.
2026-06-03 17:50:36,679 [INFO]   Pagina 436/562...
2026-06-03 17:50:37,725 [INFO]   50 compras recebidas | 50 validas
2026-06-03 17:50:47,258 [INFO]   Baixados 210 itens vinculados.
2026-06-03 17:50:59,507 [INFO]   Pagina 437/562...
2026-06-03 17:51:00,596 [INFO]   50 compras recebidas | 50 validas
2026-06-03 17:51:05,940 [INFO]   Baixados 170 itens vinculados.
2026-06-03 17:51:18,667 [INFO]   Pagina 438/562...
2026-06-03 17:51:19,650 [INFO]   50 compras recebidas | 50 validas
2026-06-03 17:51:20,508 [INFO]   Baixados 216 itens vinculados.
2026-06-03 17:51:35,078 [INFO]   Pagina 439/562...
2026-06-03 17:51:36,214 [INFO]   50 compras recebidas | 50 validas
2026-06-03 17:51:38,909 [INFO]   Baixados 213 itens vinculados.
2026-06-03 17:51:51,789 [INFO]   Pagina 440/562...
2026-06-03 17:51:52,907 [INFO]   50 compras recebidas | 50 validas
2026-06-03 17:51:54,692 [INFO]   Baixados 259 itens vinculados.
2026-06-03 17:52:09,938 [INFO]   Pagina 441/562...
2026-06-03 17:52:10,989 [INFO]   50 compras recebidas | 50 validas
2026-06-03 17:52:14,647 [INFO]   Baixados 230 itens vinculados.
2026-06-03 17:52:26,198 [INFO]   Pagina 442/562...
2026-06-03 17:52:30,832 [INFO]   50 compras recebidas | 50 validas
2026-06-03 17:52:35,028 [INFO]   Baixados 199 itens vinculados.
2026-06-03 17:52:47,248 [INFO]   Pagina 443/562...
2026-06-03 17:52:50,951 [INFO]   50 compras recebidas | 50 validas
2026-06-03 17:52:54,539 [INFO]   Baixados 211 itens vinculados.
2026-06-03 17:53:07,829 [INFO]   Pagina 444/562...
2026-06-03 17:53:09,713 [INFO]   50 compras recebidas | 50 validas
2026-06-03 17:53:16,198 [INFO]   Baixados 253 itens vinculados.
2026-06-03 17:53:29,249 [INFO]   Pagina 445/562...
2026-06-03 17:53:29,928 [INFO]   50 compras recebidas | 50 validas
2026-06-03 17:53:37,020 [INFO]   Baixados 226 itens vinculados.
2026-06-03 17:53:51,299 [INFO]   Pagina 446/562...
2026-06-03 17:53:52,208 [INFO]   50 compras recebidas | 50 validas
2026-06-03 17:53:53,090 [INFO]   Baixados 182 itens vinculados.
2026-06-03 17:54:05,626 [INFO]   Pagina 447/562...
2026-06-03 17:54:06,518 [INFO]   50 compras recebidas | 50 validas
2026-06-03 17:54:07,279 [INFO]   Baixados 230 itens vinculados.
2026-06-03 17:54:19,348 [INFO]   Pagina 448/562...
2026-06-03 17:54:21,079 [INFO]   50 compras recebidas | 50 validas
2026-06-03 17:54:21,918 [INFO]   Baixados 183 itens vinculados.
2026-06-03 17:54:35,888 [INFO]   Pagina 449/562...
2026-06-03 17:54:36,789 [INFO]   50 compras recebidas | 50 validas
2026-06-03 17:54:37,549 [INFO]   Baixados 256 itens vinculados.
2026-06-03 17:54:51,481 [INFO]   Pagina 450/562...
2026-06-03 17:54:52,640 [INFO]   50 compras recebidas | 50 validas
2026-06-03 17:54:53,420 [INFO]   Baixados 259 itens vinculados.
2026-06-03 17:55:06,490 [INFO]   Pagina 451/562...
2026-06-03 17:55:07,580 [INFO]   50 compras recebidas | 50 validas
2026-06-03 17:55:08,383 [INFO]   Baixados 186 itens vinculados.
2026-06-03 17:55:21,270 [INFO]   Pagina 452/562...
2026-06-03 17:55:22,420 [INFO]   50 compras recebidas | 50 validas
2026-06-03 17:55:23,180 [INFO]   Baixados 263 itens vinculados.
2026-06-03 17:55:35,750 [INFO]   Pagina 453/562...
2026-06-03 17:55:37,121 [INFO]   50 compras recebidas | 50 validas
2026-06-03 17:55:37,889 [INFO]   Baixados 263 itens vinculados.
2026-06-03 17:55:50,371 [INFO]   Pagina 454/562...
2026-06-03 17:55:51,149 [INFO]   50 compras recebidas | 50 validas
2026-06-03 17:55:51,863 [INFO]   Baixados 202 itens vinculados.
2026-06-03 17:56:04,402 [INFO]   Pagina 455/562...
2026-06-03 17:56:05,431 [INFO]   50 compras recebidas | 50 validas
2026-06-03 17:56:06,201 [INFO]   Baixados 241 itens vinculados.
2026-06-03 17:56:19,310 [INFO]   Pagina 456/562...
2026-06-03 17:56:20,364 [INFO]   50 compras recebidas | 50 validas
2026-06-03 17:56:21,187 [INFO]   Baixados 153 itens vinculados.
2026-06-03 17:56:34,370 [INFO]   Pagina 457/562...
2026-06-03 17:56:35,420 [INFO]   50 compras recebidas | 50 validas
2026-06-03 17:56:36,220 [INFO]   Baixados 264 itens vinculados.
2026-06-03 17:56:51,301 [INFO]   Pagina 458/562...
2026-06-03 17:56:52,752 [INFO]   50 compras recebidas | 50 validas
2026-06-03 17:56:53,540 [INFO]   Baixados 253 itens vinculados.
2026-06-03 17:57:06,831 [INFO]   Pagina 459/562...
2026-06-03 17:57:07,550 [INFO]   50 compras recebidas | 50 validas
2026-06-03 17:57:08,350 [INFO]   Baixados 192 itens vinculados.
2026-06-03 17:57:21,129 [INFO]   Pagina 460/562...
2026-06-03 17:57:22,400 [INFO]   50 compras recebidas | 50 validas
2026-06-03 17:57:23,188 [INFO]   Baixados 223 itens vinculados.
2026-06-03 17:57:38,110 [INFO]   Pagina 461/562...
2026-06-03 17:57:39,470 [INFO]   50 compras recebidas | 50 validas
2026-06-03 17:57:40,300 [INFO]   Baixados 219 itens vinculados.
2026-06-03 17:57:54,401 [INFO]   Pagina 462/562...
2026-06-03 17:57:55,015 [INFO]   50 compras recebidas | 50 validas
2026-06-03 17:57:55,740 [INFO]   Baixados 231 itens vinculados.
2026-06-03 17:58:08,140 [INFO]   Pagina 463/562...
2026-06-03 17:58:08,921 [INFO]   50 compras recebidas | 50 validas
2026-06-03 17:58:09,720 [INFO]   Baixados 207 itens vinculados.
2026-06-03 17:58:21,871 [INFO]   Pagina 464/562...
2026-06-03 17:58:23,072 [INFO]   50 compras recebidas | 50 validas
2026-06-03 17:58:23,821 [INFO]   Baixados 270 itens vinculados.
2026-06-03 17:58:36,563 [INFO]   Pagina 465/562...
2026-06-03 17:58:37,597 [INFO]   50 compras recebidas | 50 validas
2026-06-03 17:58:38,332 [INFO]   Baixados 246 itens vinculados.
2026-06-03 17:58:51,492 [INFO]   Pagina 466/562...
2026-06-03 17:58:52,703 [INFO]   50 compras recebidas | 50 validas
2026-06-03 17:58:53,480 [INFO]   Baixados 225 itens vinculados.
2026-06-03 17:59:05,172 [INFO]   Pagina 467/562...
2026-06-03 17:59:05,963 [INFO]   50 compras recebidas | 50 validas
2026-06-03 17:59:06,712 [INFO]   Baixados 208 itens vinculados.
2026-06-03 17:59:19,764 [INFO]   Pagina 468/562...
2026-06-03 17:59:20,605 [INFO]   50 compras recebidas | 50 validas
2026-06-03 17:59:22,463 [INFO]   Baixados 213 itens vinculados.
2026-06-03 17:59:34,731 [INFO]   Pagina 469/562...
2026-06-03 17:59:35,843 [INFO]   50 compras recebidas | 50 validas
2026-06-03 17:59:36,671 [INFO]   Baixados 226 itens vinculados.
2026-06-03 17:59:50,338 [INFO]   Pagina 470/562...
2026-06-03 17:59:51,144 [INFO]   50 compras recebidas | 50 validas
2026-06-03 17:59:51,879 [INFO]   Baixados 218 itens vinculados.
2026-06-03 18:00:04,004 [INFO]   Pagina 471/562...
2026-06-03 18:02:09,294 [INFO]   50 compras recebidas | 50 validas
2026-06-03 18:02:10,173 [INFO]   Baixados 240 itens vinculados.
2026-06-03 18:02:24,924 [INFO]   Pagina 472/562...
2026-06-03 18:02:26,240 [INFO]   50 compras recebidas | 50 validas
2026-06-03 18:02:27,053 [INFO]   Baixados 191 itens vinculados.
2026-06-03 18:02:39,772 [INFO]   Pagina 473/562...
2026-06-03 18:02:42,210 [INFO]   50 compras recebidas | 50 validas
2026-06-03 18:02:44,208 [INFO]   Baixados 286 itens vinculados.
2026-06-03 18:02:57,084 [INFO]   Pagina 474/562...
2026-06-03 18:02:58,495 [INFO]   50 compras recebidas | 50 validas
2026-06-03 18:02:59,288 [INFO]   Baixados 177 itens vinculados.
2026-06-03 18:03:12,093 [INFO]   Pagina 475/562...
2026-06-03 18:03:13,876 [INFO]   50 compras recebidas | 50 validas
2026-06-03 18:03:14,653 [INFO]   Baixados 218 itens vinculados.
2026-06-03 18:03:27,806 [INFO]   Pagina 476/562...
2026-06-03 18:03:29,316 [INFO]   50 compras recebidas | 50 validas
2026-06-03 18:03:30,196 [INFO]   Baixados 219 itens vinculados.
2026-06-03 18:03:43,514 [INFO]   Pagina 477/562...
2026-06-03 18:03:46,984 [INFO]   50 compras recebidas | 50 validas
2026-06-03 18:03:51,219 [INFO]   Baixados 218 itens vinculados.
2026-06-03 18:04:04,486 [INFO]   Pagina 478/562...
2026-06-03 18:04:06,119 [INFO]   50 compras recebidas | 50 validas
2026-06-03 18:04:07,017 [INFO]   Baixados 208 itens vinculados.
2026-06-03 18:04:22,173 [INFO]   Pagina 479/562...
2026-06-03 18:04:24,097 [INFO]   50 compras recebidas | 50 validas
2026-06-03 18:04:26,144 [INFO]   Baixados 226 itens vinculados.
2026-06-03 18:04:39,064 [INFO]   Pagina 480/562...
2026-06-03 18:04:40,274 [INFO]   50 compras recebidas | 50 validas
2026-06-03 18:04:41,075 [INFO]   Baixados 209 itens vinculados.
2026-06-03 18:04:55,194 [INFO]   Pagina 481/562...
2026-06-03 18:04:56,160 [INFO]   50 compras recebidas | 50 validas
2026-06-03 18:04:56,946 [INFO]   Baixados 168 itens vinculados.
2026-06-03 18:05:08,923 [INFO]   Pagina 482/562...
2026-06-03 18:05:10,037 [INFO]   50 compras recebidas | 50 validas
2026-06-03 18:05:17,465 [INFO]   Baixados 133 itens vinculados.
2026-06-03 18:05:30,207 [INFO]   Pagina 483/562...
2026-06-03 18:05:33,058 [INFO]   50 compras recebidas | 50 validas
2026-06-03 18:05:34,157 [INFO]   Baixados 153 itens vinculados.
2026-06-03 18:05:46,467 [INFO]   Pagina 484/562...
2026-06-03 18:05:47,215 [INFO]   50 compras recebidas | 50 validas
2026-06-03 18:05:48,064 [INFO]   Baixados 222 itens vinculados.
2026-06-03 18:06:00,673 [INFO]   Pagina 485/562...
2026-06-03 18:06:02,348 [INFO]   50 compras recebidas | 50 validas
2026-06-03 18:06:03,279 [INFO]   Baixados 207 itens vinculados.
2026-06-03 18:06:16,165 [INFO]   Pagina 486/562...
2026-06-03 18:06:17,318 [INFO]   50 compras recebidas | 50 validas
2026-06-03 18:06:18,187 [INFO]   Baixados 230 itens vinculados.
2026-06-03 18:06:31,274 [INFO]   Pagina 487/562...
2026-06-03 18:06:32,567 [INFO]   50 compras recebidas | 50 validas
2026-06-03 18:06:34,915 [INFO]   Baixados 206 itens vinculados.
2026-06-03 18:06:48,916 [INFO]   Pagina 488/562...
2026-06-03 18:06:50,231 [INFO]   50 compras recebidas | 50 validas
2026-06-03 18:06:51,045 [INFO]   Baixados 207 itens vinculados.
2026-06-03 18:07:03,615 [INFO]   Pagina 489/562...
2026-06-03 18:07:05,653 [INFO]   50 compras recebidas | 50 validas
2026-06-03 18:07:06,445 [INFO]   Baixados 169 itens vinculados.
2026-06-03 18:07:19,935 [INFO]   Pagina 490/562...
2026-06-03 18:07:21,665 [INFO]   50 compras recebidas | 50 validas
2026-06-03 18:07:24,338 [INFO]   Baixados 191 itens vinculados.
2026-06-03 18:07:36,354 [INFO]   Pagina 491/562...
2026-06-03 18:07:36,934 [INFO]   50 compras recebidas | 50 validas
2026-06-03 18:07:41,607 [INFO]   Baixados 198 itens vinculados.
2026-06-03 18:07:54,544 [INFO]   Pagina 492/562...
2026-06-03 18:07:55,584 [INFO]   50 compras recebidas | 50 validas
2026-06-03 18:07:56,368 [INFO]   Baixados 270 itens vinculados.
2026-06-03 18:08:09,254 [INFO]   Pagina 493/562...
2026-06-03 18:08:10,014 [INFO]   50 compras recebidas | 50 validas
2026-06-03 18:08:10,854 [INFO]   Baixados 260 itens vinculados.
2026-06-03 18:08:24,655 [INFO]   Pagina 494/562...
2026-06-03 18:08:26,074 [INFO]   50 compras recebidas | 50 validas
2026-06-03 18:08:26,854 [INFO]   Baixados 233 itens vinculados.
2026-06-03 18:08:40,263 [INFO]   Pagina 495/562...
2026-06-03 18:08:41,452 [INFO]   50 compras recebidas | 50 validas
2026-06-03 18:08:42,170 [INFO]   Baixados 188 itens vinculados.
2026-06-03 18:08:53,973 [INFO]   Pagina 496/562...
2026-06-03 18:08:55,087 [INFO]   50 compras recebidas | 50 validas
2026-06-03 18:08:55,867 [INFO]   Baixados 218 itens vinculados.
2026-06-03 18:09:09,723 [INFO]   Pagina 497/562...
2026-06-03 18:09:10,804 [INFO]   50 compras recebidas | 50 validas
2026-06-03 18:09:11,704 [INFO]   Baixados 254 itens vinculados.
2026-06-03 18:09:23,725 [INFO]   Pagina 498/562...
2026-06-03 18:09:24,904 [INFO]   50 compras recebidas | 50 validas
2026-06-03 18:09:25,694 [INFO]   Baixados 241 itens vinculados.
2026-06-03 18:09:42,184 [INFO]   Pagina 499/562...
2026-06-03 18:09:43,153 [INFO]   50 compras recebidas | 50 validas
2026-06-03 18:09:43,943 [INFO]   Baixados 271 itens vinculados.
2026-06-03 18:09:57,634 [INFO]   Pagina 500/562...
2026-06-03 18:09:58,773 [INFO]   50 compras recebidas | 50 validas
2026-06-03 18:09:59,583 [INFO]   Baixados 218 itens vinculados.
2026-06-03 18:10:12,875 [INFO]   Pagina 501/562...
2026-06-03 18:10:14,064 [INFO]   50 compras recebidas | 50 validas
2026-06-03 18:10:14,864 [INFO]   Baixados 240 itens vinculados.
2026-06-03 18:10:28,373 [INFO]   Pagina 502/562...
2026-06-03 18:10:29,412 [INFO]   50 compras recebidas | 50 validas
2026-06-03 18:10:30,243 [INFO]   Baixados 159 itens vinculados.
2026-06-03 18:10:43,014 [INFO]   Pagina 503/562...
2026-06-03 18:10:44,084 [INFO]   50 compras recebidas | 50 validas
2026-06-03 18:10:44,879 [INFO]   Baixados 247 itens vinculados.
2026-06-03 18:10:58,143 [INFO]   Pagina 504/562...
2026-06-03 18:10:59,134 [INFO]   50 compras recebidas | 50 validas
2026-06-03 18:10:59,944 [INFO]   Baixados 221 itens vinculados.
2026-06-03 18:11:12,934 [INFO]   Pagina 505/562...
2026-06-03 18:11:14,134 [INFO]   50 compras recebidas | 50 validas
2026-06-03 18:11:14,926 [INFO]   Baixados 203 itens vinculados.
2026-06-03 18:11:29,074 [INFO]   Pagina 506/562...
2026-06-03 18:11:30,304 [INFO]   50 compras recebidas | 50 validas
2026-06-03 18:11:31,074 [INFO]   Baixados 237 itens vinculados.
2026-06-03 18:11:44,044 [INFO]   Pagina 507/562...
2026-06-03 18:11:44,754 [INFO]   50 compras recebidas | 50 validas
2026-06-03 18:11:45,514 [INFO]   Baixados 182 itens vinculados.
2026-06-03 18:11:58,073 [INFO]   Pagina 508/562...
2026-06-03 18:11:58,774 [INFO]   50 compras recebidas | 50 validas
2026-06-03 18:11:59,603 [INFO]   Baixados 222 itens vinculados.
2026-06-03 18:12:15,043 [INFO]   Pagina 509/562...
2026-06-03 18:12:16,203 [INFO]   50 compras recebidas | 50 validas
2026-06-03 18:12:16,973 [INFO]   Baixados 174 itens vinculados.
2026-06-03 18:12:30,073 [INFO]   Pagina 510/562...
2026-06-03 18:12:31,014 [INFO]   50 compras recebidas | 50 validas
2026-06-03 18:12:31,711 [INFO]   Baixados 174 itens vinculados.
2026-06-03 18:12:44,534 [INFO]   Pagina 511/562...
2026-06-03 18:12:45,191 [INFO]   50 compras recebidas | 50 validas
2026-06-03 18:12:45,984 [INFO]   Baixados 150 itens vinculados.
2026-06-03 18:12:59,333 [INFO]   Pagina 512/562...
2026-06-03 18:13:00,674 [INFO]   50 compras recebidas | 50 validas
2026-06-03 18:13:01,484 [INFO]   Baixados 240 itens vinculados.
2026-06-03 18:13:14,264 [INFO]   Pagina 513/562...
2026-06-03 18:13:15,094 [INFO]   50 compras recebidas | 50 validas
2026-06-03 18:13:15,831 [INFO]   Baixados 238 itens vinculados.
2026-06-03 18:13:28,552 [INFO]   Pagina 514/562...
2026-06-03 18:13:29,603 [INFO]   50 compras recebidas | 50 validas
2026-06-03 18:13:30,413 [INFO]   Baixados 285 itens vinculados.
2026-06-03 18:13:44,913 [INFO]   Pagina 515/562...
2026-06-03 18:13:46,246 [INFO]   50 compras recebidas | 50 validas
2026-06-03 18:13:47,103 [INFO]   Baixados 198 itens vinculados.
2026-06-03 18:14:00,003 [INFO]   Pagina 516/562...
2026-06-03 18:14:01,004 [INFO]   50 compras recebidas | 50 validas
2026-06-03 18:14:01,934 [INFO]   Baixados 246 itens vinculados.
2026-06-03 18:14:16,463 [INFO]   Pagina 517/562...
2026-06-03 18:14:17,414 [INFO]   50 compras recebidas | 50 validas
2026-06-03 18:14:18,194 [INFO]   Baixados 227 itens vinculados.
2026-06-03 18:14:30,523 [INFO]   Pagina 518/562...
2026-06-03 18:14:31,343 [INFO]   50 compras recebidas | 50 validas
2026-06-03 18:14:32,323 [INFO]   Baixados 244 itens vinculados.
2026-06-03 18:14:45,593 [INFO]   Pagina 519/562...
2026-06-03 18:14:46,673 [INFO]   50 compras recebidas | 50 validas
2026-06-03 18:14:47,464 [INFO]   Baixados 275 itens vinculados.
2026-06-03 18:15:00,103 [INFO]   Pagina 520/562...
2026-06-03 18:15:01,094 [INFO]   50 compras recebidas | 50 validas
2026-06-03 18:15:01,913 [INFO]   Baixados 205 itens vinculados.
2026-06-03 18:15:15,114 [INFO]   Pagina 521/562...
2026-06-03 18:15:16,323 [INFO]   50 compras recebidas | 50 validas
2026-06-03 18:15:17,134 [INFO]   Baixados 235 itens vinculados.
2026-06-03 18:15:30,574 [INFO]   Pagina 522/562...
2026-06-03 18:15:31,654 [INFO]   50 compras recebidas | 50 validas
2026-06-03 18:15:32,474 [INFO]   Baixados 288 itens vinculados.
2026-06-03 18:15:44,324 [INFO]   Pagina 523/562...
2026-06-03 18:15:45,383 [INFO]   50 compras recebidas | 50 validas
2026-06-03 18:15:46,153 [INFO]   Baixados 254 itens vinculados.
2026-06-03 18:15:59,823 [INFO]   Pagina 524/562...
2026-06-03 18:16:01,043 [INFO]   50 compras recebidas | 50 validas
2026-06-03 18:16:01,773 [INFO]   Baixados 248 itens vinculados.
2026-06-03 18:16:16,094 [INFO]   Pagina 525/562...
2026-06-03 18:16:16,995 [INFO]   50 compras recebidas | 50 validas
2026-06-03 18:16:17,815 [INFO]   Baixados 208 itens vinculados.
2026-06-03 18:16:30,224 [INFO]   Pagina 526/562...
2026-06-03 18:16:31,404 [INFO]   50 compras recebidas | 50 validas
2026-06-03 18:16:32,135 [INFO]   Baixados 163 itens vinculados.
2026-06-03 18:16:44,290 [INFO]   Pagina 527/562...
2026-06-03 18:16:45,444 [INFO]   50 compras recebidas | 50 validas
2026-06-03 18:16:46,204 [INFO]   Baixados 213 itens vinculados.
2026-06-03 18:16:59,253 [INFO]   Pagina 528/562...
2026-06-03 18:17:00,414 [INFO]   50 compras recebidas | 50 validas
2026-06-03 18:17:01,174 [INFO]   Baixados 249 itens vinculados.
2026-06-03 18:17:14,274 [INFO]   Pagina 529/562...
2026-06-03 18:17:15,346 [INFO]   50 compras recebidas | 50 validas
2026-06-03 18:17:16,184 [INFO]   Baixados 184 itens vinculados.
2026-06-03 18:17:28,503 [INFO]   Pagina 530/562...
2026-06-03 18:17:29,624 [INFO]   50 compras recebidas | 50 validas
2026-06-03 18:17:30,464 [INFO]   Baixados 242 itens vinculados.
2026-06-03 18:17:42,915 [INFO]   Pagina 531/562...
2026-06-03 18:17:45,037 [INFO]   50 compras recebidas | 50 validas
2026-06-03 18:17:46,064 [INFO]   Baixados 257 itens vinculados.
2026-06-03 18:18:02,263 [INFO]   Pagina 532/562...
2026-06-03 18:18:08,371 [INFO]   50 compras recebidas | 50 validas
2026-06-03 18:18:09,175 [INFO]   Baixados 239 itens vinculados.
2026-06-03 18:18:25,594 [INFO]   Pagina 533/562...
2026-06-03 18:18:27,726 [INFO]   50 compras recebidas | 50 validas
2026-06-03 18:18:28,504 [INFO]   Baixados 261 itens vinculados.
2026-06-03 18:18:43,290 [INFO]   Pagina 534/562...
2026-06-03 18:18:44,414 [INFO]   50 compras recebidas | 50 validas
2026-06-03 18:18:45,142 [INFO]   Baixados 193 itens vinculados.
2026-06-03 18:18:58,445 [INFO]   Pagina 535/562...
2026-06-03 18:18:59,445 [INFO]   50 compras recebidas | 50 validas
2026-06-03 18:19:00,240 [INFO]   Baixados 226 itens vinculados.
2026-06-03 18:19:13,264 [INFO]   Pagina 536/562...
2026-06-03 18:19:14,205 [INFO]   50 compras recebidas | 50 validas
2026-06-03 18:19:15,015 [INFO]   Baixados 211 itens vinculados.
2026-06-03 18:19:28,894 [INFO]   Pagina 537/562...
2026-06-03 18:19:30,115 [INFO]   50 compras recebidas | 50 validas
2026-06-03 18:19:30,934 [INFO]   Baixados 260 itens vinculados.
2026-06-03 18:19:43,644 [INFO]   Pagina 538/562...
2026-06-03 18:19:44,785 [INFO]   50 compras recebidas | 50 validas
2026-06-03 18:19:58,625 [INFO]   Baixados 220 itens vinculados.
2026-06-03 18:20:13,014 [INFO]   Pagina 539/562...
2026-06-03 18:20:14,394 [INFO]   50 compras recebidas | 50 validas
2026-06-03 18:20:15,187 [INFO]   Baixados 176 itens vinculados.
2026-06-03 18:20:28,635 [INFO]   Pagina 540/562...
2026-06-03 18:20:29,835 [INFO]   50 compras recebidas | 50 validas
2026-06-03 18:20:30,624 [INFO]   Baixados 233 itens vinculados.
2026-06-03 18:20:44,944 [INFO]   Pagina 541/562...
2026-06-03 18:20:46,194 [INFO]   50 compras recebidas | 50 validas
2026-06-03 18:20:47,004 [INFO]   Baixados 200 itens vinculados.
2026-06-03 18:21:02,164 [INFO]   Pagina 542/562...
2026-06-03 18:21:03,287 [INFO]   50 compras recebidas | 50 validas
2026-06-03 18:21:04,114 [INFO]   Baixados 225 itens vinculados.
2026-06-03 18:21:17,504 [INFO]   Pagina 543/562...
2026-06-03 18:21:18,724 [INFO]   50 compras recebidas | 50 validas
2026-06-03 18:21:23,027 [INFO]   Baixados 181 itens vinculados.
2026-06-03 18:21:34,854 [INFO]   Pagina 544/562...
2026-06-03 18:21:35,606 [INFO]   50 compras recebidas | 50 validas
2026-06-03 18:21:36,465 [INFO]   Baixados 206 itens vinculados.
2026-06-03 18:21:49,655 [INFO]   Pagina 545/562...
2026-06-03 18:21:50,675 [INFO]   50 compras recebidas | 50 validas
2026-06-03 18:21:55,030 [INFO]   Baixados 223 itens vinculados.
2026-06-03 18:22:09,194 [INFO]   Pagina 546/562...
2026-06-03 18:22:10,357 [INFO]   50 compras recebidas | 50 validas
2026-06-03 18:22:11,114 [INFO]   Baixados 218 itens vinculados.
2026-06-03 18:22:23,295 [INFO]   Pagina 547/562...
2026-06-03 18:22:24,757 [INFO]   50 compras recebidas | 50 validas
2026-06-03 18:22:25,524 [INFO]   Baixados 230 itens vinculados.
2026-06-03 18:22:37,384 [INFO]   Pagina 548/562...
2026-06-03 18:22:38,075 [INFO]   50 compras recebidas | 50 validas
2026-06-03 18:22:38,855 [INFO]   Baixados 257 itens vinculados.
2026-06-03 18:22:51,505 [INFO]   Pagina 549/562...
2026-06-03 18:22:52,205 [INFO]   50 compras recebidas | 50 validas
2026-06-03 18:22:52,989 [INFO]   Baixados 245 itens vinculados.
2026-06-03 18:23:06,105 [INFO]   Pagina 550/562...
2026-06-03 18:23:06,825 [INFO]   50 compras recebidas | 50 validas
2026-06-03 18:23:07,605 [INFO]   Baixados 289 itens vinculados.
2026-06-03 18:23:20,376 [INFO]   Pagina 551/562...
2026-06-03 18:23:21,397 [INFO]   50 compras recebidas | 50 validas
2026-06-03 18:23:22,197 [INFO]   Baixados 175 itens vinculados.
2026-06-03 18:23:35,174 [INFO]   Pagina 552/562...
2026-06-03 18:23:36,225 [INFO]   50 compras recebidas | 50 validas
2026-06-03 18:23:37,025 [INFO]   Baixados 203 itens vinculados.
2026-06-03 18:23:49,985 [INFO]   Pagina 553/562...
2026-06-03 18:23:50,645 [INFO]   50 compras recebidas | 50 validas
2026-06-03 18:23:51,485 [INFO]   Baixados 215 itens vinculados.
2026-06-03 18:24:05,407 [INFO]   Pagina 554/562...
2026-06-03 18:24:06,455 [INFO]   50 compras recebidas | 50 validas
2026-06-03 18:24:07,328 [INFO]   Baixados 213 itens vinculados.
2026-06-03 18:24:20,076 [INFO]   Pagina 555/562...
2026-06-03 18:24:21,245 [INFO]   50 compras recebidas | 50 validas
2026-06-03 18:24:22,075 [INFO]   Baixados 223 itens vinculados.
2026-06-03 18:24:34,916 [INFO]   Pagina 556/562...
2026-06-03 18:24:36,096 [INFO]   50 compras recebidas | 50 validas
2026-06-03 18:24:36,895 [INFO]   Baixados 188 itens vinculados.
2026-06-03 18:24:49,976 [INFO]   Pagina 557/562...
2026-06-03 18:24:51,018 [INFO]   50 compras recebidas | 50 validas
2026-06-03 18:24:51,756 [INFO]   Baixados 207 itens vinculados.
2026-06-03 18:25:03,935 [INFO]   Pagina 558/562...
2026-06-03 18:25:05,661 [INFO]   50 compras recebidas | 50 validas
2026-06-03 18:25:06,414 [INFO]   Baixados 225 itens vinculados.
2026-06-03 18:25:21,316 [INFO]   Pagina 559/562...
2026-06-03 18:25:22,226 [INFO]   50 compras recebidas | 50 validas
2026-06-03 18:25:23,045 [INFO]   Baixados 233 itens vinculados.
2026-06-03 18:25:35,755 [INFO]   Pagina 560/562...
2026-06-03 18:25:36,876 [INFO]   50 compras recebidas | 50 validas
2026-06-03 18:25:37,646 [INFO]   Baixados 233 itens vinculados.
2026-06-03 18:25:51,125 [INFO]   Pagina 561/562...
2026-06-03 18:25:52,090 [INFO]   50 compras recebidas | 50 validas
2026-06-03 18:25:52,815 [INFO]   Baixados 215 itens vinculados.
2026-06-03 18:26:06,646 [INFO]   Pagina 562/562...
2026-06-03 18:26:07,716 [INFO]   50 compras recebidas | 50 validas
2026-06-03 18:26:08,496 [INFO]   Baixados 196 itens vinculados.
2026-06-03 18:26:18,046 [INFO] ============================================================
2026-06-03 18:26:18,046 [INFO] Extracao concluida!
2026-06-03 18:26:18,046 [INFO]   Total compras salvas: 28000
2026-06-03 18:26:18,046 [INFO]   Total itens salvos:   123708
2026-06-03 18:26:18,046 [WARNING]   Paginas com erro (puladas): [76, 284]
2026-06-03 18:26:18,047 [INFO] ============================================================
2026-06-03 18:26:20,788 [INFO] Iniciando extracao PNCP: 20260801 -> 20261231
2026-06-03 18:26:24,698 [INFO] Tabelas compras_abertas e compras_abertas_itens verificadas/criadas.
2026-06-03 18:26:24,700 [INFO] Checkpoint encontrado: retomando da pagina 651 (30929 compras ja salvas)
2026-06-03 18:26:24,701 [INFO] Iniciando da pagina 651 | Compras salvas: 30929 | Itens salvos: 0
2026-06-03 18:26:24,701 [INFO]   Pagina 651/650...
2026-06-03 18:26:26,026 [INFO]   50 compras recebidas | 50 validas
2026-06-03 18:26:26,840 [INFO]   Baixados 259 itens vinculados.
2026-06-03 18:26:38,545 [INFO] ============================================================
2026-06-03 18:26:38,545 [INFO] Extracao concluida!
2026-06-03 18:26:38,545 [INFO]   Total compras salvas: 30979
2026-06-03 18:26:38,545 [INFO]   Total itens salvos:   259
2026-06-03 18:26:38,545 [WARNING]   Paginas com erro (puladas): [10, 26, 28, 61, 88, 100, 117, 122, 136, 137, 153, 163, 172, 189, 275, 308, 329, 374, 402, 414, 431, 445, 460, 483, 551, 604, 614, 621, 627, 628, 635]
2026-06-03 18:26:38,545 [INFO] ============================================================
2026-06-03 18:28:48,366 [INFO] Iniciando extracao PNCP: 20261231 -> 20261231
2026-06-03 18:28:50,856 [INFO] Tabelas compras_abertas e compras_abertas_itens verificadas/criadas.
2026-06-03 18:28:50,857 [INFO] Checkpoint encontrado: retomando da pagina 652 (30979 compras ja salvas)
2026-06-03 18:28:50,857 [INFO] Iniciando da pagina 652 | Compras salvas: 30979 | Itens salvos: 259
2026-06-03 18:28:50,857 [INFO]   Pagina 652/650...
2026-06-03 18:28:51,797 [INFO]   50 compras recebidas | 50 validas
2026-06-03 18:28:52,516 [INFO]   Baixados 201 itens vinculados.
2026-06-03 18:29:05,050 [INFO] ============================================================
2026-06-03 18:29:05,050 [INFO] Extracao concluida!
2026-06-03 18:29:05,050 [INFO]   Total compras salvas: 31029
2026-06-03 18:29:05,050 [INFO]   Total itens salvos:   460
2026-06-03 18:29:05,050 [WARNING]   Paginas com erro (puladas): [10, 26, 28, 61, 88, 100, 117, 122, 136, 137, 153, 163, 172, 189, 275, 308, 329, 374, 402, 414, 431, 445, 460, 483, 551, 604, 614, 621, 627, 628, 635]
2026-06-03 18:29:05,050 [INFO] ============================================================
2026-06-03 18:29:50,382 [INFO] Iniciando extracao PNCP: 20261230 -> 20261230
2026-06-03 18:29:52,949 [INFO] Tabelas compras_abertas e compras_abertas_itens verificadas/criadas.
2026-06-03 18:29:52,949 [INFO] Iniciando da pagina 1 | Compras salvas: 0 | Itens salvos: 0
2026-06-03 18:29:52,949 [INFO]   Pagina 1...
2026-06-03 18:29:57,502 [INFO]   50 compras recebidas | 50 validas
2026-06-03 18:29:58,327 [INFO]   Baixados 149 itens vinculados.
2026-06-03 18:30:12,598 [INFO]   Pagina 2/637...
2026-06-03 18:30:22,653 [INFO]   50 compras recebidas | 50 validas
2026-06-03 18:30:23,438 [INFO]   Baixados 175 itens vinculados.
2026-06-03 18:30:37,937 [INFO]   Pagina 3/637...
2026-06-03 18:30:49,920 [INFO]   50 compras recebidas | 50 validas
2026-06-03 18:30:50,717 [INFO]   Baixados 221 itens vinculados.
2026-06-03 18:31:05,488 [INFO]   Pagina 4/637...
2026-06-03 18:31:15,040 [INFO]   50 compras recebidas | 50 validas
2026-06-03 18:31:15,777 [INFO]   Baixados 219 itens vinculados.
2026-06-03 18:31:30,548 [INFO]   Pagina 5/637...
2026-06-03 18:31:44,817 [INFO]   50 compras recebidas | 50 validas
2026-06-03 18:31:45,618 [INFO]   Baixados 207 itens vinculados.
2026-06-03 18:31:59,184 [INFO]   Pagina 6/637...
2026-06-03 18:32:11,467 [INFO]   50 compras recebidas | 50 validas
2026-06-03 18:32:12,258 [INFO]   Baixados 244 itens vinculados.
2026-06-03 18:32:26,338 [INFO]   Pagina 7/637...
2026-06-03 18:32:41,190 [INFO]   50 compras recebidas | 50 validas
2026-06-03 18:32:42,047 [INFO]   Baixados 234 itens vinculados.
2026-06-03 18:32:56,707 [INFO]   Pagina 8/637...
2026-06-03 18:33:01,091 [INFO]   50 compras recebidas | 50 validas
2026-06-03 18:33:01,920 [INFO]   Baixados 231 itens vinculados.
2026-06-03 18:33:18,299 [INFO]   Pagina 9/637...
2026-06-03 18:33:19,608 [INFO]   50 compras recebidas | 50 validas
2026-06-03 18:33:20,408 [INFO]   Baixados 270 itens vinculados.
2026-06-03 18:33:36,029 [INFO]   Pagina 10/637...
2026-06-03 18:33:37,063 [INFO]   50 compras recebidas | 50 validas
2026-06-03 18:33:37,989 [INFO]   Baixados 220 itens vinculados.
2026-06-03 18:33:52,878 [INFO]   Pagina 11/637...
2026-06-03 18:33:53,790 [INFO]   50 compras recebidas | 50 validas
2026-06-03 18:33:54,650 [INFO]   Baixados 218 itens vinculados.
2026-06-03 18:34:10,540 [INFO]   Pagina 12/637...
2026-06-03 18:34:11,638 [INFO]   50 compras recebidas | 50 validas
2026-06-03 18:34:12,443 [INFO]   Baixados 226 itens vinculados.
2026-06-03 18:34:28,071 [INFO]   Pagina 13/637...
2026-06-03 18:34:29,863 [INFO]   50 compras recebidas | 50 validas
2026-06-03 18:34:30,708 [INFO]   Baixados 261 itens vinculados.
2026-06-03 18:34:44,788 [INFO]   Pagina 14/637...
2026-06-03 18:34:46,078 [INFO]   50 compras recebidas | 50 validas
2026-06-03 18:34:58,589 [INFO]   Baixados 214 itens vinculados.
2026-06-03 18:35:14,149 [INFO]   Pagina 15/637...
2026-06-03 18:35:15,479 [INFO]   50 compras recebidas | 50 validas
2026-06-03 18:35:16,280 [INFO]   Baixados 208 itens vinculados.
2026-06-03 18:35:30,200 [INFO]   Pagina 16/637...
2026-06-03 18:35:31,059 [INFO]   50 compras recebidas | 50 validas
2026-06-03 18:35:31,969 [INFO]   Baixados 174 itens vinculados.
2026-06-03 18:35:47,098 [INFO]   Pagina 17/637...
2026-06-03 18:35:47,889 [INFO]   50 compras recebidas | 50 validas
2026-06-03 18:35:48,668 [INFO]   Baixados 174 itens vinculados.
2026-06-03 18:36:01,458 [INFO]   Pagina 18/637...
2026-06-03 18:36:02,103 [INFO]   50 compras recebidas | 50 validas
2026-06-03 18:36:02,930 [INFO]   Baixados 216 itens vinculados.
2026-06-03 18:36:18,650 [INFO]   Pagina 19/637...
2026-06-03 18:36:19,461 [INFO]   50 compras recebidas | 50 validas
2026-06-03 18:36:20,322 [INFO]   Baixados 269 itens vinculados.
2026-06-03 18:36:37,210 [INFO]   Pagina 20/637...
2026-06-03 18:36:38,398 [INFO]   50 compras recebidas | 50 validas
2026-06-03 18:36:39,210 [INFO]   Baixados 251 itens vinculados.
2026-06-03 18:37:04,919 [INFO]   Pagina 21/637...
2026-06-03 18:37:05,609 [INFO]   50 compras recebidas | 50 validas
2026-06-03 18:37:06,389 [INFO]   Baixados 203 itens vinculados.
2026-06-03 18:37:21,341 [INFO]   Pagina 22/637...
2026-06-03 18:37:22,280 [INFO]   50 compras recebidas | 50 validas
2026-06-03 18:37:23,023 [INFO]   Baixados 233 itens vinculados.
2026-06-03 18:37:37,650 [INFO]   Pagina 23/637...
2026-06-03 18:37:38,770 [INFO]   50 compras recebidas | 50 validas
2026-06-03 18:37:39,569 [INFO]   Baixados 258 itens vinculados.
2026-06-03 18:37:54,323 [INFO]   Pagina 24/637...
2026-06-03 18:37:55,380 [INFO]   50 compras recebidas | 50 validas
2026-06-03 18:37:56,200 [INFO]   Baixados 247 itens vinculados.
2026-06-03 18:38:10,791 [INFO]   Pagina 25/637...
2026-06-03 18:38:12,592 [INFO]   50 compras recebidas | 50 validas
2026-06-03 18:38:13,350 [INFO]   Baixados 170 itens vinculados.
2026-06-03 18:38:27,970 [INFO]   Pagina 26/637...
2026-06-03 18:38:29,070 [INFO]   50 compras recebidas | 50 validas
2026-06-03 18:38:32,512 [INFO]   Baixados 230 itens vinculados.
2026-06-03 18:38:48,120 [INFO]   Pagina 27/637...
2026-06-03 18:38:49,080 [INFO]   50 compras recebidas | 50 validas
2026-06-03 18:38:49,900 [INFO]   Baixados 144 itens vinculados.
2026-06-03 18:39:05,401 [INFO]   Pagina 28/637...
2026-06-03 18:39:06,702 [INFO]   50 compras recebidas | 50 validas
2026-06-03 18:39:07,554 [INFO]   Baixados 156 itens vinculados.
2026-06-03 18:39:22,210 [INFO]   Pagina 29/637...
2026-06-03 18:39:23,470 [INFO]   50 compras recebidas | 50 validas
2026-06-03 18:39:24,291 [INFO]   Baixados 215 itens vinculados.
2026-06-03 18:39:40,760 [INFO]   Pagina 30/637...
2026-06-03 18:39:41,810 [INFO]   50 compras recebidas | 50 validas
2026-06-03 18:39:42,567 [INFO]   Baixados 245 itens vinculados.
2026-06-03 18:39:58,730 [INFO]   Pagina 31/637...
2026-06-03 18:39:59,393 [INFO]   50 compras recebidas | 50 validas
2026-06-03 18:40:00,213 [INFO]   Baixados 199 itens vinculados.
2026-06-03 18:40:13,560 [INFO]   Pagina 32/637...
2026-06-03 18:40:14,691 [INFO]   50 compras recebidas | 50 validas
2026-06-03 18:40:15,481 [INFO]   Baixados 163 itens vinculados.
2026-06-03 18:40:30,131 [INFO]   Pagina 33/637...
2026-06-03 18:40:31,131 [INFO]   50 compras recebidas | 50 validas
2026-06-03 18:40:31,991 [INFO]   Baixados 221 itens vinculados.
2026-06-03 18:40:46,261 [INFO]   Pagina 34/637...
2026-06-03 18:40:47,591 [INFO]   50 compras recebidas | 50 validas
2026-06-03 18:40:48,361 [INFO]   Baixados 206 itens vinculados.
2026-06-03 18:41:03,202 [INFO]   Pagina 35/637...
2026-06-03 18:41:04,280 [INFO]   50 compras recebidas | 50 validas
2026-06-03 18:41:05,051 [INFO]   Baixados 185 itens vinculados.
2026-06-03 18:41:19,651 [INFO]   Pagina 36/637...
2026-06-03 18:41:20,894 [INFO]   50 compras recebidas | 50 validas
2026-06-03 18:41:21,754 [INFO]   Baixados 196 itens vinculados.
2026-06-03 18:41:37,523 [INFO]   Pagina 37/637...
2026-06-03 18:41:38,551 [INFO]   50 compras recebidas | 50 validas
2026-06-03 18:41:39,331 [INFO]   Baixados 166 itens vinculados.
2026-06-03 18:41:55,172 [INFO]   Pagina 38/637...
2026-06-03 18:41:56,291 [INFO]   50 compras recebidas | 50 validas
2026-06-03 18:41:57,082 [INFO]   Baixados 192 itens vinculados.
2026-06-03 18:42:11,802 [INFO]   Pagina 39/637...
2026-06-03 18:42:13,254 [INFO]   50 compras recebidas | 50 validas
2026-06-03 18:42:14,021 [INFO]   Baixados 192 itens vinculados.
2026-06-03 18:42:29,182 [INFO]   Pagina 40/637...
2026-06-03 18:42:30,372 [INFO]   50 compras recebidas | 50 validas
2026-06-03 18:42:31,182 [INFO]   Baixados 182 itens vinculados.
2026-06-03 18:42:47,381 [INFO]   Pagina 41/637...
2026-06-03 18:42:49,071 [INFO]   50 compras recebidas | 50 validas
2026-06-03 18:42:49,945 [INFO]   Baixados 216 itens vinculados.
2026-06-03 18:43:04,753 [INFO]   Pagina 42/637...
2026-06-03 18:43:05,581 [INFO]   50 compras recebidas | 50 validas
2026-06-03 18:43:06,352 [INFO]   Baixados 240 itens vinculados.
2026-06-03 18:43:22,082 [INFO]   Pagina 43/637...
2026-06-03 18:43:23,143 [INFO]   50 compras recebidas | 50 validas
2026-06-03 18:43:23,912 [INFO]   Baixados 182 itens vinculados.
2026-06-03 18:43:39,993 [INFO]   Pagina 44/637...
2026-06-03 18:43:40,972 [INFO]   50 compras recebidas | 50 validas
2026-06-03 18:43:41,732 [INFO]   Baixados 185 itens vinculados.
2026-06-03 18:43:56,801 [INFO]   Pagina 45/637...
2026-06-03 18:43:58,292 [INFO]   50 compras recebidas | 50 validas
2026-06-03 18:43:59,122 [INFO]   Baixados 248 itens vinculados.
2026-06-03 18:44:14,192 [INFO]   Pagina 46/637...
2026-06-03 18:44:15,842 [INFO]   50 compras recebidas | 50 validas
2026-06-03 18:44:16,682 [INFO]   Baixados 227 itens vinculados.
2026-06-03 18:44:31,575 [INFO]   Pagina 47/637...
2026-06-03 18:44:32,572 [INFO]   50 compras recebidas | 50 validas
2026-06-03 18:44:33,312 [INFO]   Baixados 160 itens vinculados.
2026-06-03 18:44:46,681 [INFO]   Pagina 48/637...
2026-06-03 18:44:47,672 [INFO]   50 compras recebidas | 50 validas
2026-06-03 18:44:48,432 [INFO]   Baixados 203 itens vinculados.
2026-06-03 18:45:02,822 [INFO]   Pagina 49/637...
2026-06-03 18:45:03,792 [INFO]   50 compras recebidas | 50 validas
2026-06-03 18:45:04,620 [INFO]   Baixados 174 itens vinculados.
2026-06-03 18:45:18,813 [INFO]   Pagina 50/637...
2026-06-03 18:45:19,432 [INFO]   50 compras recebidas | 50 validas
2026-06-03 18:45:20,212 [INFO]   Baixados 203 itens vinculados.
2026-06-03 18:45:34,052 [INFO]   Pagina 51/637...
2026-06-03 18:45:35,082 [INFO]   50 compras recebidas | 50 validas
2026-06-03 18:45:35,832 [INFO]   Baixados 243 itens vinculados.
2026-06-03 18:45:50,852 [INFO]   Pagina 52/637...
2026-06-03 18:45:52,034 [INFO]   50 compras recebidas | 50 validas
2026-06-03 18:45:52,813 [INFO]   Baixados 185 itens vinculados.
2026-06-03 18:46:06,274 [INFO]   Pagina 53/637...
2026-06-03 18:46:07,412 [INFO]   50 compras recebidas | 50 validas
2026-06-03 18:46:08,222 [INFO]   Baixados 232 itens vinculados.
2026-06-03 18:46:24,972 [INFO]   Pagina 54/637...
2026-06-03 18:46:25,845 [INFO]   50 compras recebidas | 50 validas
2026-06-03 18:46:29,465 [INFO]   Baixados 208 itens vinculados.
2026-06-03 18:46:44,382 [INFO]   Pagina 55/637...
2026-06-03 18:46:46,165 [INFO]   50 compras recebidas | 50 validas
2026-06-03 18:46:46,983 [INFO]   Baixados 213 itens vinculados.
2026-06-03 18:47:02,143 [INFO]   Pagina 56/637...
2026-06-03 18:47:03,453 [INFO]   50 compras recebidas | 50 validas
2026-06-03 18:47:04,153 [INFO]   Baixados 193 itens vinculados.
2026-06-03 18:47:20,304 [INFO]   Pagina 57/637...
2026-06-03 18:47:21,493 [INFO]   50 compras recebidas | 50 validas
2026-06-03 18:47:22,253 [INFO]   Baixados 194 itens vinculados.
2026-06-03 18:47:37,024 [INFO]   Pagina 58/637...
2026-06-03 18:47:38,117 [INFO]   50 compras recebidas | 50 validas
2026-06-03 18:47:39,003 [INFO]   Baixados 240 itens vinculados.
2026-06-03 18:47:53,894 [INFO]   Pagina 59/637...
2026-06-03 18:47:54,733 [INFO]   50 compras recebidas | 50 validas
2026-06-03 18:47:55,428 [INFO]   Baixados 181 itens vinculados.
2026-06-03 18:48:10,605 [INFO]   Pagina 60/637...
2026-06-03 18:48:11,732 [INFO]   50 compras recebidas | 50 validas
2026-06-03 18:48:12,493 [INFO]   Baixados 198 itens vinculados.
2026-06-03 18:48:27,343 [INFO]   Pagina 61/637...
2026-06-03 18:48:28,485 [INFO]   50 compras recebidas | 50 validas
2026-06-03 18:48:29,274 [INFO]   Baixados 224 itens vinculados.
2026-06-03 18:48:44,713 [INFO]   Pagina 62/637...
2026-06-03 18:48:45,863 [INFO]   50 compras recebidas | 50 validas
2026-06-03 18:48:46,625 [INFO]   Baixados 221 itens vinculados.
2026-06-03 18:49:02,204 [INFO]   Pagina 63/637...
2026-06-03 18:49:03,334 [INFO]   50 compras recebidas | 50 validas
2026-06-03 18:49:04,158 [INFO]   Baixados 227 itens vinculados.
2026-06-03 18:49:19,903 [INFO]   Pagina 64/637...
2026-06-03 18:49:20,643 [INFO]   50 compras recebidas | 50 validas
2026-06-03 18:49:21,362 [INFO]   Baixados 199 itens vinculados.
2026-06-03 18:49:34,425 [INFO]   Pagina 65/637...
2026-06-03 18:49:36,096 [INFO]   50 compras recebidas | 50 validas
2026-06-03 18:49:36,814 [INFO]   Baixados 203 itens vinculados.
2026-06-03 18:49:51,013 [INFO]   Pagina 66/637...
2026-06-03 18:49:51,913 [INFO]   50 compras recebidas | 50 validas
2026-06-03 18:49:52,654 [INFO]   Baixados 219 itens vinculados.
2026-06-03 18:50:06,985 [INFO]   Pagina 67/637...
2026-06-03 18:50:08,566 [INFO]   50 compras recebidas | 50 validas
2026-06-03 18:50:09,324 [INFO]   Baixados 209 itens vinculados.
2026-06-03 18:50:25,154 [INFO]   Pagina 68/637...
2026-06-03 18:50:26,034 [INFO]   50 compras recebidas | 50 validas
2026-06-03 18:50:26,816 [INFO]   Baixados 253 itens vinculados.
2026-06-03 18:50:41,823 [INFO]   Pagina 69/637...
2026-06-03 18:50:42,827 [INFO]   50 compras recebidas | 50 validas
2026-06-03 18:50:43,606 [INFO]   Baixados 199 itens vinculados.
2026-06-03 18:50:59,105 [INFO]   Pagina 70/637...
2026-06-03 18:51:00,004 [INFO]   50 compras recebidas | 50 validas
2026-06-03 18:51:00,737 [INFO]   Baixados 213 itens vinculados.
2026-06-03 18:51:16,565 [INFO]   Pagina 71/637...
2026-06-03 18:51:17,294 [INFO]   50 compras recebidas | 50 validas
2026-06-03 18:51:18,077 [INFO]   Baixados 199 itens vinculados.
2026-06-03 18:51:33,164 [INFO]   Pagina 72/637...
2026-06-03 18:51:34,314 [INFO]   50 compras recebidas | 50 validas
2026-06-03 18:51:35,093 [INFO]   Baixados 210 itens vinculados.
2026-06-03 18:51:49,074 [INFO]   Pagina 73/637...
2026-06-03 18:51:50,754 [INFO]   50 compras recebidas | 50 validas
2026-06-03 18:51:51,564 [INFO]   Baixados 216 itens vinculados.
2026-06-03 18:52:05,775 [INFO]   Pagina 74/637...
2026-06-03 18:52:06,935 [INFO]   50 compras recebidas | 50 validas
2026-06-03 18:52:07,775 [INFO]   Baixados 289 itens vinculados.
2026-06-03 18:52:24,856 [INFO]   Pagina 75/637...
2026-06-03 18:52:25,965 [INFO]   50 compras recebidas | 50 validas
2026-06-03 18:52:26,745 [INFO]   Baixados 272 itens vinculados.
2026-06-03 18:52:42,896 [INFO]   Pagina 76/637...
2026-06-03 18:52:44,045 [INFO]   50 compras recebidas | 50 validas
2026-06-03 18:52:44,765 [INFO]   Baixados 211 itens vinculados.
2026-06-03 18:52:59,385 [INFO]   Pagina 77/637...
2026-06-03 18:53:00,365 [INFO]   50 compras recebidas | 50 validas
2026-06-03 18:53:01,217 [INFO]   Baixados 102 itens vinculados.
2026-06-03 18:53:16,986 [INFO]   Pagina 78/637...
2026-06-03 18:53:17,785 [INFO]   50 compras recebidas | 50 validas
2026-06-03 18:53:18,607 [INFO]   Baixados 214 itens vinculados.
2026-06-03 18:53:36,136 [INFO]   Pagina 79/637...
2026-06-03 18:53:37,115 [INFO]   50 compras recebidas | 50 validas
2026-06-03 18:53:37,925 [INFO]   Baixados 212 itens vinculados.
2026-06-03 18:53:52,567 [INFO]   Pagina 80/637...
2026-06-03 18:53:54,565 [INFO]   50 compras recebidas | 50 validas
2026-06-03 18:53:55,285 [INFO]   Baixados 204 itens vinculados.
2026-06-03 18:54:09,846 [INFO]   Pagina 81/637...
2026-06-03 18:54:10,995 [INFO]   50 compras recebidas | 50 validas
2026-06-03 18:54:11,805 [INFO]   Baixados 214 itens vinculados.
2026-06-03 18:54:27,957 [INFO]   Pagina 82/637...
2026-06-03 18:54:29,487 [INFO]   50 compras recebidas | 50 validas
2026-06-03 18:54:30,258 [INFO]   Baixados 189 itens vinculados.
2026-06-03 18:54:44,196 [INFO]   Pagina 83/637...
2026-06-03 18:54:44,946 [INFO]   50 compras recebidas | 50 validas
2026-06-03 18:54:45,746 [INFO]   Baixados 166 itens vinculados.
2026-06-03 18:55:02,196 [INFO]   Pagina 84/637...
2026-06-03 18:55:03,556 [INFO]   50 compras recebidas | 50 validas
2026-06-03 18:55:04,416 [INFO]   Baixados 188 itens vinculados.
2026-06-03 18:55:22,226 [INFO]   Pagina 85/637...
2026-06-03 18:55:23,037 [INFO]   50 compras recebidas | 50 validas
2026-06-03 18:55:23,816 [INFO]   Baixados 168 itens vinculados.
2026-06-03 18:55:39,187 [INFO]   Pagina 86/637...
2026-06-03 18:55:40,918 [INFO]   50 compras recebidas | 50 validas
2026-06-03 18:55:41,726 [INFO]   Baixados 159 itens vinculados.
2026-06-03 18:55:59,786 [INFO]   Pagina 87/637...
2026-06-03 18:56:00,919 [INFO]   50 compras recebidas | 50 validas
2026-06-03 18:56:01,727 [INFO]   Baixados 232 itens vinculados.
2026-06-03 18:56:16,466 [INFO]   Pagina 88/637...
2026-06-03 18:56:17,946 [INFO]   50 compras recebidas | 50 validas
2026-06-03 18:56:18,697 [INFO]   Baixados 160 itens vinculados.
2026-06-03 18:56:33,967 [INFO]   Pagina 89/637...
2026-06-03 18:56:35,206 [INFO]   50 compras recebidas | 50 validas
2026-06-03 18:56:35,986 [INFO]   Baixados 204 itens vinculados.
2026-06-03 18:56:50,438 [INFO]   Pagina 90/637...
2026-06-03 18:56:51,038 [INFO]   50 compras recebidas | 50 validas
2026-06-03 18:56:51,932 [INFO]   Baixados 228 itens vinculados.
2026-06-03 18:57:05,926 [INFO]   Pagina 91/637...
2026-06-03 18:57:11,436 [INFO]   50 compras recebidas | 50 validas
2026-06-03 18:57:12,228 [INFO]   Baixados 161 itens vinculados.
2026-06-03 18:57:27,006 [INFO]   Pagina 92/637...
2026-06-03 18:57:28,096 [INFO]   50 compras recebidas | 50 validas
2026-06-03 18:57:28,897 [INFO]   Baixados 176 itens vinculados.
2026-06-03 18:57:43,486 [INFO]   Pagina 93/637...
2026-06-03 18:57:44,466 [INFO]   50 compras recebidas | 50 validas
2026-06-03 18:57:45,160 [INFO]   Baixados 138 itens vinculados.
2026-06-03 18:58:01,607 [INFO]   Pagina 94/637...
2026-06-03 18:58:02,411 [INFO]   50 compras recebidas | 50 validas
2026-06-03 18:58:03,127 [INFO]   Baixados 140 itens vinculados.
2026-06-03 18:58:17,936 [INFO]   Pagina 95/637...
2026-06-03 18:58:18,937 [INFO]   50 compras recebidas | 50 validas
2026-06-03 18:58:19,690 [INFO]   Baixados 144 itens vinculados.
2026-06-03 18:58:33,688 [INFO]   Pagina 96/637...
2026-06-03 18:58:34,737 [INFO]   50 compras recebidas | 50 validas
2026-06-03 18:58:35,457 [INFO]   Baixados 141 itens vinculados.
2026-06-03 18:58:50,568 [INFO]   Pagina 97/637...
2026-06-03 18:58:51,246 [INFO]   50 compras recebidas | 50 validas
2026-06-03 18:58:52,097 [INFO]   Baixados 184 itens vinculados.
2026-06-03 18:59:07,937 [INFO]   Pagina 98/637...
2026-06-03 18:59:08,637 [INFO]   50 compras recebidas | 50 validas
2026-06-03 18:59:09,517 [INFO]   Baixados 175 itens vinculados.
2026-06-03 18:59:23,148 [INFO]   Pagina 99/637...
2026-06-03 18:59:24,160 [INFO]   50 compras recebidas | 50 validas
2026-06-03 18:59:24,957 [INFO]   Baixados 144 itens vinculados.
2026-06-03 18:59:40,787 [INFO]   Pagina 100/637...
2026-06-03 18:59:41,787 [INFO]   50 compras recebidas | 50 validas
2026-06-03 18:59:42,467 [INFO]   Baixados 136 itens vinculados.
2026-06-03 18:59:57,089 [INFO]   Pagina 101/637...
2026-06-03 18:59:58,101 [INFO]   50 compras recebidas | 50 validas
2026-06-03 18:59:58,845 [INFO]   Baixados 168 itens vinculados.
2026-06-03 19:00:29,387 [INFO]   Pagina 102/637...
2026-06-03 19:01:05,101 [INFO]   50 compras recebidas | 50 validas
2026-06-03 19:01:13,479 [INFO]   Baixados 114 itens vinculados.
2026-06-03 19:01:28,018 [INFO]   Pagina 103/637...
2026-06-03 19:01:29,218 [INFO]   50 compras recebidas | 50 validas
2026-06-03 19:01:42,368 [INFO]   Baixados 198 itens vinculados.
2026-06-03 19:01:57,081 [INFO]   Pagina 104/637...
2026-06-03 19:01:58,448 [INFO]   50 compras recebidas | 50 validas
2026-06-03 19:01:59,178 [INFO]   Baixados 180 itens vinculados.
2026-06-03 19:02:15,629 [INFO]   Pagina 105/637...
2026-06-03 19:02:16,892 [INFO]   50 compras recebidas | 50 validas
2026-06-03 19:02:17,709 [INFO]   Baixados 180 itens vinculados.
2026-06-03 19:02:33,478 [INFO]   Pagina 106/637...
2026-06-03 19:02:35,298 [INFO]   50 compras recebidas | 50 validas
2026-06-03 19:02:36,040 [INFO]   Baixados 173 itens vinculados.
2026-06-03 19:02:52,910 [INFO]   Pagina 107/637...
2026-06-03 19:02:54,282 [INFO]   50 compras recebidas | 50 validas
2026-06-03 19:02:55,068 [INFO]   Baixados 171 itens vinculados.
2026-06-03 19:03:11,229 [INFO]   Pagina 108/637...
2026-06-03 19:03:12,358 [INFO]   50 compras recebidas | 50 validas
2026-06-03 19:03:13,069 [INFO]   Baixados 145 itens vinculados.
2026-06-03 19:03:28,460 [INFO]   Pagina 109/637...
2026-06-03 19:03:29,189 [INFO]   50 compras recebidas | 50 validas
2026-06-03 19:03:29,928 [INFO]   Baixados 164 itens vinculados.
2026-06-03 19:03:45,439 [INFO]   Pagina 110/637...
2026-06-03 19:03:46,941 [INFO]   50 compras recebidas | 50 validas
2026-06-03 19:03:47,749 [INFO]   Baixados 199 itens vinculados.
2026-06-03 19:04:01,803 [INFO]   Pagina 111/637...
2026-06-03 19:04:02,939 [INFO]   50 compras recebidas | 50 validas
2026-06-03 19:04:03,680 [INFO]   Baixados 146 itens vinculados.
2026-06-03 19:04:19,712 [INFO]   Pagina 112/637...
2026-06-03 19:04:21,159 [INFO]   50 compras recebidas | 50 validas
2026-06-03 19:04:21,879 [INFO]   Baixados 167 itens vinculados.
2026-06-03 19:04:36,719 [INFO]   Pagina 113/637...
2026-06-03 19:04:37,629 [INFO]   50 compras recebidas | 50 validas
2026-06-03 19:04:38,379 [INFO]   Baixados 172 itens vinculados.
2026-06-03 19:04:53,850 [INFO]   Pagina 114/637...
2026-06-03 19:04:55,461 [INFO]   50 compras recebidas | 50 validas
2026-06-03 19:04:56,279 [INFO]   Baixados 174 itens vinculados.
2026-06-03 19:05:12,679 [INFO]   Pagina 115/637...
2026-06-03 19:05:14,700 [INFO]   50 compras recebidas | 50 validas
2026-06-03 19:05:15,439 [INFO]   Baixados 143 itens vinculados.
2026-06-03 19:05:31,778 [INFO]   Pagina 116/637...
2026-06-03 19:05:33,120 [INFO]   50 compras recebidas | 50 validas
2026-06-03 19:05:33,854 [INFO]   Baixados 203 itens vinculados.
2026-06-03 19:05:49,332 [INFO]   Pagina 117/637...
2026-06-03 19:05:50,449 [INFO]   50 compras recebidas | 50 validas
2026-06-03 19:05:51,149 [INFO]   Baixados 139 itens vinculados.
2026-06-03 19:06:05,290 [INFO]   Pagina 118/637...
2026-06-03 19:06:06,512 [INFO]   50 compras recebidas | 50 validas
2026-06-03 19:06:07,240 [INFO]   Baixados 196 itens vinculados.
2026-06-03 19:06:22,081 [INFO]   Pagina 119/637...
2026-06-03 19:06:23,280 [INFO]   50 compras recebidas | 50 validas
2026-06-03 19:06:24,160 [INFO]   Baixados 158 itens vinculados.
2026-06-03 19:06:38,522 [INFO]   Pagina 120/637...
2026-06-03 19:06:39,791 [INFO]   50 compras recebidas | 50 validas
2026-06-03 19:06:40,590 [INFO]   Baixados 230 itens vinculados.
2026-06-03 19:06:55,801 [INFO]   Pagina 121/637...
2026-06-03 19:06:57,224 [INFO]   50 compras recebidas | 50 validas
2026-06-03 19:06:57,981 [INFO]   Baixados 189 itens vinculados.
2026-06-03 19:07:13,059 [INFO]   Pagina 122/637...
2026-06-03 19:07:14,170 [INFO]   50 compras recebidas | 50 validas
2026-06-03 19:07:14,983 [INFO]   Baixados 199 itens vinculados.
2026-06-03 19:07:30,432 [INFO]   Pagina 123/637...
2026-06-03 19:07:31,730 [INFO]   50 compras recebidas | 50 validas
2026-06-03 19:07:32,500 [INFO]   Baixados 183 itens vinculados.
2026-06-03 19:07:47,880 [INFO]   Pagina 124/637...
2026-06-03 19:07:48,470 [INFO]   50 compras recebidas | 50 validas
2026-06-03 19:07:49,210 [INFO]   Baixados 162 itens vinculados.
2026-06-03 19:08:03,270 [INFO]   Pagina 125/637...
2026-06-03 19:08:04,271 [INFO]   50 compras recebidas | 50 validas
2026-06-03 19:08:05,000 [INFO]   Baixados 191 itens vinculados.
2026-06-03 19:08:21,061 [INFO]   Pagina 126/637...
2026-06-03 19:08:22,172 [INFO]   50 compras recebidas | 50 validas
2026-06-03 19:08:22,931 [INFO]   Baixados 159 itens vinculados.
2026-06-03 19:08:38,152 [INFO]   Pagina 127/637...
2026-06-03 19:08:39,733 [INFO]   50 compras recebidas | 50 validas
2026-06-03 19:08:40,507 [INFO]   Baixados 174 itens vinculados.
2026-06-03 19:08:57,882 [INFO]   Pagina 128/637...
2026-06-03 19:08:58,991 [INFO]   50 compras recebidas | 50 validas
2026-06-03 19:08:59,708 [INFO]   Baixados 197 itens vinculados.
2026-06-03 19:09:15,912 [INFO]   Pagina 129/637...
2026-06-03 19:09:17,018 [INFO]   50 compras recebidas | 50 validas
2026-06-03 19:09:17,801 [INFO]   Baixados 162 itens vinculados.
2026-06-03 19:09:32,212 [INFO]   Pagina 130/637...
2026-06-03 19:09:33,011 [INFO]   50 compras recebidas | 50 validas
2026-06-03 19:09:37,581 [INFO]   Baixados 211 itens vinculados.
2026-06-03 19:09:52,674 [INFO]   Pagina 131/637...
2026-06-03 19:09:53,523 [INFO]   50 compras recebidas | 50 validas
2026-06-03 19:09:54,263 [INFO]   Baixados 220 itens vinculados.
2026-06-03 19:10:11,587 [INFO]   Pagina 132/637...
2026-06-03 19:10:13,041 [INFO]   50 compras recebidas | 50 validas
2026-06-03 19:10:13,861 [INFO]   Baixados 193 itens vinculados.
2026-06-03 19:10:32,533 [INFO]   Pagina 133/637...
2026-06-03 19:10:33,862 [INFO]   50 compras recebidas | 50 validas
2026-06-03 19:10:34,631 [INFO]   Baixados 216 itens vinculados.
2026-06-03 19:10:51,023 [INFO]   Pagina 134/637...
2026-06-03 19:10:52,632 [INFO]   50 compras recebidas | 50 validas
2026-06-03 19:10:53,411 [INFO]   Baixados 222 itens vinculados.
2026-06-03 19:11:09,853 [INFO]   Pagina 135/637...
2026-06-03 19:11:11,112 [INFO]   50 compras recebidas | 50 validas
2026-06-03 19:11:28,304 [INFO]   Baixados 229 itens vinculados.
2026-06-03 19:11:43,343 [INFO]   Pagina 136/637...
2026-06-03 19:11:44,112 [INFO]   50 compras recebidas | 50 validas
2026-06-03 19:12:01,775 [INFO]   Baixados 235 itens vinculados.
2026-06-03 19:12:17,673 [INFO]   Pagina 137/637...
2026-06-03 19:12:33,575 [INFO]   50 compras recebidas | 50 validas
2026-06-03 19:13:09,305 [INFO]   Baixados 199 itens vinculados.
2026-06-03 19:13:24,344 [INFO]   Pagina 138/637...
2026-06-03 19:13:30,347 [INFO]   50 compras recebidas | 50 validas
2026-06-03 19:14:06,066 [INFO]   Baixados 230 itens vinculados.
2026-06-03 19:14:21,196 [INFO]   Pagina 139/637...
2026-06-03 19:14:22,750 [INFO]   50 compras recebidas | 50 validas
2026-06-03 19:14:23,563 [INFO]   Baixados 194 itens vinculados.
2026-06-03 19:14:38,074 [INFO]   Pagina 140/637...
2026-06-03 19:14:39,145 [INFO]   50 compras recebidas | 50 validas
2026-06-03 19:14:41,045 [INFO]   Baixados 221 itens vinculados.
2026-06-03 19:14:55,824 [INFO]   Pagina 141/637...
2026-06-03 19:14:56,913 [INFO]   50 compras recebidas | 50 validas
2026-06-03 19:14:58,696 [INFO]   Baixados 159 itens vinculados.
2026-06-03 19:15:13,685 [INFO]   Pagina 142/637...
2026-06-03 19:15:14,883 [INFO]   50 compras recebidas | 50 validas
2026-06-03 19:15:15,665 [INFO]   Baixados 225 itens vinculados.
2026-06-03 19:15:30,974 [INFO]   Pagina 143/637...
2026-06-03 19:15:31,894 [INFO]   50 compras recebidas | 50 validas
2026-06-03 19:15:33,300 [INFO]   Baixados 209 itens vinculados.
2026-06-03 19:15:48,763 [INFO]   Pagina 144/637...
2026-06-03 19:15:49,843 [INFO]   50 compras recebidas | 50 validas
2026-06-03 19:15:50,673 [INFO]   Baixados 193 itens vinculados.
2026-06-03 19:16:04,613 [INFO]   Pagina 145/637...
2026-06-03 19:16:05,903 [INFO]   50 compras recebidas | 50 validas
2026-06-03 19:16:06,745 [INFO]   Baixados 230 itens vinculados.
2026-06-03 19:16:21,133 [INFO]   Pagina 146/637...
2026-06-03 19:16:22,363 [INFO]   50 compras recebidas | 50 validas
2026-06-03 19:16:23,135 [INFO]   Baixados 203 itens vinculados.
2026-06-03 19:16:37,424 [INFO]   Pagina 147/637...
2026-06-03 19:16:38,936 [INFO]   50 compras recebidas | 50 validas
2026-06-03 19:16:39,943 [INFO]   Baixados 211 itens vinculados.
2026-06-03 19:16:54,133 [INFO]   Pagina 148/637...
2026-06-03 19:16:55,283 [INFO]   50 compras recebidas | 50 validas
2026-06-03 19:17:01,914 [INFO]   Baixados 202 itens vinculados.
2026-06-03 19:17:16,124 [INFO]   Pagina 149/637...
2026-06-03 19:17:17,444 [INFO]   50 compras recebidas | 50 validas
2026-06-03 19:17:18,184 [INFO]   Baixados 188 itens vinculados.
2026-06-03 19:17:33,594 [INFO]   Pagina 150/637...
2026-06-03 19:17:34,484 [INFO]   50 compras recebidas | 50 validas
2026-06-03 19:17:35,271 [INFO]   Baixados 207 itens vinculados.
2026-06-03 19:17:51,774 [INFO]   Pagina 151/637...
2026-06-03 19:17:53,605 [INFO]   50 compras recebidas | 50 validas
2026-06-03 19:17:55,345 [INFO]   Baixados 162 itens vinculados.
2026-06-03 19:18:12,415 [INFO]   Pagina 152/637...
2026-06-03 19:18:13,483 [INFO]   50 compras recebidas | 50 validas
2026-06-03 19:18:20,196 [INFO]   Baixados 201 itens vinculados.
2026-06-03 19:18:36,704 [INFO]   Pagina 153/637...
2026-06-03 19:18:37,823 [INFO]   50 compras recebidas | 50 validas
2026-06-03 19:18:38,634 [INFO]   Baixados 182 itens vinculados.
2026-06-03 19:18:52,592 [INFO]   Pagina 154/637...
2026-06-03 19:18:53,701 [INFO]   50 compras recebidas | 50 validas
2026-06-03 19:18:54,484 [INFO]   Baixados 190 itens vinculados.
2026-06-03 19:19:09,886 [INFO]   Pagina 155/637...
2026-06-03 19:19:10,993 [INFO]   50 compras recebidas | 50 validas
2026-06-03 19:19:11,713 [INFO]   Baixados 231 itens vinculados.
2026-06-03 19:19:27,036 [INFO]   Pagina 156/637...
2026-06-03 19:19:28,123 [INFO]   50 compras recebidas | 50 validas
2026-06-03 19:19:28,835 [INFO]   Baixados 226 itens vinculados.
2026-06-03 19:19:43,229 [INFO]   Pagina 157/637...
2026-06-03 19:19:44,313 [INFO]   50 compras recebidas | 50 validas
2026-06-03 19:19:45,072 [INFO]   Baixados 227 itens vinculados.
2026-06-03 19:20:00,264 [INFO]   Pagina 158/637...
2026-06-03 19:20:01,193 [INFO]   50 compras recebidas | 50 validas
2026-06-03 19:20:02,033 [INFO]   Baixados 228 itens vinculados.
2026-06-03 19:20:20,664 [INFO]   Pagina 159/637...
2026-06-03 19:20:22,446 [INFO]   50 compras recebidas | 50 validas
2026-06-03 19:20:23,290 [INFO]   Baixados 181 itens vinculados.
2026-06-03 19:20:40,869 [INFO]   Pagina 160/637...
2026-06-03 19:20:41,703 [INFO]   50 compras recebidas | 50 validas
2026-06-03 19:20:42,448 [INFO]   Baixados 248 itens vinculados.
2026-06-03 19:21:02,734 [INFO]   Pagina 161/637...
2026-06-03 19:21:04,215 [INFO]   50 compras recebidas | 50 validas
2026-06-03 19:21:05,033 [INFO]   Baixados 210 itens vinculados.
2026-06-03 19:21:20,824 [INFO]   Pagina 162/637...
2026-06-03 19:21:21,613 [INFO]   50 compras recebidas | 50 validas
2026-06-03 19:21:22,435 [INFO]   Baixados 187 itens vinculados.
2026-06-03 19:21:37,855 [INFO]   Pagina 163/637...
2026-06-03 19:21:38,665 [INFO]   50 compras recebidas | 50 validas
2026-06-03 19:21:39,477 [INFO]   Baixados 198 itens vinculados.
2026-06-03 19:21:55,433 [INFO]   Pagina 164/637...
2026-06-03 19:21:56,479 [INFO]   50 compras recebidas | 50 validas
2026-06-03 19:21:57,234 [INFO]   Baixados 191 itens vinculados.
2026-06-03 19:22:12,777 [INFO]   Pagina 165/637...
2026-06-03 19:22:14,146 [INFO]   50 compras recebidas | 50 validas
2026-06-03 19:22:14,894 [INFO]   Baixados 185 itens vinculados.
2026-06-03 19:22:29,633 [INFO]   Pagina 166/637...
2026-06-03 19:22:30,703 [INFO]   50 compras recebidas | 50 validas
2026-06-03 19:22:31,463 [INFO]   Baixados 275 itens vinculados.
2026-06-03 19:22:45,766 [INFO]   Pagina 167/637...
2026-06-03 19:22:47,176 [INFO]   50 compras recebidas | 50 validas
2026-06-03 19:22:47,903 [INFO]   Baixados 215 itens vinculados.
2026-06-03 19:23:02,333 [INFO]   Pagina 168/637...
2026-06-03 19:23:03,523 [INFO]   50 compras recebidas | 50 validas
2026-06-03 19:23:04,365 [INFO]   Baixados 214 itens vinculados.
2026-06-03 19:23:21,094 [INFO]   Pagina 169/637...
2026-06-03 19:23:22,173 [INFO]   50 compras recebidas | 50 validas
2026-06-03 19:23:22,966 [INFO]   Baixados 162 itens vinculados.
2026-06-03 19:23:37,924 [INFO]   Pagina 170/637...
2026-06-03 19:23:39,016 [INFO]   50 compras recebidas | 50 validas
2026-06-03 19:23:40,036 [INFO]   Baixados 200 itens vinculados.
2026-06-03 19:23:54,943 [INFO]   Pagina 171/637...
2026-06-03 19:23:56,235 [INFO]   50 compras recebidas | 50 validas
2026-06-03 19:23:56,954 [INFO]   Baixados 210 itens vinculados.
2026-06-03 19:24:11,553 [INFO]   Pagina 172/637...
2026-06-03 19:24:12,764 [INFO]   50 compras recebidas | 50 validas
2026-06-03 19:24:13,584 [INFO]   Baixados 227 itens vinculados.
2026-06-03 19:24:28,593 [INFO]   Pagina 173/637...
2026-06-03 19:24:29,700 [INFO]   50 compras recebidas | 50 validas
2026-06-03 19:24:30,446 [INFO]   Baixados 214 itens vinculados.
2026-06-03 19:24:46,985 [INFO]   Pagina 174/637...
2026-06-03 19:24:47,934 [INFO]   50 compras recebidas | 50 validas
2026-06-03 19:24:48,674 [INFO]   Baixados 240 itens vinculados.
2026-06-03 19:25:04,295 [INFO]   Pagina 175/637...
2026-06-03 19:25:05,384 [INFO]   50 compras recebidas | 50 validas
2026-06-03 19:25:06,083 [INFO]   Baixados 171 itens vinculados.
2026-06-03 19:25:20,935 [INFO]   Pagina 176/637...
2026-06-03 19:25:21,674 [INFO]   50 compras recebidas | 50 validas
2026-06-03 19:25:22,476 [INFO]   Baixados 239 itens vinculados.
2026-06-03 19:25:38,315 [INFO]   Pagina 177/637...
2026-06-03 19:25:39,226 [INFO]   50 compras recebidas | 50 validas
2026-06-03 19:25:40,057 [INFO]   Baixados 196 itens vinculados.
2026-06-03 19:25:55,625 [INFO]   Pagina 178/637...
2026-06-03 19:25:56,884 [INFO]   50 compras recebidas | 50 validas
2026-06-03 19:25:57,654 [INFO]   Baixados 172 itens vinculados.
2026-06-03 19:26:13,333 [INFO]   Pagina 179/637...
2026-06-03 19:26:14,243 [INFO]   50 compras recebidas | 50 validas
2026-06-03 19:26:15,005 [INFO]   Baixados 207 itens vinculados.
2026-06-03 19:26:32,985 [INFO]   Pagina 180/637...
2026-06-03 19:26:34,244 [INFO]   50 compras recebidas | 50 validas
2026-06-03 19:26:35,027 [INFO]   Baixados 276 itens vinculados.
2026-06-03 19:26:51,195 [INFO]   Pagina 181/637...
2026-06-03 19:26:52,444 [INFO]   50 compras recebidas | 50 validas
2026-06-03 19:26:53,725 [INFO]   Baixados 304 itens vinculados.
2026-06-03 19:27:08,485 [INFO]   Pagina 182/637...
2026-06-03 19:27:09,614 [INFO]   50 compras recebidas | 50 validas
2026-06-03 19:27:10,404 [INFO]   Baixados 247 itens vinculados.
2026-06-03 19:27:25,454 [INFO]   Pagina 183/637...
2026-06-03 19:27:26,264 [INFO]   50 compras recebidas | 50 validas
2026-06-03 19:27:27,024 [INFO]   Baixados 252 itens vinculados.
2026-06-03 19:27:43,356 [INFO]   Pagina 184/637...
2026-06-03 19:27:44,204 [INFO]   50 compras recebidas | 50 validas
2026-06-03 19:27:44,994 [INFO]   Baixados 211 itens vinculados.
2026-06-03 19:28:02,009 [INFO]   Pagina 185/637...
2026-06-03 19:28:02,734 [INFO]   50 compras recebidas | 50 validas
2026-06-03 19:28:03,465 [INFO]   Baixados 222 itens vinculados.
2026-06-03 19:28:17,886 [INFO]   Pagina 186/637...
2026-06-03 19:28:19,325 [INFO]   50 compras recebidas | 50 validas
2026-06-03 19:28:20,095 [INFO]   Baixados 190 itens vinculados.
2026-06-03 19:28:33,724 [INFO]   Pagina 187/637...
2026-06-03 19:28:34,555 [INFO]   50 compras recebidas | 50 validas
2026-06-03 19:28:35,339 [INFO]   Baixados 246 itens vinculados.
2026-06-03 19:28:53,984 [INFO]   Pagina 188/637...
2026-06-03 19:28:54,954 [INFO]   50 compras recebidas | 50 validas
2026-06-03 19:28:55,705 [INFO]   Baixados 146 itens vinculados.
2026-06-03 19:29:11,955 [INFO]   Pagina 189/637...
2026-06-03 19:29:13,235 [INFO]   50 compras recebidas | 50 validas
2026-06-03 19:29:14,025 [INFO]   Baixados 167 itens vinculados.
2026-06-03 19:29:30,656 [INFO]   Pagina 190/637...
2026-06-03 19:29:31,445 [INFO]   50 compras recebidas | 50 validas
2026-06-03 19:29:32,195 [INFO]   Baixados 200 itens vinculados.
2026-06-03 19:29:45,815 [INFO]   Pagina 191/637...
2026-06-03 19:29:46,727 [INFO]   50 compras recebidas | 50 validas
2026-06-03 19:29:47,557 [INFO]   Baixados 221 itens vinculados.
2026-06-03 19:30:02,926 [INFO]   Pagina 192/637...
2026-06-03 19:30:04,285 [INFO]   50 compras recebidas | 50 validas
2026-06-03 19:30:05,045 [INFO]   Baixados 223 itens vinculados.
2026-06-03 19:30:22,864 [INFO]   Pagina 193/637...
2026-06-03 19:30:24,185 [INFO]   50 compras recebidas | 50 validas
2026-06-03 19:30:24,929 [INFO]   Baixados 231 itens vinculados.
2026-06-03 19:30:39,715 [INFO]   Pagina 194/637...
2026-06-03 19:30:40,725 [INFO]   50 compras recebidas | 50 validas
2026-06-03 19:30:41,606 [INFO]   Baixados 186 itens vinculados.
2026-06-03 19:30:56,016 [INFO]   Pagina 195/637...
2026-06-03 19:30:57,055 [INFO]   50 compras recebidas | 50 validas
2026-06-03 19:30:57,835 [INFO]   Baixados 200 itens vinculados.
2026-06-03 19:31:15,055 [INFO]   Pagina 196/637...
2026-06-03 19:31:16,235 [INFO]   50 compras recebidas | 50 validas
2026-06-03 19:31:17,165 [INFO]   Baixados 234 itens vinculados.
2026-06-03 19:31:34,982 [INFO]   Pagina 197/637...
2026-06-03 19:31:36,025 [INFO]   50 compras recebidas | 50 validas
2026-06-03 19:31:36,896 [INFO]   Baixados 270 itens vinculados.
2026-06-03 19:31:54,336 [INFO]   Pagina 198/637...
2026-06-03 19:31:55,759 [INFO]   50 compras recebidas | 50 validas
2026-06-03 19:31:56,525 [INFO]   Baixados 200 itens vinculados.
2026-06-03 19:32:12,225 [INFO]   Pagina 199/637...
2026-06-03 19:32:14,168 [INFO]   50 compras recebidas | 50 validas
2026-06-03 19:32:14,938 [INFO]   Baixados 185 itens vinculados.
2026-06-03 19:32:33,015 [INFO]   Pagina 200/637...
2026-06-03 19:32:33,985 [INFO]   50 compras recebidas | 50 validas
2026-06-03 19:32:34,806 [INFO]   Baixados 216 itens vinculados.
2026-06-03 19:32:51,126 [INFO]   Pagina 201/637...
2026-06-03 19:32:52,055 [INFO]   50 compras recebidas | 50 validas
2026-06-03 19:32:52,826 [INFO]   Baixados 255 itens vinculados.
2026-06-03 19:33:07,946 [INFO]   Pagina 202/637...
2026-06-03 19:33:08,976 [INFO]   50 compras recebidas | 50 validas
2026-06-03 19:33:09,686 [INFO]   Baixados 239 itens vinculados.
2026-06-03 19:33:23,757 [INFO]   Pagina 203/637...
2026-06-03 19:33:24,456 [INFO]   50 compras recebidas | 50 validas
2026-06-03 19:33:25,196 [INFO]   Baixados 182 itens vinculados.
2026-06-03 19:33:40,427 [INFO]   Pagina 204/637...
2026-06-03 19:33:41,236 [INFO]   50 compras recebidas | 50 validas
2026-06-03 19:33:41,960 [INFO]   Baixados 183 itens vinculados.
2026-06-03 19:33:58,485 [INFO]   Pagina 205/637...
2026-06-03 19:33:59,096 [INFO]   50 compras recebidas | 50 validas
2026-06-03 19:33:59,836 [INFO]   Baixados 219 itens vinculados.
2026-06-03 19:34:19,676 [INFO]   Pagina 206/637...
2026-06-03 19:34:20,816 [INFO]   50 compras recebidas | 50 validas
2026-06-03 19:34:21,706 [INFO]   Baixados 245 itens vinculados.
2026-06-03 19:34:36,225 [INFO]   Pagina 207/637...
2026-06-03 19:34:37,337 [INFO]   50 compras recebidas | 50 validas
2026-06-03 19:34:38,075 [INFO]   Baixados 169 itens vinculados.
2026-06-03 19:34:53,767 [INFO]   Pagina 208/637...
2026-06-03 19:34:54,756 [INFO]   50 compras recebidas | 50 validas
2026-06-03 19:34:55,476 [INFO]   Baixados 253 itens vinculados.
2026-06-03 19:35:13,726 [INFO]   Pagina 209/637...
2026-06-03 19:35:14,816 [INFO]   50 compras recebidas | 50 validas
2026-06-03 19:35:15,582 [INFO]   Baixados 219 itens vinculados.
2026-06-03 19:35:32,407 [INFO]   Pagina 210/637...
2026-06-03 19:35:33,567 [INFO]   50 compras recebidas | 50 validas
2026-06-03 19:35:34,346 [INFO]   Baixados 262 itens vinculados.
2026-06-03 19:35:50,257 [INFO]   Pagina 211/637...
2026-06-03 19:35:51,705 [INFO]   50 compras recebidas | 50 validas
2026-06-03 19:35:52,769 [INFO]   Baixados 228 itens vinculados.
2026-06-03 19:36:11,485 [INFO]   Pagina 212/637...
2026-06-03 19:36:13,006 [INFO]   50 compras recebidas | 50 validas
2026-06-03 19:36:13,741 [INFO]   Baixados 201 itens vinculados.
2026-06-03 19:36:28,186 [INFO]   Pagina 213/637...
2026-06-03 19:36:29,387 [INFO]   50 compras recebidas | 50 validas
2026-06-03 19:36:30,137 [INFO]   Baixados 283 itens vinculados.
2026-06-03 19:36:44,258 [INFO]   Pagina 214/637...
2026-06-03 19:36:45,038 [INFO]   50 compras recebidas | 50 validas
2026-06-03 19:36:45,747 [INFO]   Baixados 158 itens vinculados.
2026-06-03 19:36:59,738 [INFO]   Pagina 215/637...
2026-06-03 19:37:01,768 [INFO]   50 compras recebidas | 50 validas
2026-06-03 19:37:03,047 [INFO]   Baixados 274 itens vinculados.
2026-06-03 19:37:17,918 [INFO]   Pagina 216/637...
2026-06-03 19:37:19,067 [INFO]   50 compras recebidas | 50 validas
2026-06-03 19:37:19,827 [INFO]   Baixados 192 itens vinculados.
2026-06-03 19:37:34,788 [INFO]   Pagina 217/637...
2026-06-03 19:37:36,040 [INFO]   50 compras recebidas | 50 validas
2026-06-03 19:37:36,929 [INFO]   Baixados 201 itens vinculados.
2026-06-03 19:37:52,979 [INFO]   Pagina 218/637...
2026-06-03 19:37:53,909 [INFO]   50 compras recebidas | 50 validas
2026-06-03 19:37:54,630 [INFO]   Baixados 274 itens vinculados.
2026-06-03 19:38:09,997 [INFO]   Pagina 219/637...
2026-06-03 19:38:11,237 [INFO]   50 compras recebidas | 50 validas
2026-06-03 19:38:11,987 [INFO]   Baixados 216 itens vinculados.
2026-06-03 19:38:27,468 [INFO]   Pagina 220/637...
2026-06-03 19:38:28,717 [INFO]   50 compras recebidas | 50 validas
2026-06-03 19:38:29,477 [INFO]   Baixados 201 itens vinculados.
2026-06-03 19:38:45,097 [INFO]   Pagina 221/637...
2026-06-03 19:38:46,267 [INFO]   50 compras recebidas | 50 validas
2026-06-03 19:38:47,407 [INFO]   Baixados 194 itens vinculados.
2026-06-03 19:39:02,217 [INFO]   Pagina 222/637...
2026-06-03 19:39:03,367 [INFO]   50 compras recebidas | 50 validas
2026-06-03 19:39:09,088 [INFO]   Baixados 234 itens vinculados.
2026-06-03 19:39:25,138 [INFO]   Pagina 223/637...
2026-06-03 19:39:26,559 [INFO]   50 compras recebidas | 50 validas
2026-06-03 19:39:27,278 [INFO]   Baixados 184 itens vinculados.
2026-06-03 19:39:41,479 [INFO]   Pagina 224/637...
2026-06-03 19:39:42,838 [INFO]   50 compras recebidas | 50 validas
2026-06-03 19:39:43,588 [INFO]   Baixados 246 itens vinculados.
2026-06-03 19:40:00,728 [INFO]   Pagina 225/637...
2026-06-03 19:40:01,810 [INFO]   50 compras recebidas | 50 validas
2026-06-03 19:40:05,632 [INFO]   Baixados 217 itens vinculados.
2026-06-03 19:40:19,969 [INFO]   Pagina 226/637...
2026-06-03 19:40:21,334 [INFO]   50 compras recebidas | 50 validas
2026-06-03 19:40:22,258 [INFO]   Baixados 209 itens vinculados.
2026-06-03 19:40:37,207 [INFO]   Pagina 227/637...
2026-06-03 19:40:38,410 [INFO]   50 compras recebidas | 50 validas
2026-06-03 19:40:39,198 [INFO]   Baixados 198 itens vinculados.
2026-06-03 19:40:53,398 [INFO]   Pagina 228/637...
2026-06-03 19:40:55,029 [INFO]   50 compras recebidas | 50 validas
2026-06-03 19:40:55,768 [INFO]   Baixados 225 itens vinculados.
2026-06-03 19:41:13,150 [INFO]   Pagina 229/637...
2026-06-03 19:41:14,540 [INFO]   50 compras recebidas | 50 validas
2026-06-03 19:41:15,400 [INFO]   Baixados 241 itens vinculados.
2026-06-03 19:41:29,579 [INFO]   Pagina 230/637...
2026-06-03 19:41:31,115 [INFO]   50 compras recebidas | 50 validas
2026-06-03 19:41:32,038 [INFO]   Baixados 256 itens vinculados.
2026-06-03 19:41:46,739 [INFO]   Pagina 231/637...
2026-06-03 19:41:48,130 [INFO]   50 compras recebidas | 50 validas
2026-06-03 19:41:48,878 [INFO]   Baixados 190 itens vinculados.
2026-06-03 19:42:05,929 [INFO]   Pagina 232/637...
2026-06-03 19:42:07,158 [INFO]   50 compras recebidas | 50 validas
2026-06-03 19:42:07,949 [INFO]   Baixados 213 itens vinculados.
2026-06-03 19:42:23,158 [INFO]   Pagina 233/637...
2026-06-03 19:42:24,429 [INFO]   50 compras recebidas | 50 validas
2026-06-03 19:42:25,279 [INFO]   Baixados 229 itens vinculados.
2026-06-03 19:42:41,418 [INFO]   Pagina 234/637...
2026-06-03 19:42:42,188 [INFO]   50 compras recebidas | 50 validas
2026-06-03 19:42:43,030 [INFO]   Baixados 240 itens vinculados.
2026-06-03 19:42:59,039 [INFO]   Pagina 235/637...
2026-06-03 19:43:00,070 [INFO]   50 compras recebidas | 50 validas
2026-06-03 19:43:00,819 [INFO]   Baixados 262 itens vinculados.
2026-06-03 19:43:17,220 [INFO]   Pagina 236/637...
2026-06-03 19:43:17,968 [INFO]   50 compras recebidas | 50 validas
2026-06-03 19:43:20,162 [INFO]   Baixados 267 itens vinculados.
2026-06-03 19:43:35,650 [INFO]   Pagina 237/637...
2026-06-03 19:43:37,160 [INFO]   50 compras recebidas | 50 validas
2026-06-03 19:43:38,068 [INFO]   Baixados 250 itens vinculados.
2026-06-03 19:43:53,160 [INFO]   Pagina 238/637...
2026-06-03 19:43:54,242 [INFO]   50 compras recebidas | 50 validas
2026-06-03 19:43:55,102 [INFO]   Baixados 208 itens vinculados.
2026-06-03 19:44:09,971 [INFO]   Pagina 239/637...
2026-06-03 19:44:11,572 [INFO]   50 compras recebidas | 50 validas
2026-06-03 19:44:12,429 [INFO]   Baixados 240 itens vinculados.
2026-06-03 19:44:28,110 [INFO]   Pagina 240/637...
2026-06-03 19:44:29,970 [INFO]   50 compras recebidas | 50 validas
2026-06-03 19:44:30,799 [INFO]   Baixados 216 itens vinculados.
2026-06-03 19:44:44,900 [INFO]   Pagina 241/637...
2026-06-03 19:44:45,989 [INFO]   50 compras recebidas | 50 validas
2026-06-03 19:44:46,869 [INFO]   Baixados 239 itens vinculados.
2026-06-03 19:45:01,469 [INFO]   Pagina 242/637...
2026-06-03 19:45:02,069 [INFO]   50 compras recebidas | 50 validas
2026-06-03 19:45:04,963 [INFO]   Baixados 243 itens vinculados.
2026-06-03 19:45:20,500 [INFO]   Pagina 243/637...
2026-06-03 19:45:21,609 [INFO]   50 compras recebidas | 50 validas
2026-06-03 19:45:22,391 [INFO]   Baixados 197 itens vinculados.
2026-06-03 19:45:37,939 [INFO]   Pagina 244/637...
2026-06-03 19:45:39,109 [INFO]   50 compras recebidas | 50 validas
2026-06-03 19:45:39,871 [INFO]   Baixados 242 itens vinculados.
2026-06-03 19:45:55,890 [INFO]   Pagina 245/637...
2026-06-03 19:45:57,780 [INFO]   50 compras recebidas | 50 validas
2026-06-03 19:45:58,530 [INFO]   Baixados 224 itens vinculados.
2026-06-03 19:46:16,600 [INFO]   Pagina 246/637...
2026-06-03 19:46:17,701 [INFO]   50 compras recebidas | 50 validas
2026-06-03 19:46:18,763 [INFO]   Baixados 220 itens vinculados.
2026-06-03 19:46:34,050 [INFO]   Pagina 247/637...
2026-06-03 19:46:35,180 [INFO]   50 compras recebidas | 50 validas
2026-06-03 19:46:35,970 [INFO]   Baixados 208 itens vinculados.
2026-06-03 19:46:51,130 [INFO]   Pagina 248/637...
2026-06-03 19:46:52,410 [INFO]   50 compras recebidas | 50 validas
2026-06-03 19:46:53,340 [INFO]   Baixados 261 itens vinculados.
2026-06-03 19:47:07,099 [INFO]   Pagina 249/637...
2026-06-03 19:47:07,979 [INFO]   50 compras recebidas | 50 validas
2026-06-03 19:47:08,860 [INFO]   Baixados 207 itens vinculados.
2026-06-03 19:47:25,211 [INFO]   Pagina 250/637...
2026-06-03 19:47:26,550 [INFO]   50 compras recebidas | 50 validas
2026-06-03 19:47:27,360 [INFO]   Baixados 230 itens vinculados.
2026-06-03 19:47:42,699 [INFO]   Pagina 251/637...
2026-06-03 19:47:43,823 [INFO]   50 compras recebidas | 50 validas
2026-06-03 19:47:44,654 [INFO]   Baixados 252 itens vinculados.
2026-06-03 19:48:01,350 [INFO]   Pagina 252/637...
2026-06-03 19:48:02,229 [INFO]   50 compras recebidas | 50 validas
2026-06-03 19:48:02,970 [INFO]   Baixados 240 itens vinculados.
2026-06-03 19:48:19,216 [INFO]   Pagina 253/637...
2026-06-03 19:48:19,910 [INFO]   50 compras recebidas | 50 validas
2026-06-03 19:48:20,680 [INFO]   Baixados 194 itens vinculados.
2026-06-03 19:48:36,080 [INFO]   Pagina 254/637...
2026-06-03 19:48:37,331 [INFO]   50 compras recebidas | 50 validas
2026-06-03 19:48:38,110 [INFO]   Baixados 229 itens vinculados.
2026-06-03 19:48:52,762 [INFO]   Pagina 255/637...
2026-06-03 19:48:53,829 [INFO]   50 compras recebidas | 50 validas
2026-06-03 19:48:54,591 [INFO]   Baixados 238 itens vinculados.
2026-06-03 19:49:10,644 [INFO]   Pagina 256/637...
2026-06-03 19:49:11,790 [INFO]   50 compras recebidas | 50 validas
2026-06-03 19:49:12,821 [INFO]   Baixados 236 itens vinculados.
2026-06-03 19:49:27,646 [INFO]   Pagina 257/637...
2026-06-03 19:49:28,591 [INFO]   50 compras recebidas | 50 validas
2026-06-03 19:49:29,383 [INFO]   Baixados 219 itens vinculados.
2026-06-03 19:49:45,000 [INFO]   Pagina 258/637...
2026-06-03 19:49:45,821 [INFO]   50 compras recebidas | 50 validas
2026-06-03 19:49:46,642 [INFO]   Baixados 192 itens vinculados.
2026-06-03 19:50:01,151 [INFO]   Pagina 259/637...
2026-06-03 19:50:01,791 [INFO]   50 compras recebidas | 50 validas
2026-06-03 19:50:02,571 [INFO]   Baixados 234 itens vinculados.
2026-06-03 19:50:17,321 [INFO]   Pagina 260/637...
2026-06-03 19:50:18,741 [INFO]   50 compras recebidas | 50 validas
2026-06-03 19:50:19,612 [INFO]   Baixados 260 itens vinculados.
2026-06-03 19:50:35,052 [INFO]   Pagina 261/637...
2026-06-03 19:50:36,231 [INFO]   50 compras recebidas | 50 validas
2026-06-03 19:50:37,051 [INFO]   Baixados 258 itens vinculados.
2026-06-03 19:50:51,582 [INFO]   Pagina 262/637...
2026-06-03 19:50:52,291 [INFO]   50 compras recebidas | 50 validas
2026-06-03 19:50:53,062 [INFO]   Baixados 216 itens vinculados.
2026-06-03 19:51:09,993 [INFO]   Pagina 263/637...
2026-06-03 19:51:10,832 [INFO]   50 compras recebidas | 50 validas
2026-06-03 19:51:11,642 [INFO]   Baixados 242 itens vinculados.
2026-06-03 19:51:25,742 [INFO]   Pagina 264/637...
2026-06-03 19:51:27,111 [INFO]   50 compras recebidas | 50 validas
2026-06-03 19:51:27,992 [INFO]   Baixados 253 itens vinculados.
2026-06-03 19:51:43,043 [INFO]   Pagina 265/637...
2026-06-03 19:51:44,072 [INFO]   50 compras recebidas | 50 validas
2026-06-03 19:51:44,812 [INFO]   Baixados 212 itens vinculados.
2026-06-03 19:52:00,023 [INFO]   Pagina 266/637...
2026-06-03 19:52:01,202 [INFO]   50 compras recebidas | 50 validas
2026-06-03 19:52:02,009 [INFO]   Baixados 288 itens vinculados.
2026-06-03 19:52:18,355 [INFO]   Pagina 267/637...
2026-06-03 19:52:19,532 [INFO]   50 compras recebidas | 50 validas
2026-06-03 19:52:20,362 [INFO]   Baixados 260 itens vinculados.
2026-06-03 19:52:34,951 [INFO]   Pagina 268/637...
2026-06-03 19:52:35,973 [INFO]   50 compras recebidas | 50 validas
2026-06-03 19:52:41,433 [INFO]   Baixados 263 itens vinculados.
2026-06-03 19:52:56,573 [INFO]   Pagina 269/637...
2026-06-03 19:52:57,932 [INFO]   50 compras recebidas | 50 validas
2026-06-03 19:52:58,783 [INFO]   Baixados 225 itens vinculados.
2026-06-03 19:53:13,645 [INFO]   Pagina 270/637...
2026-06-03 19:53:14,513 [INFO]   50 compras recebidas | 50 validas
2026-06-03 19:53:15,253 [INFO]   Baixados 223 itens vinculados.
2026-06-03 19:53:32,394 [INFO]   Pagina 271/637...
2026-06-03 19:53:33,173 [INFO]   50 compras recebidas | 50 validas
2026-06-03 19:53:50,776 [INFO]   Baixados 218 itens vinculados.
2026-06-03 19:54:06,074 [INFO]   Pagina 272/637...
2026-06-03 19:54:07,194 [INFO]   50 compras recebidas | 50 validas
2026-06-03 19:54:08,066 [INFO]   Baixados 277 itens vinculados.
2026-06-03 19:54:23,924 [INFO]   Pagina 273/637...
2026-06-03 19:54:25,063 [INFO]   50 compras recebidas | 50 validas
2026-06-03 19:54:25,906 [INFO]   Baixados 234 itens vinculados.
2026-06-03 19:54:41,344 [INFO]   Pagina 274/637...
2026-06-03 19:54:42,411 [INFO]   50 compras recebidas | 50 validas
2026-06-03 19:54:43,281 [INFO]   Baixados 236 itens vinculados.
2026-06-03 19:54:58,225 [INFO]   Pagina 275/637...
2026-06-03 19:54:59,203 [INFO]   50 compras recebidas | 50 validas
2026-06-03 19:55:00,083 [INFO]   Baixados 227 itens vinculados.
2026-06-03 19:55:17,515 [INFO]   Pagina 276/637...
2026-06-03 19:55:18,634 [INFO]   50 compras recebidas | 50 validas
2026-06-03 19:55:19,444 [INFO]   Baixados 210 itens vinculados.
2026-06-03 19:55:35,654 [INFO]   Pagina 277/637...
2026-06-03 19:55:37,393 [INFO]   50 compras recebidas | 50 validas
2026-06-03 19:55:40,867 [INFO]   Baixados 272 itens vinculados.
2026-06-03 19:55:56,615 [INFO]   Pagina 278/637...
2026-06-03 19:55:57,733 [INFO]   50 compras recebidas | 50 validas
2026-06-03 19:55:58,476 [INFO]   Baixados 202 itens vinculados.
2026-06-03 19:56:13,834 [INFO]   Pagina 279/637...
2026-06-03 19:56:15,034 [INFO]   50 compras recebidas | 50 validas
2026-06-03 19:56:15,774 [INFO]   Baixados 252 itens vinculados.
2026-06-03 19:56:32,506 [INFO]   Pagina 280/637...
2026-06-03 19:56:33,645 [INFO]   50 compras recebidas | 50 validas
2026-06-03 19:56:34,434 [INFO]   Baixados 206 itens vinculados.
2026-06-03 19:56:49,604 [INFO]   Pagina 281/637...
2026-06-03 19:56:50,965 [INFO]   50 compras recebidas | 50 validas
2026-06-03 19:56:51,786 [INFO]   Baixados 228 itens vinculados.
2026-06-03 19:57:09,235 [INFO]   Pagina 282/637...
2026-06-03 19:57:09,814 [INFO]   50 compras recebidas | 50 validas
2026-06-03 19:57:10,600 [INFO]   Baixados 220 itens vinculados.
2026-06-03 19:57:25,354 [INFO]   Pagina 283/637...
2026-06-03 19:57:26,325 [INFO]   50 compras recebidas | 50 validas
2026-06-03 19:57:27,396 [INFO]   Baixados 271 itens vinculados.
2026-06-03 19:57:43,575 [INFO]   Pagina 284/637...
2026-06-03 19:57:44,685 [INFO]   50 compras recebidas | 50 validas
2026-06-03 19:57:45,655 [INFO]   Baixados 240 itens vinculados.
2026-06-03 19:58:01,246 [INFO]   Pagina 285/637...
2026-06-03 19:58:02,315 [INFO]   50 compras recebidas | 50 validas
2026-06-03 19:58:03,075 [INFO]   Baixados 258 itens vinculados.
2026-06-03 19:58:18,046 [INFO]   Pagina 286/637...
2026-06-03 19:58:18,905 [INFO]   50 compras recebidas | 50 validas
2026-06-03 19:58:19,775 [INFO]   Baixados 248 itens vinculados.
2026-06-03 19:58:35,426 [INFO]   Pagina 287/637...
2026-06-03 19:58:36,325 [INFO]   50 compras recebidas | 50 validas
2026-06-03 19:58:37,115 [INFO]   Baixados 232 itens vinculados.
2026-06-03 19:58:52,135 [INFO]   Pagina 288/637...
2026-06-03 19:58:52,685 [INFO]   50 compras recebidas | 50 validas
2026-06-03 19:58:53,696 [INFO]   Baixados 217 itens vinculados.
2026-06-03 19:59:14,315 [INFO]   Pagina 289/637...
2026-06-03 19:59:15,446 [INFO]   50 compras recebidas | 50 validas
2026-06-03 19:59:16,246 [INFO]   Baixados 212 itens vinculados.
2026-06-03 19:59:33,126 [INFO]   Pagina 290/637...
2026-06-03 19:59:34,173 [INFO]   50 compras recebidas | 50 validas
2026-06-03 19:59:35,098 [INFO]   Baixados 256 itens vinculados.
2026-06-03 19:59:54,977 [INFO]   Pagina 291/637...
2026-06-03 19:59:55,775 [INFO]   50 compras recebidas | 50 validas
2026-06-03 19:59:56,526 [INFO]   Baixados 236 itens vinculados.
2026-06-03 20:00:27,005 [INFO]   Pagina 292/637...
2026-06-03 20:02:08,156 [INFO]   50 compras recebidas | 50 validas
2026-06-03 20:02:09,098 [INFO]   Baixados 201 itens vinculados.
2026-06-03 20:02:25,688 [INFO]   Pagina 293/637...
2026-06-03 20:02:27,129 [INFO]   50 compras recebidas | 50 validas
2026-06-03 20:02:31,089 [INFO]   Baixados 184 itens vinculados.
2026-06-03 20:02:48,667 [INFO]   Pagina 294/637...
2026-06-03 20:02:49,727 [INFO]   50 compras recebidas | 50 validas
2026-06-03 20:02:50,837 [INFO]   Baixados 234 itens vinculados.
2026-06-03 20:03:06,957 [INFO]   Pagina 295/637...
2026-06-03 20:03:08,257 [INFO]   50 compras recebidas | 50 validas
2026-06-03 20:03:09,417 [INFO]   Baixados 224 itens vinculados.
2026-06-03 20:03:25,368 [INFO]   Pagina 296/637...
2026-06-03 20:03:26,598 [INFO]   50 compras recebidas | 50 validas
2026-06-03 20:03:27,611 [INFO]   Baixados 257 itens vinculados.
2026-06-03 20:03:45,038 [INFO]   Pagina 297/637...
2026-06-03 20:03:46,718 [INFO]   50 compras recebidas | 50 validas
2026-06-03 20:03:47,589 [INFO]   Baixados 222 itens vinculados.
2026-06-03 20:04:03,624 [INFO]   Pagina 298/637...
2026-06-03 20:04:05,377 [INFO]   50 compras recebidas | 50 validas
2026-06-03 20:04:06,290 [INFO]   Baixados 183 itens vinculados.
2026-06-03 20:04:22,848 [INFO]   Pagina 299/637...
2026-06-03 20:04:23,943 [INFO]   50 compras recebidas | 50 validas
2026-06-03 20:04:29,789 [INFO]   Baixados 253 itens vinculados.
2026-06-03 20:04:45,718 [INFO]   Pagina 300/637...
2026-06-03 20:04:46,598 [INFO]   50 compras recebidas | 50 validas
2026-06-03 20:04:47,408 [INFO]   Baixados 214 itens vinculados.
2026-06-03 20:05:02,651 [INFO]   Pagina 301/637...
2026-06-03 20:05:03,628 [INFO]   50 compras recebidas | 50 validas
2026-06-03 20:05:04,468 [INFO]   Baixados 227 itens vinculados.
2026-06-03 20:05:20,278 [INFO]   Pagina 302/637...
2026-06-03 20:05:21,638 [INFO]   50 compras recebidas | 50 validas
2026-06-03 20:05:22,938 [INFO]   Baixados 201 itens vinculados.
2026-06-03 20:05:39,259 [INFO]   Pagina 303/637...
2026-06-03 20:05:40,322 [INFO]   50 compras recebidas | 50 validas
2026-06-03 20:05:50,028 [INFO]   Baixados 268 itens vinculados.
2026-06-03 20:06:06,568 [INFO]   Pagina 304/637...
2026-06-03 20:06:07,618 [INFO]   50 compras recebidas | 50 validas
2026-06-03 20:06:10,363 [INFO]   Baixados 282 itens vinculados.
2026-06-03 20:06:28,218 [INFO]   Pagina 305/637...
2026-06-03 20:06:29,268 [INFO]   50 compras recebidas | 50 validas
2026-06-03 20:06:30,157 [INFO]   Baixados 201 itens vinculados.
2026-06-03 20:06:46,009 [INFO]   Pagina 306/637...
2026-06-03 20:06:47,074 [INFO]   50 compras recebidas | 50 validas
2026-06-03 20:06:47,878 [INFO]   Baixados 267 itens vinculados.
2026-06-03 20:07:03,270 [INFO]   Pagina 307/637...
2026-06-03 20:07:04,442 [INFO]   50 compras recebidas | 50 validas
2026-06-03 20:07:05,381 [INFO]   Baixados 264 itens vinculados.
2026-06-03 20:07:20,690 [INFO]   Pagina 308/637...
2026-06-03 20:07:21,259 [INFO]   50 compras recebidas | 50 validas
2026-06-03 20:07:22,229 [INFO]   Baixados 227 itens vinculados.
2026-06-03 20:07:37,330 [INFO]   Pagina 309/637...
2026-06-03 20:07:39,627 [INFO]   50 compras recebidas | 50 validas
2026-06-03 20:07:40,799 [INFO]   Baixados 147 itens vinculados.
2026-06-03 20:07:58,340 [INFO]   Pagina 310/637...
2026-06-03 20:07:59,389 [INFO]   50 compras recebidas | 50 validas
2026-06-03 20:08:00,169 [INFO]   Baixados 177 itens vinculados.
2026-06-03 20:08:17,850 [INFO]   Pagina 311/637...
2026-06-03 20:08:18,881 [INFO]   50 compras recebidas | 50 validas
2026-06-03 20:08:19,731 [INFO]   Baixados 257 itens vinculados.
2026-06-03 20:08:34,329 [INFO]   Pagina 312/637...
2026-06-03 20:08:35,289 [INFO]   50 compras recebidas | 50 validas
2026-06-03 20:08:36,113 [INFO]   Baixados 223 itens vinculados.
2026-06-03 20:08:50,709 [INFO]   Pagina 313/637...
2026-06-03 20:08:52,169 [INFO]   50 compras recebidas | 50 validas
2026-06-03 20:08:52,969 [INFO]   Baixados 275 itens vinculados.
2026-06-03 20:09:09,110 [INFO]   Pagina 314/637...
2026-06-03 20:09:10,115 [INFO]   50 compras recebidas | 50 validas
2026-06-03 20:09:10,880 [INFO]   Baixados 211 itens vinculados.
2026-06-03 20:09:26,739 [INFO]   Pagina 315/637...
2026-06-03 20:09:27,700 [INFO]   50 compras recebidas | 50 validas
2026-06-03 20:09:28,609 [INFO]   Baixados 216 itens vinculados.
2026-06-03 20:09:43,312 [INFO]   Pagina 316/637...
2026-06-03 20:09:44,351 [INFO]   50 compras recebidas | 50 validas
2026-06-03 20:09:45,242 [INFO]   Baixados 267 itens vinculados.
2026-06-03 20:10:02,510 [INFO]   Pagina 317/637...
2026-06-03 20:10:03,498 [INFO]   50 compras recebidas | 50 validas
2026-06-03 20:10:04,480 [INFO]   Baixados 246 itens vinculados.
2026-06-03 20:10:20,881 [INFO]   Pagina 318/637...
2026-06-03 20:10:21,830 [INFO]   50 compras recebidas | 50 validas
2026-06-03 20:10:22,630 [INFO]   Baixados 211 itens vinculados.
2026-06-03 20:10:39,031 [INFO]   Pagina 319/637...
2026-06-03 20:10:40,151 [INFO]   50 compras recebidas | 50 validas
2026-06-03 20:10:41,008 [INFO]   Baixados 182 itens vinculados.
2026-06-03 20:10:55,621 [INFO]   Pagina 320/637...
2026-06-03 20:10:56,910 [INFO]   50 compras recebidas | 50 validas
2026-06-03 20:10:57,710 [INFO]   Baixados 232 itens vinculados.
2026-06-03 20:11:13,430 [INFO]   Pagina 321/637...
2026-06-03 20:11:14,133 [INFO]   50 compras recebidas | 50 validas
2026-06-03 20:11:14,965 [INFO]   Baixados 242 itens vinculados.
2026-06-03 20:11:31,091 [INFO]   Pagina 322/637...
2026-06-03 20:11:32,300 [INFO]   50 compras recebidas | 50 validas
2026-06-03 20:11:33,080 [INFO]   Baixados 255 itens vinculados.
2026-06-03 20:11:49,481 [INFO]   Pagina 323/637...
2026-06-03 20:11:51,022 [INFO]   50 compras recebidas | 50 validas
2026-06-03 20:11:51,950 [INFO]   Baixados 242 itens vinculados.
2026-06-03 20:12:06,520 [INFO]   Pagina 324/637...
2026-06-03 20:12:08,532 [INFO]   50 compras recebidas | 50 validas
2026-06-03 20:12:09,343 [INFO]   Baixados 291 itens vinculados.
2026-06-03 20:12:24,010 [INFO]   Pagina 325/637...
2026-06-03 20:12:25,141 [INFO]   50 compras recebidas | 50 validas
2026-06-03 20:12:25,961 [INFO]   Baixados 220 itens vinculados.
2026-06-03 20:12:41,222 [INFO]   Pagina 326/637...
2026-06-03 20:12:47,465 [INFO]   50 compras recebidas | 50 validas
2026-06-03 20:12:48,291 [INFO]   Baixados 220 itens vinculados.
2026-06-03 20:13:04,261 [INFO]   Pagina 327/637...
2026-06-03 20:13:05,231 [INFO]   50 compras recebidas | 50 validas
2026-06-03 20:13:05,981 [INFO]   Baixados 211 itens vinculados.
2026-06-03 20:13:21,442 [INFO]   Pagina 328/637...
2026-06-03 20:13:22,541 [INFO]   50 compras recebidas | 50 validas
2026-06-03 20:13:23,423 [INFO]   Baixados 217 itens vinculados.
2026-06-03 20:13:39,587 [INFO]   Pagina 329/637...
2026-06-03 20:13:40,522 [INFO]   50 compras recebidas | 50 validas
2026-06-03 20:13:57,852 [INFO]   Baixados 259 itens vinculados.
2026-06-03 20:14:15,122 [INFO]   Pagina 330/637...
2026-06-03 20:14:16,372 [INFO]   50 compras recebidas | 50 validas
2026-06-03 20:14:17,221 [INFO]   Baixados 250 itens vinculados.
2026-06-03 20:14:35,433 [INFO]   Pagina 331/637...
2026-06-03 20:14:36,461 [INFO]   50 compras recebidas | 50 validas
2026-06-03 20:14:37,352 [INFO]   Baixados 257 itens vinculados.
2026-06-03 20:14:52,832 [INFO]   Pagina 332/637...
2026-06-03 20:14:53,511 [INFO]   50 compras recebidas | 50 validas
2026-06-03 20:14:54,298 [INFO]   Baixados 222 itens vinculados.
2026-06-03 20:15:13,771 [INFO]   Pagina 333/637...
2026-06-03 20:15:14,811 [INFO]   50 compras recebidas | 50 validas
2026-06-03 20:15:15,734 [INFO]   Baixados 264 itens vinculados.
2026-06-03 20:15:30,411 [INFO]   Pagina 334/637...
2026-06-03 20:15:31,402 [INFO]   50 compras recebidas | 50 validas
2026-06-03 20:15:32,231 [INFO]   Baixados 254 itens vinculados.
2026-06-03 20:15:48,333 [INFO]   Pagina 335/637...
2026-06-03 20:15:49,293 [INFO]   50 compras recebidas | 50 validas
2026-06-03 20:15:50,065 [INFO]   Baixados 234 itens vinculados.
2026-06-03 20:16:06,243 [INFO]   Pagina 336/637...
2026-06-03 20:16:07,683 [INFO]   50 compras recebidas | 50 validas
2026-06-03 20:16:08,434 [INFO]   Baixados 246 itens vinculados.
2026-06-03 20:16:24,861 [INFO]   Pagina 337/637...
2026-06-03 20:16:26,222 [INFO]   50 compras recebidas | 50 validas
2026-06-03 20:16:26,952 [INFO]   Baixados 245 itens vinculados.
2026-06-03 20:16:44,463 [INFO]   Pagina 338/637...
2026-06-03 20:16:45,742 [INFO]   50 compras recebidas | 50 validas
2026-06-03 20:16:46,615 [INFO]   Baixados 278 itens vinculados.
2026-06-03 20:17:01,343 [INFO]   Pagina 339/637...
2026-06-03 20:17:02,132 [INFO]   50 compras recebidas | 50 validas
2026-06-03 20:17:02,933 [INFO]   Baixados 259 itens vinculados.
2026-06-03 20:17:16,944 [INFO]   Pagina 340/637...
2026-06-03 20:17:18,303 [INFO]   50 compras recebidas | 50 validas
2026-06-03 20:17:19,162 [INFO]   Baixados 251 itens vinculados.
2026-06-03 20:17:34,473 [INFO]   Pagina 341/637...
2026-06-03 20:17:36,285 [INFO]   50 compras recebidas | 50 validas
2026-06-03 20:17:37,083 [INFO]   Baixados 283 itens vinculados.
2026-06-03 20:17:54,405 [INFO]   Pagina 342/637...
2026-06-03 20:17:55,684 [INFO]   50 compras recebidas | 50 validas
2026-06-03 20:17:56,493 [INFO]   Baixados 286 itens vinculados.
2026-06-03 20:18:13,354 [INFO]   Pagina 343/637...
2026-06-03 20:18:14,403 [INFO]   50 compras recebidas | 50 validas
2026-06-03 20:18:15,193 [INFO]   Baixados 228 itens vinculados.
2026-06-03 20:18:29,714 [INFO]   Pagina 344/637...
2026-06-03 20:18:30,683 [INFO]   50 compras recebidas | 50 validas
2026-06-03 20:18:31,443 [INFO]   Baixados 247 itens vinculados.
2026-06-03 20:18:47,214 [INFO]   Pagina 345/637...
2026-06-03 20:18:48,273 [INFO]   50 compras recebidas | 50 validas
2026-06-03 20:18:49,023 [INFO]   Baixados 251 itens vinculados.
2026-06-03 20:19:04,814 [INFO]   Pagina 346/637...
2026-06-03 20:19:05,633 [INFO]   50 compras recebidas | 50 validas
2026-06-03 20:19:06,480 [INFO]   Baixados 275 itens vinculados.
2026-06-03 20:19:19,664 [INFO]   Pagina 347/637...
2026-06-03 20:19:20,323 [INFO]   50 compras recebidas | 50 validas
2026-06-03 20:19:21,153 [INFO]   Baixados 244 itens vinculados.
2026-06-03 20:19:36,785 [INFO]   Pagina 348/637...
2026-06-03 20:19:38,174 [INFO]   50 compras recebidas | 50 validas
2026-06-03 20:19:39,044 [INFO]   Baixados 247 itens vinculados.
2026-06-03 20:19:54,845 [INFO]   Pagina 349/637...
2026-06-03 20:19:56,273 [INFO]   50 compras recebidas | 50 validas
2026-06-03 20:19:57,043 [INFO]   Baixados 270 itens vinculados.
2026-06-03 20:20:16,154 [INFO]   Pagina 350/637...
2026-06-03 20:20:17,103 [INFO]   50 compras recebidas | 50 validas
2026-06-03 20:20:17,863 [INFO]   Baixados 249 itens vinculados.
2026-06-03 20:20:34,133 [INFO]   Pagina 351/637...
2026-06-03 20:20:35,413 [INFO]   50 compras recebidas | 50 validas
2026-06-03 20:20:36,195 [INFO]   Baixados 234 itens vinculados.
2026-06-03 20:20:51,705 [INFO]   Pagina 352/637...
2026-06-03 20:20:53,524 [INFO]   50 compras recebidas | 50 validas
2026-06-03 20:20:54,354 [INFO]   Baixados 264 itens vinculados.
2026-06-03 20:21:11,663 [INFO]   Pagina 353/637...
2026-06-03 20:21:12,903 [INFO]   50 compras recebidas | 50 validas
2026-06-03 20:21:13,674 [INFO]   Baixados 253 itens vinculados.
2026-06-03 20:21:28,845 [INFO]   Pagina 354/637...
2026-06-03 20:21:29,944 [INFO]   50 compras recebidas | 50 validas
2026-06-03 20:21:30,714 [INFO]   Baixados 247 itens vinculados.
2026-06-03 20:21:45,234 [INFO]   Pagina 355/637...
2026-06-03 20:21:46,394 [INFO]   50 compras recebidas | 50 validas
2026-06-03 20:21:47,154 [INFO]   Baixados 215 itens vinculados.
2026-06-03 20:22:01,304 [INFO]   Pagina 356/637...
2026-06-03 20:22:02,114 [INFO]   50 compras recebidas | 50 validas
2026-06-03 20:22:03,066 [INFO]   Baixados 241 itens vinculados.
2026-06-03 20:22:18,386 [INFO]   Pagina 357/637...
2026-06-03 20:22:19,534 [INFO]   50 compras recebidas | 50 validas
2026-06-03 20:22:20,340 [INFO]   Baixados 269 itens vinculados.
2026-06-03 20:22:35,815 [INFO]   Pagina 358/637...
2026-06-03 20:22:37,359 [INFO]   50 compras recebidas | 50 validas
2026-06-03 20:22:38,465 [INFO]   Baixados 255 itens vinculados.
2026-06-03 20:22:53,194 [INFO]   Pagina 359/637...
2026-06-03 20:22:54,034 [INFO]   50 compras recebidas | 50 validas
2026-06-03 20:22:54,777 [INFO]   Baixados 204 itens vinculados.
2026-06-03 20:23:11,393 [INFO]   Pagina 360/637...
2026-06-03 20:23:12,414 [INFO]   50 compras recebidas | 50 validas
2026-06-03 20:23:13,214 [INFO]   Baixados 216 itens vinculados.
2026-06-03 20:23:29,505 [INFO]   Pagina 361/637...
2026-06-03 20:23:30,475 [INFO]   50 compras recebidas | 50 validas
2026-06-03 20:23:32,137 [INFO]   Baixados 272 itens vinculados.
2026-06-03 20:23:47,375 [INFO]   Pagina 362/637...
2026-06-03 20:23:49,008 [INFO]   50 compras recebidas | 50 validas
2026-06-03 20:23:49,866 [INFO]   Baixados 181 itens vinculados.
2026-06-03 20:24:05,477 [INFO]   Pagina 363/637...
2026-06-03 20:24:06,265 [INFO]   50 compras recebidas | 50 validas
2026-06-03 20:24:07,055 [INFO]   Baixados 277 itens vinculados.
2026-06-03 20:24:22,545 [INFO]   Pagina 364/637...
2026-06-03 20:24:23,580 [INFO]   50 compras recebidas | 50 validas
2026-06-03 20:24:24,577 [INFO]   Baixados 262 itens vinculados.
2026-06-03 20:24:40,847 [INFO]   Pagina 365/637...
2026-06-03 20:24:41,786 [INFO]   50 compras recebidas | 50 validas
2026-06-03 20:24:42,537 [INFO]   Baixados 277 itens vinculados.
2026-06-03 20:24:58,566 [INFO]   Pagina 366/637...
2026-06-03 20:24:59,436 [INFO]   50 compras recebidas | 50 validas
2026-06-03 20:25:00,217 [INFO]   Baixados 258 itens vinculados.
2026-06-03 20:25:17,728 [INFO]   Pagina 367/637...
2026-06-03 20:25:18,406 [INFO]   50 compras recebidas | 50 validas
2026-06-03 20:25:19,176 [INFO]   Baixados 253 itens vinculados.
2026-06-03 20:25:34,156 [INFO]   Pagina 368/637...
2026-06-03 20:25:35,256 [INFO]   50 compras recebidas | 50 validas
2026-06-03 20:25:36,037 [INFO]   Baixados 240 itens vinculados.
2026-06-03 20:25:51,608 [INFO]   Pagina 369/637...
2026-06-03 20:25:53,179 [INFO]   50 compras recebidas | 50 validas
2026-06-03 20:25:53,948 [INFO]   Baixados 224 itens vinculados.
2026-06-03 20:26:09,226 [INFO]   Pagina 370/637...
2026-06-03 20:26:10,566 [INFO]   50 compras recebidas | 50 validas
2026-06-03 20:26:11,487 [INFO]   Baixados 299 itens vinculados.
2026-06-03 20:26:27,117 [INFO]   Pagina 371/637...
2026-06-03 20:26:27,987 [INFO]   50 compras recebidas | 50 validas
2026-06-03 20:26:28,688 [INFO]   Baixados 245 itens vinculados.
2026-06-03 20:26:43,679 [INFO]   Pagina 372/637...
2026-06-03 20:26:44,677 [INFO]   50 compras recebidas | 50 validas
2026-06-03 20:26:45,498 [INFO]   Baixados 270 itens vinculados.
2026-06-03 20:27:00,219 [INFO]   Pagina 373/637...
2026-06-03 20:27:01,777 [INFO]   50 compras recebidas | 50 validas
2026-06-03 20:27:02,578 [INFO]   Baixados 278 itens vinculados.
2026-06-03 20:27:20,259 [INFO]   Pagina 374/637...
2026-06-03 20:27:21,018 [INFO]   50 compras recebidas | 50 validas
2026-06-03 20:27:21,900 [INFO]   Baixados 264 itens vinculados.
2026-06-03 20:27:38,179 [INFO]   Pagina 375/637...
2026-06-03 20:27:39,359 [INFO]   50 compras recebidas | 50 validas
2026-06-03 20:27:40,098 [INFO]   Baixados 298 itens vinculados.
2026-06-03 20:27:56,029 [INFO]   Pagina 376/637...
2026-06-03 20:27:57,108 [INFO]   50 compras recebidas | 50 validas
2026-06-03 20:27:57,858 [INFO]   Baixados 212 itens vinculados.
2026-06-03 20:28:11,878 [INFO]   Pagina 377/637...
2026-06-03 20:28:13,038 [INFO]   50 compras recebidas | 50 validas
2026-06-03 20:28:13,898 [INFO]   Baixados 230 itens vinculados.
2026-06-03 20:28:31,538 [INFO]   Pagina 378/637...
2026-06-03 20:28:32,778 [INFO]   50 compras recebidas | 50 validas
2026-06-03 20:28:33,499 [INFO]   Baixados 223 itens vinculados.
2026-06-03 20:28:48,928 [INFO]   Pagina 379/637...
2026-06-03 20:28:50,079 [INFO]   50 compras recebidas | 50 validas
2026-06-03 20:28:50,797 [INFO]   Baixados 173 itens vinculados.
2026-06-03 20:29:05,970 [INFO]   Pagina 380/637...
2026-06-03 20:29:06,989 [INFO]   50 compras recebidas | 50 validas
2026-06-03 20:29:07,770 [INFO]   Baixados 231 itens vinculados.
2026-06-03 20:29:23,070 [INFO]   Pagina 381/637...
2026-06-03 20:29:24,229 [INFO]   50 compras recebidas | 50 validas
2026-06-03 20:29:25,030 [INFO]   Baixados 191 itens vinculados.
2026-06-03 20:29:39,520 [INFO]   Pagina 382/637...
2026-06-03 20:29:40,690 [INFO]   50 compras recebidas | 50 validas
2026-06-03 20:29:41,484 [INFO]   Baixados 310 itens vinculados.
2026-06-03 20:29:56,340 [INFO]   Pagina 383/637...
2026-06-03 20:29:57,300 [INFO]   50 compras recebidas | 50 validas
2026-06-03 20:29:58,060 [INFO]   Baixados 187 itens vinculados.
2026-06-03 20:30:18,919 [INFO]   Pagina 384/637...
2026-06-03 20:30:20,480 [INFO]   50 compras recebidas | 50 validas
2026-06-03 20:30:21,343 [INFO]   Baixados 208 itens vinculados.
2026-06-03 20:30:36,901 [INFO]   Pagina 385/637...
2026-06-03 20:30:38,187 [INFO]   50 compras recebidas | 50 validas
2026-06-03 20:30:38,921 [INFO]   Baixados 261 itens vinculados.
2026-06-03 20:30:56,091 [INFO]   Pagina 386/637...
2026-06-03 20:30:57,361 [INFO]   50 compras recebidas | 50 validas
2026-06-03 20:30:58,110 [INFO]   Baixados 264 itens vinculados.
2026-06-03 20:31:15,672 [INFO]   Pagina 387/637...
2026-06-03 20:31:16,300 [INFO]   50 compras recebidas | 50 validas
2026-06-03 20:31:17,120 [INFO]   Baixados 196 itens vinculados.
2026-06-03 20:31:33,111 [INFO]   Pagina 388/637...
2026-06-03 20:31:34,071 [INFO]   50 compras recebidas | 50 validas
2026-06-03 20:31:34,833 [INFO]   Baixados 276 itens vinculados.
2026-06-03 20:31:50,910 [INFO]   Pagina 389/637...
2026-06-03 20:31:52,141 [INFO]   50 compras recebidas | 50 validas
2026-06-03 20:31:52,856 [INFO]   Baixados 213 itens vinculados.
2026-06-03 20:32:09,630 [INFO]   Pagina 390/637...
2026-06-03 20:32:10,602 [INFO]   50 compras recebidas | 50 validas
2026-06-03 20:32:11,341 [INFO]   Baixados 198 itens vinculados.
2026-06-03 20:32:26,561 [INFO]   Pagina 391/637...
2026-06-03 20:32:27,771 [INFO]   50 compras recebidas | 50 validas
2026-06-03 20:32:31,604 [INFO]   Baixados 232 itens vinculados.
2026-06-03 20:32:48,443 [INFO]   Pagina 392/637...
2026-06-03 20:32:49,619 [INFO]   50 compras recebidas | 50 validas
2026-06-03 20:32:50,540 [INFO]   Baixados 220 itens vinculados.
2026-06-03 20:33:06,902 [INFO]   Pagina 393/637...
2026-06-03 20:33:07,692 [INFO]   50 compras recebidas | 50 validas
2026-06-03 20:33:08,431 [INFO]   Baixados 241 itens vinculados.
2026-06-03 20:33:24,202 [INFO]   Pagina 394/637...
2026-06-03 20:33:24,828 [INFO]   50 compras recebidas | 50 validas
2026-06-03 20:33:25,552 [INFO]   Baixados 218 itens vinculados.
2026-06-03 20:33:40,801 [INFO]   Pagina 395/637...
2026-06-03 20:33:41,902 [INFO]   50 compras recebidas | 50 validas
2026-06-03 20:33:42,782 [INFO]   Baixados 225 itens vinculados.
2026-06-03 20:33:59,342 [INFO]   Pagina 396/637...
2026-06-03 20:34:00,394 [INFO]   50 compras recebidas | 50 validas
2026-06-03 20:34:01,164 [INFO]   Baixados 257 itens vinculados.
2026-06-03 20:34:16,863 [INFO]   Pagina 397/637...
2026-06-03 20:34:17,702 [INFO]   50 compras recebidas | 50 validas
2026-06-03 20:34:18,482 [INFO]   Baixados 282 itens vinculados.
2026-06-03 20:34:34,543 [INFO]   Pagina 398/637...
2026-06-03 20:34:35,824 [INFO]   50 compras recebidas | 50 validas
2026-06-03 20:34:36,802 [INFO]   Baixados 271 itens vinculados.
2026-06-03 20:34:53,294 [INFO]   Pagina 399/637...
2026-06-03 20:34:54,384 [INFO]   50 compras recebidas | 50 validas
2026-06-03 20:34:55,133 [INFO]   Baixados 263 itens vinculados.
2026-06-03 20:35:11,844 [INFO]   Pagina 400/637...
2026-06-03 20:35:12,963 [INFO]   50 compras recebidas | 50 validas
2026-06-03 20:35:13,796 [INFO]   Baixados 256 itens vinculados.
2026-06-03 20:35:29,862 [INFO]   Pagina 401/637...
2026-06-03 20:35:30,983 [INFO]   50 compras recebidas | 50 validas
2026-06-03 20:35:31,873 [INFO]   Baixados 230 itens vinculados.
2026-06-03 20:35:49,434 [INFO]   Pagina 402/637...
2026-06-03 20:35:50,664 [INFO]   50 compras recebidas | 50 validas
2026-06-03 20:35:51,423 [INFO]   Baixados 238 itens vinculados.
2026-06-03 20:36:07,387 [INFO]   Pagina 403/637...
2026-06-03 20:36:08,999 [INFO]   50 compras recebidas | 50 validas
2026-06-03 20:36:09,805 [INFO]   Baixados 233 itens vinculados.
2026-06-03 20:36:27,513 [INFO]   Pagina 404/637...
2026-06-03 20:36:28,644 [INFO]   50 compras recebidas | 50 validas
2026-06-03 20:36:29,353 [INFO]   Baixados 160 itens vinculados.
2026-06-03 20:36:44,086 [INFO]   Pagina 405/637...
2026-06-03 20:36:45,034 [INFO]   50 compras recebidas | 50 validas
2026-06-03 20:36:46,044 [INFO]   Baixados 228 itens vinculados.
2026-06-03 20:37:01,375 [INFO]   Pagina 406/637...
2026-06-03 20:37:02,552 [INFO]   50 compras recebidas | 50 validas
2026-06-03 20:37:03,304 [INFO]   Baixados 324 itens vinculados.
2026-06-03 20:37:19,585 [INFO]   Pagina 407/637...
2026-06-03 20:37:20,987 [INFO]   50 compras recebidas | 50 validas
2026-06-03 20:37:21,804 [INFO]   Baixados 225 itens vinculados.
2026-06-03 20:37:39,384 [INFO]   Pagina 408/637...
2026-06-03 20:37:40,454 [INFO]   50 compras recebidas | 50 validas
2026-06-03 20:37:41,192 [INFO]   Baixados 237 itens vinculados.
2026-06-03 20:37:57,814 [INFO]   Pagina 409/637...
2026-06-03 20:37:58,754 [INFO]   50 compras recebidas | 50 validas
2026-06-03 20:37:59,614 [INFO]   Baixados 248 itens vinculados.
2026-06-03 20:38:15,934 [INFO]   Pagina 410/637...
2026-06-03 20:38:17,249 [INFO]   50 compras recebidas | 50 validas
2026-06-03 20:38:18,017 [INFO]   Baixados 198 itens vinculados.
2026-06-03 20:38:34,344 [INFO]   Pagina 411/637...
2026-06-03 20:38:35,344 [INFO]   50 compras recebidas | 50 validas
2026-06-03 20:38:36,077 [INFO]   Baixados 211 itens vinculados.
2026-06-03 20:38:52,766 [INFO]   Pagina 412/637...
2026-06-03 20:38:53,815 [INFO]   50 compras recebidas | 50 validas
2026-06-03 20:38:54,605 [INFO]   Baixados 212 itens vinculados.
2026-06-03 20:39:09,936 [INFO]   Pagina 413/637...
2026-06-03 20:39:11,046 [INFO]   50 compras recebidas | 50 validas
2026-06-03 20:39:11,824 [INFO]   Baixados 300 itens vinculados.
2026-06-03 20:39:28,226 [INFO]   Pagina 414/637...
2026-06-03 20:39:29,245 [INFO]   50 compras recebidas | 50 validas
2026-06-03 20:39:29,985 [INFO]   Baixados 186 itens vinculados.
2026-06-03 20:39:46,636 [INFO]   Pagina 415/637...
2026-06-03 20:39:47,355 [INFO]   50 compras recebidas | 50 validas
2026-06-03 20:40:04,538 [INFO]   Baixados 197 itens vinculados.
2026-06-03 20:40:22,770 [INFO]   Pagina 416/637...
2026-06-03 20:40:23,805 [INFO]   50 compras recebidas | 50 validas
2026-06-03 20:40:24,696 [INFO]   Baixados 179 itens vinculados.
2026-06-03 20:40:42,066 [INFO]   Pagina 417/637...
2026-06-03 20:40:43,075 [INFO]   50 compras recebidas | 50 validas
2026-06-03 20:40:47,557 [INFO]   Baixados 196 itens vinculados.
2026-06-03 20:41:04,477 [INFO]   Pagina 418/637...
2026-06-03 20:41:05,221 [INFO]   50 compras recebidas | 50 validas
2026-06-03 20:41:05,982 [INFO]   Baixados 240 itens vinculados.
2026-06-03 20:41:21,057 [INFO]   Pagina 419/637...
2026-06-03 20:41:22,232 [INFO]   50 compras recebidas | 50 validas
2026-06-03 20:41:22,997 [INFO]   Baixados 159 itens vinculados.
2026-06-03 20:41:38,557 [INFO]   Pagina 420/637...
2026-06-03 20:41:40,276 [INFO]   50 compras recebidas | 50 validas
2026-06-03 20:41:41,086 [INFO]   Baixados 241 itens vinculados.
2026-06-03 20:41:57,197 [INFO]   Pagina 421/637...
2026-06-03 20:41:58,356 [INFO]   50 compras recebidas | 50 validas
2026-06-03 20:42:15,522 [INFO]   Baixados 132 itens vinculados.
2026-06-03 20:42:31,077 [INFO]   Pagina 422/637...
2026-06-03 20:42:32,049 [INFO]   50 compras recebidas | 50 validas
2026-06-03 20:42:34,667 [INFO]   Baixados 279 itens vinculados.
2026-06-03 20:42:51,716 [INFO]   Pagina 423/637...
2026-06-03 20:42:52,973 [INFO]   50 compras recebidas | 50 validas
2026-06-03 20:42:54,827 [INFO]   Baixados 263 itens vinculados.
2026-06-03 20:43:12,256 [INFO]   Pagina 424/637...
2026-06-03 20:43:13,317 [INFO]   50 compras recebidas | 50 validas
2026-06-03 20:43:14,157 [INFO]   Baixados 220 itens vinculados.
2026-06-03 20:43:34,438 [INFO]   Pagina 425/637...
2026-06-03 20:43:35,517 [INFO]   50 compras recebidas | 50 validas
2026-06-03 20:43:39,115 [INFO]   Baixados 180 itens vinculados.
2026-06-03 20:43:56,886 [INFO]   Pagina 426/637...
2026-06-03 20:43:57,967 [INFO]   50 compras recebidas | 50 validas
2026-06-03 20:43:58,707 [INFO]   Baixados 236 itens vinculados.
2026-06-03 20:44:14,428 [INFO]   Pagina 427/637...
2026-06-03 20:44:15,328 [INFO]   50 compras recebidas | 50 validas
2026-06-03 20:44:16,207 [INFO]   Baixados 236 itens vinculados.
2026-06-03 20:44:31,558 [INFO]   Pagina 428/637...
2026-06-03 20:44:32,268 [INFO]   50 compras recebidas | 50 validas
2026-06-03 20:44:33,037 [INFO]   Baixados 221 itens vinculados.
2026-06-03 20:44:50,108 [INFO]   Pagina 429/637...
2026-06-03 20:44:51,288 [INFO]   50 compras recebidas | 50 validas
2026-06-03 20:44:51,997 [INFO]   Baixados 183 itens vinculados.
2026-06-03 20:45:08,949 [INFO]   Pagina 430/637...
2026-06-03 20:45:10,317 [INFO]   50 compras recebidas | 50 validas
2026-06-03 20:45:12,100 [INFO]   Baixados 218 itens vinculados.
2026-06-03 20:45:28,449 [INFO]   Pagina 431/637...
2026-06-03 20:45:29,294 [INFO]   50 compras recebidas | 50 validas
2026-06-03 20:45:30,078 [INFO]   Baixados 243 itens vinculados.
2026-06-03 20:45:46,859 [INFO]   Pagina 432/637...
2026-06-03 20:45:48,848 [INFO]   50 compras recebidas | 50 validas
2026-06-03 20:45:50,320 [INFO]   Baixados 194 itens vinculados.
2026-06-03 20:46:06,030 [INFO]   Pagina 433/637...
2026-06-03 20:46:07,178 [INFO]   50 compras recebidas | 50 validas
2026-06-03 20:46:07,910 [INFO]   Baixados 241 itens vinculados.
2026-06-03 20:46:24,929 [INFO]   Pagina 434/637...
2026-06-03 20:46:26,168 [INFO]   50 compras recebidas | 50 validas
2026-06-03 20:46:26,985 [INFO]   Baixados 253 itens vinculados.
2026-06-03 20:46:43,039 [INFO]   Pagina 435/637...
2026-06-03 20:46:44,608 [INFO]   50 compras recebidas | 50 validas
2026-06-03 20:46:45,779 [INFO]   Baixados 137 itens vinculados.
2026-06-03 20:47:02,658 [INFO]   Pagina 436/637...
2026-06-03 20:47:03,978 [INFO]   50 compras recebidas | 50 validas
2026-06-03 20:47:04,789 [INFO]   Baixados 166 itens vinculados.
2026-06-03 20:47:19,788 [INFO]   Pagina 437/637...
2026-06-03 20:47:21,149 [INFO]   50 compras recebidas | 50 validas
2026-06-03 20:47:21,939 [INFO]   Baixados 215 itens vinculados.
2026-06-03 20:47:37,340 [INFO]   Pagina 438/637...
2026-06-03 20:47:38,620 [INFO]   50 compras recebidas | 50 validas
2026-06-03 20:47:39,354 [INFO]   Baixados 216 itens vinculados.
2026-06-03 20:47:54,460 [INFO]   Pagina 439/637...
2026-06-03 20:47:56,070 [INFO]   50 compras recebidas | 50 validas
2026-06-03 20:47:57,501 [INFO]   Baixados 264 itens vinculados.
2026-06-03 20:48:16,689 [INFO]   Pagina 440/637...
2026-06-03 20:48:18,581 [INFO]   50 compras recebidas | 50 validas
2026-06-03 20:48:19,379 [INFO]   Baixados 225 itens vinculados.
2026-06-03 20:48:35,280 [INFO]   Pagina 441/637...
2026-06-03 20:48:36,532 [INFO]   50 compras recebidas | 50 validas
2026-06-03 20:48:37,424 [INFO]   Baixados 268 itens vinculados.
2026-06-03 20:48:54,010 [INFO]   Pagina 442/637...
2026-06-03 20:48:55,189 [INFO]   50 compras recebidas | 50 validas
2026-06-03 20:48:55,959 [INFO]   Baixados 236 itens vinculados.
2026-06-03 20:49:13,301 [INFO]   Pagina 443/637...
2026-06-03 20:49:14,419 [INFO]   50 compras recebidas | 50 validas
2026-06-03 20:49:15,202 [INFO]   Baixados 220 itens vinculados.
2026-06-03 20:49:30,140 [INFO]   Pagina 444/637...
2026-06-03 20:49:31,189 [INFO]   50 compras recebidas | 50 validas
2026-06-03 20:49:31,929 [INFO]   Baixados 277 itens vinculados.
2026-06-03 20:49:46,809 [INFO]   Pagina 445/637...
2026-06-03 20:49:47,860 [INFO]   50 compras recebidas | 50 validas
2026-06-03 20:49:48,641 [INFO]   Baixados 220 itens vinculados.
2026-06-03 20:50:04,722 [INFO]   Pagina 446/637...
2026-06-03 20:50:05,930 [INFO]   50 compras recebidas | 50 validas
2026-06-03 20:50:06,760 [INFO]   Baixados 245 itens vinculados.
2026-06-03 20:50:22,201 [INFO]   Pagina 447/637...
2026-06-03 20:50:22,861 [INFO]   50 compras recebidas | 50 validas
2026-06-03 20:50:23,671 [INFO]   Baixados 205 itens vinculados.
2026-06-03 20:50:39,061 [INFO]   Pagina 448/637...
2026-06-03 20:50:40,290 [INFO]   50 compras recebidas | 50 validas
2026-06-03 20:50:40,959 [INFO]   Baixados 176 itens vinculados.
2026-06-03 20:50:56,583 [INFO]   Pagina 449/637...
2026-06-03 20:50:57,990 [INFO]   50 compras recebidas | 50 validas
2026-06-03 20:50:58,880 [INFO]   Baixados 202 itens vinculados.
2026-06-03 20:51:16,491 [INFO]   Pagina 450/637...
2026-06-03 20:51:18,240 [INFO]   50 compras recebidas | 50 validas
2026-06-03 20:51:18,971 [INFO]   Baixados 217 itens vinculados.
2026-06-03 20:51:34,361 [INFO]   Pagina 451/637...
2026-06-03 20:51:35,420 [INFO]   50 compras recebidas | 50 validas
2026-06-03 20:51:36,131 [INFO]   Baixados 187 itens vinculados.
2026-06-03 20:51:51,730 [INFO]   Pagina 452/637...
2026-06-03 20:51:52,830 [INFO]   50 compras recebidas | 50 validas
2026-06-03 20:51:53,630 [INFO]   Baixados 183 itens vinculados.
2026-06-03 20:52:09,410 [INFO]   Pagina 453/637...
2026-06-03 20:52:11,101 [INFO]   50 compras recebidas | 50 validas
2026-06-03 20:52:11,891 [INFO]   Baixados 224 itens vinculados.
2026-06-03 20:52:28,102 [INFO]   Pagina 454/637...
2026-06-03 20:52:29,132 [INFO]   50 compras recebidas | 50 validas
2026-06-03 20:52:29,861 [INFO]   Baixados 283 itens vinculados.
2026-06-03 20:52:44,009 [INFO]   Pagina 455/637...
2026-06-03 20:52:45,041 [INFO]   50 compras recebidas | 50 validas
2026-06-03 20:52:45,813 [INFO]   Baixados 219 itens vinculados.
2026-06-03 20:53:00,946 [INFO]   Pagina 456/637...
2026-06-03 20:53:02,041 [INFO]   50 compras recebidas | 50 validas
2026-06-03 20:53:02,961 [INFO]   Baixados 218 itens vinculados.
2026-06-03 20:53:19,863 [INFO]   Pagina 457/637...
2026-06-03 20:53:20,552 [INFO]   50 compras recebidas | 50 validas
2026-06-03 20:53:21,252 [INFO]   Baixados 180 itens vinculados.
2026-06-03 20:53:37,581 [INFO]   Pagina 458/637...
2026-06-03 20:53:38,652 [INFO]   50 compras recebidas | 50 validas
2026-06-03 20:53:39,402 [INFO]   Baixados 233 itens vinculados.
2026-06-03 20:53:55,203 [INFO]   Pagina 459/637...
2026-06-03 20:53:55,772 [INFO]   50 compras recebidas | 50 validas
2026-06-03 20:53:56,537 [INFO]   Baixados 222 itens vinculados.
2026-06-03 20:54:12,832 [INFO]   Pagina 460/637...
2026-06-03 20:54:13,532 [INFO]   50 compras recebidas | 50 validas
2026-06-03 20:54:14,502 [INFO]   Baixados 289 itens vinculados.
2026-06-03 20:54:31,243 [INFO]   Pagina 461/637...
2026-06-03 20:54:31,862 [INFO]   50 compras recebidas | 50 validas
2026-06-03 20:54:32,635 [INFO]   Baixados 227 itens vinculados.
2026-06-03 20:54:47,923 [INFO]   Pagina 462/637...
2026-06-03 20:54:49,002 [INFO]   50 compras recebidas | 50 validas
2026-06-03 20:54:49,732 [INFO]   Baixados 239 itens vinculados.
2026-06-03 20:55:04,984 [INFO]   Pagina 463/637...
2026-06-03 20:55:06,132 [INFO]   50 compras recebidas | 50 validas
2026-06-03 20:55:06,861 [INFO]   Baixados 264 itens vinculados.
2026-06-03 20:55:22,932 [INFO]   Pagina 464/637...
2026-06-03 20:55:23,925 [INFO]   50 compras recebidas | 50 validas
2026-06-03 20:55:24,762 [INFO]   Baixados 221 itens vinculados.
2026-06-03 20:55:41,004 [INFO]   Pagina 465/637...
2026-06-03 20:55:41,987 [INFO]   50 compras recebidas | 50 validas
2026-06-03 20:55:42,985 [INFO]   Baixados 211 itens vinculados.
2026-06-03 20:55:58,003 [INFO]   Pagina 466/637...
2026-06-03 20:55:59,033 [INFO]   50 compras recebidas | 50 validas
2026-06-03 20:55:59,732 [INFO]   Baixados 203 itens vinculados.
2026-06-03 20:56:17,257 [INFO]   Pagina 467/637...
2026-06-03 20:56:18,182 [INFO]   50 compras recebidas | 50 validas
2026-06-03 20:56:18,913 [INFO]   Baixados 226 itens vinculados.
2026-06-03 20:56:33,912 [INFO]   Pagina 468/637...
2026-06-03 20:56:34,653 [INFO]   50 compras recebidas | 50 validas
2026-06-03 20:56:35,573 [INFO]   Baixados 243 itens vinculados.
2026-06-03 20:56:52,833 [INFO]   Pagina 469/637...
2026-06-03 20:56:53,972 [INFO]   50 compras recebidas | 50 validas
2026-06-03 20:56:54,833 [INFO]   Baixados 277 itens vinculados.
2026-06-03 20:57:11,903 [INFO]   Pagina 470/637...
2026-06-03 20:57:12,613 [INFO]   50 compras recebidas | 50 validas
2026-06-03 20:57:13,390 [INFO]   Baixados 177 itens vinculados.
2026-06-03 20:57:30,803 [INFO]   Pagina 471/637...
2026-06-03 20:57:31,913 [INFO]   50 compras recebidas | 50 validas
2026-06-03 20:57:32,630 [INFO]   Baixados 135 itens vinculados.
2026-06-03 20:57:50,424 [INFO]   Pagina 472/637...
2026-06-03 20:57:51,373 [INFO]   50 compras recebidas | 50 validas
2026-06-03 20:57:52,123 [INFO]   Baixados 192 itens vinculados.
2026-06-03 20:58:08,744 [INFO]   Pagina 473/637...
2026-06-03 20:58:10,165 [INFO]   50 compras recebidas | 50 validas
2026-06-03 20:58:10,963 [INFO]   Baixados 230 itens vinculados.
2026-06-03 20:58:26,224 [INFO]   Pagina 474/637...
2026-06-03 20:58:27,413 [INFO]   50 compras recebidas | 50 validas
2026-06-03 20:58:28,159 [INFO]   Baixados 232 itens vinculados.
2026-06-03 20:58:43,233 [INFO]   Pagina 475/637...
2026-06-03 20:58:44,293 [INFO]   50 compras recebidas | 50 validas
2026-06-03 20:58:45,043 [INFO]   Baixados 295 itens vinculados.
2026-06-03 20:59:00,813 [INFO]   Pagina 476/637...
2026-06-03 20:59:01,993 [INFO]   50 compras recebidas | 50 validas
2026-06-03 20:59:02,727 [INFO]   Baixados 162 itens vinculados.
2026-06-03 20:59:18,316 [INFO]   Pagina 477/637...
2026-06-03 20:59:19,373 [INFO]   50 compras recebidas | 50 validas
2026-06-03 20:59:20,063 [INFO]   Baixados 180 itens vinculados.
2026-06-03 20:59:34,504 [INFO]   Pagina 478/637...
2026-06-03 20:59:35,413 [INFO]   50 compras recebidas | 50 validas
2026-06-03 20:59:36,463 [INFO]   Baixados 248 itens vinculados.
2026-06-03 20:59:52,164 [INFO]   Pagina 479/637...
2026-06-03 20:59:52,983 [INFO]   50 compras recebidas | 50 validas
2026-06-03 20:59:53,783 [INFO]   Baixados 247 itens vinculados.
2026-06-03 21:00:18,614 [INFO]   Pagina 480/637...
2026-06-03 21:01:43,908 [INFO]   50 compras recebidas | 50 validas
2026-06-03 21:01:44,693 [INFO]   Baixados 193 itens vinculados.
2026-06-03 21:02:03,784 [INFO]   Pagina 481/637...
2026-06-03 21:02:05,561 [INFO]   50 compras recebidas | 50 validas
2026-06-03 21:02:06,293 [INFO]   Baixados 161 itens vinculados.
2026-06-03 21:02:23,443 [INFO]   Pagina 482/637...
2026-06-03 21:02:24,843 [INFO]   50 compras recebidas | 50 validas
2026-06-03 21:02:25,853 [INFO]   Baixados 234 itens vinculados.
2026-06-03 21:02:40,395 [INFO]   Pagina 483/637...
2026-06-03 21:02:41,682 [INFO]   50 compras recebidas | 50 validas
2026-06-03 21:02:42,437 [INFO]   Baixados 236 itens vinculados.
2026-06-03 21:02:57,396 [INFO]   Pagina 484/637...
2026-06-03 21:02:58,583 [INFO]   50 compras recebidas | 50 validas
2026-06-03 21:02:59,337 [INFO]   Baixados 234 itens vinculados.
2026-06-03 21:03:15,944 [INFO]   Pagina 485/637...
2026-06-03 21:03:16,643 [INFO]   50 compras recebidas | 50 validas
2026-06-03 21:03:17,394 [INFO]   Baixados 217 itens vinculados.
2026-06-03 21:03:32,574 [INFO]   Pagina 486/637...
2026-06-03 21:03:33,319 [INFO]   50 compras recebidas | 50 validas
2026-06-03 21:03:34,083 [INFO]   Baixados 316 itens vinculados.
2026-06-03 21:03:51,233 [INFO]   Pagina 487/637...
2026-06-03 21:03:52,363 [INFO]   50 compras recebidas | 50 validas
2026-06-03 21:03:53,103 [INFO]   Baixados 233 itens vinculados.
2026-06-03 21:04:08,925 [INFO]   Pagina 488/637...
2026-06-03 21:04:09,873 [INFO]   50 compras recebidas | 50 validas
2026-06-03 21:04:10,647 [INFO]   Baixados 253 itens vinculados.
2026-06-03 21:04:26,214 [INFO]   Pagina 489/637...
2026-06-03 21:04:27,403 [INFO]   50 compras recebidas | 50 validas
2026-06-03 21:04:28,133 [INFO]   Baixados 226 itens vinculados.
2026-06-03 21:04:44,934 [INFO]   Pagina 490/637...
2026-06-03 21:04:46,093 [INFO]   50 compras recebidas | 50 validas
2026-06-03 21:04:46,903 [INFO]   Baixados 161 itens vinculados.
2026-06-03 21:05:03,133 [INFO]   Pagina 491/637...
2026-06-03 21:05:04,443 [INFO]   50 compras recebidas | 50 validas
2026-06-03 21:05:05,264 [INFO]   Baixados 195 itens vinculados.
2026-06-03 21:05:21,703 [INFO]   Pagina 492/637...
2026-06-03 21:05:22,365 [INFO]   50 compras recebidas | 50 validas
2026-06-03 21:05:27,206 [INFO]   Baixados 176 itens vinculados.
2026-06-03 21:05:43,523 [INFO]   Pagina 493/637...
2026-06-03 21:05:44,542 [INFO]   50 compras recebidas | 50 validas
2026-06-03 21:05:45,264 [INFO]   Baixados 188 itens vinculados.
2026-06-03 21:06:00,334 [INFO]   Pagina 494/637...
2026-06-03 21:06:01,584 [INFO]   50 compras recebidas | 50 validas
2026-06-03 21:06:02,391 [INFO]   Baixados 275 itens vinculados.
2026-06-03 21:06:20,275 [INFO]   Pagina 495/637...
2026-06-03 21:06:21,717 [INFO]   50 compras recebidas | 50 validas
2026-06-03 21:06:22,455 [INFO]   Baixados 243 itens vinculados.
2026-06-03 21:06:39,363 [INFO]   Pagina 496/637...
2026-06-03 21:06:40,917 [INFO]   50 compras recebidas | 50 validas
2026-06-03 21:06:41,854 [INFO]   Baixados 231 itens vinculados.
2026-06-03 21:06:57,903 [INFO]   Pagina 497/637...
2026-06-03 21:06:59,084 [INFO]   50 compras recebidas | 50 validas
2026-06-03 21:06:59,814 [INFO]   Baixados 202 itens vinculados.
2026-06-03 21:07:16,463 [INFO]   Pagina 498/637...
2026-06-03 21:07:17,073 [INFO]   50 compras recebidas | 50 validas
2026-06-03 21:07:17,904 [INFO]   Baixados 172 itens vinculados.
2026-06-03 21:07:32,923 [INFO]   Pagina 499/637...
2026-06-03 21:07:33,524 [INFO]   50 compras recebidas | 50 validas
2026-06-03 21:07:34,324 [INFO]   Baixados 229 itens vinculados.
2026-06-03 21:07:48,935 [INFO]   Pagina 500/637...
2026-06-03 21:07:49,514 [INFO]   50 compras recebidas | 50 validas
2026-06-03 21:07:50,274 [INFO]   Baixados 143 itens vinculados.
2026-06-03 21:08:05,735 [INFO]   Pagina 501/637...
2026-06-03 21:08:06,794 [INFO]   50 compras recebidas | 50 validas
2026-06-03 21:08:07,544 [INFO]   Baixados 231 itens vinculados.
2026-06-03 21:08:23,201 [INFO]   Pagina 502/637...
2026-06-03 21:08:24,084 [INFO]   50 compras recebidas | 50 validas
2026-06-03 21:08:25,618 [INFO]   Baixados 200 itens vinculados.
2026-06-03 21:08:41,014 [INFO]   Pagina 503/637...
2026-06-03 21:08:41,914 [INFO]   50 compras recebidas | 50 validas
2026-06-03 21:08:42,704 [INFO]   Baixados 252 itens vinculados.
2026-06-03 21:08:59,075 [INFO]   Pagina 504/637...
2026-06-03 21:09:00,024 [INFO]   50 compras recebidas | 50 validas
2026-06-03 21:09:01,004 [INFO]   Baixados 274 itens vinculados.
2026-06-03 21:09:16,535 [INFO]   Pagina 505/637...
2026-06-03 21:09:17,407 [INFO]   50 compras recebidas | 50 validas
2026-06-03 21:09:18,134 [INFO]   Baixados 182 itens vinculados.
2026-06-03 21:09:34,765 [INFO]   Pagina 506/637...
2026-06-03 21:09:35,754 [INFO]   50 compras recebidas | 50 validas
2026-06-03 21:09:36,504 [INFO]   Baixados 214 itens vinculados.
2026-06-03 21:09:52,324 [INFO]   Pagina 507/637...
2026-06-03 21:09:52,934 [INFO]   50 compras recebidas | 50 validas
2026-06-03 21:09:53,725 [INFO]   Baixados 225 itens vinculados.
2026-06-03 21:10:08,214 [INFO]   Pagina 508/637...
2026-06-03 21:10:09,466 [INFO]   50 compras recebidas | 50 validas
2026-06-03 21:10:10,272 [INFO]   Baixados 243 itens vinculados.
2026-06-03 21:10:27,145 [INFO]   Pagina 509/637...
2026-06-03 21:10:28,325 [INFO]   50 compras recebidas | 50 validas
2026-06-03 21:10:29,166 [INFO]   Baixados 183 itens vinculados.
2026-06-03 21:10:45,315 [INFO]   Pagina 510/637...
2026-06-03 21:10:46,564 [INFO]   50 compras recebidas | 50 validas
2026-06-03 21:10:47,315 [INFO]   Baixados 226 itens vinculados.
2026-06-03 21:11:02,605 [INFO]   Pagina 511/637...
2026-06-03 21:11:03,524 [INFO]   50 compras recebidas | 50 validas
2026-06-03 21:11:04,244 [INFO]   Baixados 200 itens vinculados.
2026-06-03 21:11:21,134 [INFO]   Pagina 512/637...
2026-06-03 21:11:21,855 [INFO]   50 compras recebidas | 50 validas
2026-06-03 21:11:22,667 [INFO]   Baixados 243 itens vinculados.
2026-06-03 21:11:40,135 [INFO]   Pagina 513/637...
2026-06-03 21:11:41,928 [INFO]   50 compras recebidas | 50 validas
2026-06-03 21:11:42,725 [INFO]   Baixados 240 itens vinculados.
2026-06-03 21:12:00,315 [INFO]   Pagina 514/637...
2026-06-03 21:12:01,405 [INFO]   50 compras recebidas | 50 validas
2026-06-03 21:12:02,125 [INFO]   Baixados 197 itens vinculados.
2026-06-03 21:12:19,445 [INFO]   Pagina 515/637...
2026-06-03 21:12:20,585 [INFO]   50 compras recebidas | 50 validas
2026-06-03 21:12:21,325 [INFO]   Baixados 271 itens vinculados.
2026-06-03 21:12:36,296 [INFO]   Pagina 516/637...
2026-06-03 21:12:37,025 [INFO]   50 compras recebidas | 50 validas
2026-06-03 21:12:37,788 [INFO]   Baixados 262 itens vinculados.
2026-06-03 21:12:52,457 [INFO]   Pagina 517/637...
2026-06-03 21:12:53,495 [INFO]   50 compras recebidas | 50 validas
2026-06-03 21:12:54,254 [INFO]   Baixados 208 itens vinculados.
2026-06-03 21:13:11,437 [INFO]   Pagina 518/637...
2026-06-03 21:13:12,665 [INFO]   50 compras recebidas | 50 validas
2026-06-03 21:13:13,415 [INFO]   Baixados 250 itens vinculados.
2026-06-03 21:13:31,826 [INFO]   Pagina 519/637...
2026-06-03 21:13:32,405 [INFO]   50 compras recebidas | 50 validas
2026-06-03 21:13:33,095 [INFO]   Baixados 152 itens vinculados.
2026-06-03 21:13:49,595 [INFO]   Pagina 520/637...
2026-06-03 21:13:50,317 [INFO]   50 compras recebidas | 50 validas
2026-06-03 21:13:51,090 [INFO]   Baixados 268 itens vinculados.
2026-06-03 21:14:07,976 [INFO]   Pagina 521/637...
2026-06-03 21:14:08,585 [INFO]   50 compras recebidas | 50 validas
2026-06-03 21:14:09,275 [INFO]   Baixados 250 itens vinculados.
2026-06-03 21:14:26,575 [INFO]   Pagina 522/637...
2026-06-03 21:14:27,595 [INFO]   50 compras recebidas | 50 validas
2026-06-03 21:14:28,320 [INFO]   Baixados 201 itens vinculados.
2026-06-03 21:14:44,307 [INFO]   Pagina 523/637...
2026-06-03 21:14:45,035 [INFO]   50 compras recebidas | 50 validas
2026-06-03 21:14:45,720 [INFO]   Baixados 205 itens vinculados.
2026-06-03 21:15:02,226 [INFO]   Pagina 524/637...
2026-06-03 21:15:03,285 [INFO]   50 compras recebidas | 50 validas
2026-06-03 21:15:05,109 [INFO]   Baixados 228 itens vinculados.
2026-06-03 21:15:28,346 [INFO]   Pagina 525/637...
2026-06-03 21:15:29,595 [INFO]   50 compras recebidas | 50 validas
2026-06-03 21:15:30,378 [INFO]   Baixados 234 itens vinculados.
2026-06-03 21:15:47,706 [INFO]   Pagina 526/637...
2026-06-03 21:15:48,757 [INFO]   50 compras recebidas | 50 validas
2026-06-03 21:15:49,615 [INFO]   Baixados 204 itens vinculados.
2026-06-03 21:16:06,531 [INFO]   Pagina 527/637...
2026-06-03 21:16:07,695 [INFO]   50 compras recebidas | 50 validas
2026-06-03 21:16:08,516 [INFO]   Baixados 270 itens vinculados.
2026-06-03 21:16:23,839 [INFO]   Pagina 528/637...
2026-06-03 21:16:24,486 [INFO]   50 compras recebidas | 50 validas
2026-06-03 21:16:25,446 [INFO]   Baixados 246 itens vinculados.
2026-06-03 21:16:42,156 [INFO]   Pagina 529/637...
2026-06-03 21:16:43,256 [INFO]   50 compras recebidas | 50 validas
2026-06-03 21:16:44,206 [INFO]   Baixados 216 itens vinculados.
2026-06-03 21:17:01,597 [INFO]   Pagina 530/637...
2026-06-03 21:17:03,398 [INFO]   50 compras recebidas | 50 validas
2026-06-03 21:17:04,137 [INFO]   Baixados 208 itens vinculados.
2026-06-03 21:17:18,996 [INFO]   Pagina 531/637...
2026-06-03 21:17:20,135 [INFO]   50 compras recebidas | 50 validas
2026-06-03 21:17:20,886 [INFO]   Baixados 222 itens vinculados.
2026-06-03 21:17:36,647 [INFO]   Pagina 532/637...
2026-06-03 21:17:37,306 [INFO]   50 compras recebidas | 50 validas
2026-06-03 21:17:38,004 [INFO]   Baixados 218 itens vinculados.
2026-06-03 21:17:55,278 [INFO]   Pagina 533/637...
2026-06-03 21:17:56,296 [INFO]   50 compras recebidas | 50 validas
2026-06-03 21:17:57,117 [INFO]   Baixados 217 itens vinculados.
2026-06-03 21:18:12,287 [INFO]   Pagina 534/637...
2026-06-03 21:18:12,916 [INFO]   50 compras recebidas | 50 validas
2026-06-03 21:18:13,716 [INFO]   Baixados 239 itens vinculados.
2026-06-03 21:18:30,486 [INFO]   Pagina 535/637...
2026-06-03 21:18:31,146 [INFO]   50 compras recebidas | 50 validas
2026-06-03 21:18:31,866 [INFO]   Baixados 219 itens vinculados.
2026-06-03 21:18:49,398 [INFO]   Pagina 536/637...
2026-06-03 21:18:50,486 [INFO]   50 compras recebidas | 50 validas
2026-06-03 21:18:51,217 [INFO]   Baixados 229 itens vinculados.
2026-06-03 21:19:07,758 [INFO]   Pagina 537/637...
2026-06-03 21:19:08,777 [INFO]   50 compras recebidas | 50 validas
2026-06-03 21:19:09,948 [INFO]   Baixados 241 itens vinculados.
2026-06-03 21:19:25,207 [INFO]   Pagina 538/637...
2026-06-03 21:19:26,207 [INFO]   50 compras recebidas | 50 validas
2026-06-03 21:19:26,919 [INFO]   Baixados 174 itens vinculados.
2026-06-03 21:19:45,779 [INFO]   Pagina 539/637...
2026-06-03 21:19:46,705 [INFO]   50 compras recebidas | 50 validas
2026-06-03 21:19:47,447 [INFO]   Baixados 274 itens vinculados.
2026-06-03 21:20:03,576 [INFO]   Pagina 540/637...
2026-06-03 21:20:04,386 [INFO]   50 compras recebidas | 50 validas
2026-06-03 21:20:05,076 [INFO]   Baixados 209 itens vinculados.
2026-06-03 21:20:23,097 [INFO]   Pagina 541/637...
2026-06-03 21:20:24,177 [INFO]   50 compras recebidas | 50 validas
2026-06-03 21:20:24,987 [INFO]   Baixados 206 itens vinculados.
2026-06-03 21:20:40,537 [INFO]   Pagina 542/637...
2026-06-03 21:20:41,687 [INFO]   50 compras recebidas | 50 validas
2026-06-03 21:20:42,468 [INFO]   Baixados 233 itens vinculados.
2026-06-03 21:20:57,617 [INFO]   Pagina 543/637...
2026-06-03 21:20:58,887 [INFO]   50 compras recebidas | 50 validas
2026-06-03 21:20:59,601 [INFO]   Baixados 183 itens vinculados.
2026-06-03 21:21:16,203 [INFO]   Pagina 544/637...
2026-06-03 21:21:17,597 [INFO]   50 compras recebidas | 50 validas
2026-06-03 21:21:18,347 [INFO]   Baixados 207 itens vinculados.
2026-06-03 21:21:35,387 [INFO]   Pagina 545/637...
2026-06-03 21:21:36,297 [INFO]   50 compras recebidas | 50 validas
2026-06-03 21:21:36,968 [INFO]   Baixados 110 itens vinculados.
2026-06-03 21:21:53,409 [INFO]   Pagina 546/637...
2026-06-03 21:21:54,387 [INFO]   50 compras recebidas | 50 validas
2026-06-03 21:21:55,268 [INFO]   Baixados 196 itens vinculados.
2026-06-03 21:22:18,749 [INFO]   Pagina 547/637...
2026-06-03 21:22:20,552 [INFO]   50 compras recebidas | 50 validas
2026-06-03 21:22:21,251 [INFO]   Baixados 176 itens vinculados.
2026-06-03 21:22:35,687 [INFO]   Pagina 548/637...
2026-06-03 21:22:36,728 [INFO]   50 compras recebidas | 50 validas
2026-06-03 21:22:37,468 [INFO]   Baixados 182 itens vinculados.
2026-06-03 21:22:54,459 [INFO]   Pagina 549/637...
2026-06-03 21:22:55,697 [INFO]   50 compras recebidas | 50 validas
2026-06-03 21:22:56,477 [INFO]   Baixados 235 itens vinculados.
2026-06-03 21:23:11,618 [INFO]   Pagina 550/637...
2026-06-03 21:23:13,727 [INFO]   50 compras recebidas | 50 validas
2026-06-03 21:23:15,158 [INFO]   Baixados 225 itens vinculados.
2026-06-03 21:23:37,639 [INFO]   Pagina 551/637...
2026-06-03 21:23:38,538 [INFO]   50 compras recebidas | 50 validas
2026-06-03 21:23:39,218 [INFO]   Baixados 212 itens vinculados.
2026-06-03 21:23:54,968 [INFO]   Pagina 552/637...
2026-06-03 21:23:56,048 [INFO]   50 compras recebidas | 50 validas
2026-06-03 21:23:56,767 [INFO]   Baixados 196 itens vinculados.
2026-06-03 21:24:13,089 [INFO]   Pagina 553/637...
2026-06-03 21:24:14,028 [INFO]   50 compras recebidas | 50 validas
2026-06-03 21:24:14,858 [INFO]   Baixados 164 itens vinculados.
2026-06-03 21:24:29,909 [INFO]   Pagina 554/637...
2026-06-03 21:24:31,038 [INFO]   50 compras recebidas | 50 validas
2026-06-03 21:24:31,779 [INFO]   Baixados 195 itens vinculados.
2026-06-03 21:24:46,948 [INFO]   Pagina 555/637...
2026-06-03 21:24:47,658 [INFO]   50 compras recebidas | 50 validas
2026-06-03 21:24:48,379 [INFO]   Baixados 234 itens vinculados.
2026-06-03 21:25:03,660 [INFO]   Pagina 556/637...
2026-06-03 21:25:04,768 [INFO]   50 compras recebidas | 50 validas
2026-06-03 21:25:05,589 [INFO]   Baixados 281 itens vinculados.
2026-06-03 21:25:21,730 [INFO]   Pagina 557/637...
2026-06-03 21:25:22,780 [INFO]   50 compras recebidas | 50 validas
2026-06-03 21:25:23,578 [INFO]   Baixados 208 itens vinculados.
2026-06-03 21:25:37,968 [INFO]   Pagina 558/637...
2026-06-03 21:25:38,598 [INFO]   50 compras recebidas | 50 validas
2026-06-03 21:25:39,569 [INFO]   Baixados 243 itens vinculados.
2026-06-03 21:25:54,219 [INFO]   Pagina 559/637...
2026-06-03 21:25:55,389 [INFO]   50 compras recebidas | 50 validas
2026-06-03 21:25:56,168 [INFO]   Baixados 189 itens vinculados.
2026-06-03 21:26:14,810 [INFO]   Pagina 560/637...
2026-06-03 21:26:15,969 [INFO]   50 compras recebidas | 50 validas
2026-06-03 21:26:16,760 [INFO]   Baixados 222 itens vinculados.
2026-06-03 21:26:32,930 [INFO]   Pagina 561/637...
2026-06-03 21:26:34,009 [INFO]   50 compras recebidas | 50 validas
2026-06-03 21:26:34,806 [INFO]   Baixados 270 itens vinculados.
2026-06-03 21:26:49,858 [INFO]   Pagina 562/637...
2026-06-03 21:26:51,079 [INFO]   50 compras recebidas | 50 validas
2026-06-03 21:26:51,859 [INFO]   Baixados 231 itens vinculados.
2026-06-03 21:27:07,979 [INFO]   Pagina 563/637...
2026-06-03 21:27:08,898 [INFO]   50 compras recebidas | 50 validas
2026-06-03 21:27:09,644 [INFO]   Baixados 275 itens vinculados.
2026-06-03 21:27:25,730 [INFO]   Pagina 564/637...
2026-06-03 21:27:26,542 [INFO]   50 compras recebidas | 50 validas
2026-06-03 21:27:27,321 [INFO]   Baixados 194 itens vinculados.
2026-06-03 21:27:42,920 [INFO]   Pagina 565/637...
2026-06-03 21:27:43,949 [INFO]   50 compras recebidas | 50 validas
2026-06-03 21:27:44,759 [INFO]   Baixados 202 itens vinculados.
2026-06-03 21:28:01,401 [INFO]   Pagina 566/637...
2026-06-03 21:28:02,059 [INFO]   50 compras recebidas | 50 validas
2026-06-03 21:28:03,019 [INFO]   Baixados 248 itens vinculados.
2026-06-03 21:28:20,441 [INFO]   Pagina 567/637...
2026-06-03 21:28:21,589 [INFO]   50 compras recebidas | 50 validas
2026-06-03 21:28:22,501 [INFO]   Baixados 209 itens vinculados.
2026-06-03 21:28:39,080 [INFO]   Pagina 568/637...
2026-06-03 21:28:40,191 [INFO]   50 compras recebidas | 50 validas
2026-06-03 21:28:40,979 [INFO]   Baixados 235 itens vinculados.
2026-06-03 21:28:59,049 [INFO]   Pagina 569/637...
2026-06-03 21:28:59,710 [INFO]   50 compras recebidas | 50 validas
2026-06-03 21:29:00,549 [INFO]   Baixados 228 itens vinculados.
2026-06-03 21:29:17,209 [INFO]   Pagina 570/637...
2026-06-03 21:29:18,370 [INFO]   50 compras recebidas | 50 validas
2026-06-03 21:29:19,120 [INFO]   Baixados 186 itens vinculados.
2026-06-03 21:29:34,511 [INFO]   Pagina 571/637...
2026-06-03 21:29:35,850 [INFO]   50 compras recebidas | 50 validas
2026-06-03 21:29:36,580 [INFO]   Baixados 209 itens vinculados.
2026-06-03 21:29:53,140 [INFO]   Pagina 572/637...
2026-06-03 21:29:53,770 [INFO]   50 compras recebidas | 50 validas
2026-06-03 21:29:54,610 [INFO]   Baixados 214 itens vinculados.
2026-06-03 21:30:13,020 [INFO]   Pagina 573/637...
2026-06-03 21:30:15,183 [INFO]   50 compras recebidas | 50 validas
2026-06-03 21:30:15,960 [INFO]   Baixados 149 itens vinculados.
2026-06-03 21:30:34,090 [INFO]   Pagina 574/637...
2026-06-03 21:30:35,450 [INFO]   50 compras recebidas | 50 validas
2026-06-03 21:30:36,370 [INFO]   Baixados 184 itens vinculados.
2026-06-03 21:30:54,521 [INFO]   Pagina 575/637...
2026-06-03 21:30:55,600 [INFO]   50 compras recebidas | 50 validas
2026-06-03 21:30:57,293 [INFO]   Baixados 181 itens vinculados.
2026-06-03 21:31:15,131 [INFO]   Pagina 576/637...
2026-06-03 21:31:15,890 [INFO]   50 compras recebidas | 50 validas
2026-06-03 21:31:16,700 [INFO]   Baixados 236 itens vinculados.
2026-06-03 21:31:33,509 [INFO]   Pagina 577/637...
2026-06-03 21:31:34,852 [INFO]   50 compras recebidas | 50 validas
2026-06-03 21:31:35,931 [INFO]   Baixados 278 itens vinculados.
2026-06-03 21:31:52,900 [INFO]   Pagina 578/637...
2026-06-03 21:31:53,610 [INFO]   50 compras recebidas | 50 validas
2026-06-03 21:31:54,441 [INFO]   Baixados 198 itens vinculados.
2026-06-03 21:32:10,952 [INFO]   Pagina 579/637...
2026-06-03 21:32:12,201 [INFO]   50 compras recebidas | 50 validas
2026-06-03 21:32:13,063 [INFO]   Baixados 230 itens vinculados.
2026-06-03 21:32:30,861 [INFO]   Pagina 580/637...
2026-06-03 21:32:31,951 [INFO]   50 compras recebidas | 50 validas
2026-06-03 21:32:32,872 [INFO]   Baixados 241 itens vinculados.
2026-06-03 21:32:49,041 [INFO]   Pagina 581/637...
2026-06-03 21:32:50,422 [INFO]   50 compras recebidas | 50 validas
2026-06-03 21:32:51,595 [INFO]   Baixados 239 itens vinculados.
2026-06-03 21:33:08,373 [INFO]   Pagina 582/637...
2026-06-03 21:33:09,392 [INFO]   50 compras recebidas | 50 validas
2026-06-03 21:33:10,662 [INFO]   Baixados 238 itens vinculados.
2026-06-03 21:33:26,502 [INFO]   Pagina 583/637...
2026-06-03 21:33:27,753 [INFO]   50 compras recebidas | 50 validas
2026-06-03 21:33:28,723 [INFO]   Baixados 270 itens vinculados.
2026-06-03 21:33:45,045 [INFO]   Pagina 584/637...
2026-06-03 21:33:46,123 [INFO]   50 compras recebidas | 50 validas
2026-06-03 21:33:46,903 [INFO]   Baixados 207 itens vinculados.
2026-06-03 21:34:03,584 [INFO]   Pagina 585/637...
2026-06-03 21:34:04,786 [INFO]   50 compras recebidas | 50 validas
2026-06-03 21:34:05,766 [INFO]   Baixados 247 itens vinculados.
2026-06-03 21:34:21,603 [INFO]   Pagina 586/637...
2026-06-03 21:34:22,674 [INFO]   50 compras recebidas | 50 validas
2026-06-03 21:34:23,464 [INFO]   Baixados 282 itens vinculados.
2026-06-03 21:34:39,803 [INFO]   Pagina 587/637...
2026-06-03 21:34:40,704 [INFO]   50 compras recebidas | 50 validas
2026-06-03 21:34:41,565 [INFO]   Baixados 235 itens vinculados.
2026-06-03 21:34:56,875 [INFO]   Pagina 588/637...
2026-06-03 21:34:58,367 [INFO]   50 compras recebidas | 50 validas
2026-06-03 21:34:59,203 [INFO]   Baixados 263 itens vinculados.
2026-06-03 21:35:16,495 [INFO]   Pagina 589/637...
2026-06-03 21:35:17,484 [INFO]   50 compras recebidas | 50 validas
2026-06-03 21:35:18,824 [INFO]   Baixados 186 itens vinculados.
2026-06-03 21:35:35,655 [INFO]   Pagina 590/637...
2026-06-03 21:35:36,885 [INFO]   50 compras recebidas | 50 validas
2026-06-03 21:35:37,665 [INFO]   Baixados 172 itens vinculados.
2026-06-03 21:35:54,234 [INFO]   Pagina 591/637...
2026-06-03 21:35:55,238 [INFO]   50 compras recebidas | 50 validas
2026-06-03 21:35:56,188 [INFO]   Baixados 219 itens vinculados.
2026-06-03 21:36:11,875 [INFO]   Pagina 592/637...
2026-06-03 21:36:12,715 [INFO]   50 compras recebidas | 50 validas
2026-06-03 21:36:13,488 [INFO]   Baixados 229 itens vinculados.
2026-06-03 21:36:29,166 [INFO]   Pagina 593/637...
2026-06-03 21:36:30,167 [INFO]   50 compras recebidas | 50 validas
2026-06-03 21:36:30,985 [INFO]   Baixados 200 itens vinculados.
2026-06-03 21:36:46,207 [INFO]   Pagina 594/637...
2026-06-03 21:36:47,166 [INFO]   50 compras recebidas | 50 validas
2026-06-03 21:36:49,178 [INFO]   Baixados 266 itens vinculados.
2026-06-03 21:37:05,948 [INFO]   Pagina 595/637...
2026-06-03 21:37:07,979 [INFO]   50 compras recebidas | 50 validas
2026-06-03 21:37:08,766 [INFO]   Baixados 248 itens vinculados.
2026-06-03 21:37:24,387 [INFO]   Pagina 596/637...
2026-06-03 21:37:25,268 [INFO]   50 compras recebidas | 50 validas
2026-06-03 21:37:26,186 [INFO]   Baixados 207 itens vinculados.
2026-06-03 21:37:42,167 [INFO]   Pagina 597/637...
2026-06-03 21:37:43,286 [INFO]   50 compras recebidas | 50 validas
2026-06-03 21:37:44,026 [INFO]   Baixados 259 itens vinculados.
2026-06-03 21:37:59,717 [INFO]   Pagina 598/637...
2026-06-03 21:38:01,020 [INFO]   50 compras recebidas | 50 validas
2026-06-03 21:38:03,370 [INFO]   Baixados 183 itens vinculados.
2026-06-03 21:38:19,730 [INFO]   Pagina 599/637...
2026-06-03 21:38:21,172 [INFO]   50 compras recebidas | 50 validas
2026-06-03 21:38:22,690 [INFO]   Baixados 248 itens vinculados.
2026-06-03 21:38:39,577 [INFO]   Pagina 600/637...
2026-06-03 21:38:40,677 [INFO]   50 compras recebidas | 50 validas
2026-06-03 21:38:41,407 [INFO]   Baixados 209 itens vinculados.
2026-06-03 21:38:57,709 [INFO]   Pagina 601/637...
2026-06-03 21:38:58,778 [INFO]   50 compras recebidas | 50 validas
2026-06-03 21:38:59,567 [INFO]   Baixados 272 itens vinculados.
2026-06-03 21:39:16,006 [INFO]   Pagina 602/637...
2026-06-03 21:39:16,678 [INFO]   50 compras recebidas | 50 validas
2026-06-03 21:39:17,388 [INFO]   Baixados 199 itens vinculados.
2026-06-03 21:39:34,178 [INFO]   Pagina 603/637...
2026-06-03 21:39:35,288 [INFO]   50 compras recebidas | 50 validas
2026-06-03 21:39:39,031 [INFO]   Baixados 178 itens vinculados.
2026-06-03 21:39:55,789 [INFO]   Pagina 604/637...
2026-06-03 21:39:57,190 [INFO]   50 compras recebidas | 50 validas
2026-06-03 21:39:58,081 [INFO]   Baixados 221 itens vinculados.
2026-06-03 21:40:17,418 [INFO]   Pagina 605/637...
2026-06-03 21:40:18,088 [INFO]   50 compras recebidas | 50 validas
2026-06-03 21:40:19,059 [INFO]   Baixados 247 itens vinculados.
2026-06-03 21:40:36,939 [INFO]   Pagina 606/637...
2026-06-03 21:40:37,869 [INFO]   50 compras recebidas | 50 validas
2026-06-03 21:40:38,709 [INFO]   Baixados 207 itens vinculados.
2026-06-03 21:40:54,760 [INFO]   Pagina 607/637...
2026-06-03 21:40:55,879 [INFO]   50 compras recebidas | 50 validas
2026-06-03 21:40:56,781 [INFO]   Baixados 158 itens vinculados.
2026-06-03 21:41:14,170 [INFO]   Pagina 608/637...
2026-06-03 21:41:15,279 [INFO]   50 compras recebidas | 50 validas
2026-06-03 21:41:16,079 [INFO]   Baixados 209 itens vinculados.
2026-06-03 21:41:34,700 [INFO]   Pagina 609/637...
2026-06-03 21:41:35,519 [INFO]   50 compras recebidas | 50 validas
2026-06-03 21:41:36,271 [INFO]   Baixados 222 itens vinculados.
2026-06-03 21:41:52,720 [INFO]   Pagina 610/637...
2026-06-03 21:41:53,760 [INFO]   50 compras recebidas | 50 validas
2026-06-03 21:41:54,649 [INFO]   Baixados 254 itens vinculados.
2026-06-03 21:42:12,539 [INFO]   Pagina 611/637...
2026-06-03 21:42:13,800 [INFO]   50 compras recebidas | 50 validas
2026-06-03 21:42:14,630 [INFO]   Baixados 213 itens vinculados.
2026-06-03 21:42:31,449 [INFO]   Pagina 612/637...
2026-06-03 21:42:32,440 [INFO]   50 compras recebidas | 50 validas
2026-06-03 21:42:33,420 [INFO]   Baixados 255 itens vinculados.
2026-06-03 21:42:47,940 [INFO]   Pagina 613/637...
2026-06-03 21:42:48,970 [INFO]   50 compras recebidas | 50 validas
2026-06-03 21:42:49,771 [INFO]   Baixados 258 itens vinculados.
2026-06-03 21:43:09,331 [INFO]   Pagina 614/637...
2026-06-03 21:43:10,311 [INFO]   50 compras recebidas | 50 validas
2026-06-03 21:43:11,190 [INFO]   Baixados 266 itens vinculados.
2026-06-03 21:43:27,650 [INFO]   Pagina 615/637...
2026-06-03 21:43:28,780 [INFO]   50 compras recebidas | 50 validas
2026-06-03 21:43:29,722 [INFO]   Baixados 184 itens vinculados.
2026-06-03 21:43:46,900 [INFO]   Pagina 616/637...
2026-06-03 21:43:47,621 [INFO]   50 compras recebidas | 50 validas
2026-06-03 21:43:48,361 [INFO]   Baixados 197 itens vinculados.
2026-06-03 21:44:03,590 [INFO]   Pagina 617/637...
2026-06-03 21:44:04,801 [INFO]   50 compras recebidas | 50 validas
2026-06-03 21:44:05,691 [INFO]   Baixados 207 itens vinculados.
2026-06-03 21:44:22,412 [INFO]   Pagina 618/637...
2026-06-03 21:44:23,824 [INFO]   50 compras recebidas | 50 validas
2026-06-03 21:44:24,691 [INFO]   Baixados 205 itens vinculados.
2026-06-03 21:44:40,264 [INFO]   Pagina 619/637...
2026-06-03 21:44:41,621 [INFO]   50 compras recebidas | 50 validas
2026-06-03 21:44:42,361 [INFO]   Baixados 238 itens vinculados.
2026-06-03 21:44:57,252 [INFO]   Pagina 620/637...
2026-06-03 21:44:58,271 [INFO]   50 compras recebidas | 50 validas
2026-06-03 21:44:59,603 [INFO]   Baixados 194 itens vinculados.
2026-06-03 21:45:17,102 [INFO]   Pagina 621/637...
2026-06-03 21:45:18,782 [INFO]   50 compras recebidas | 50 validas
2026-06-03 21:45:23,104 [INFO]   Baixados 213 itens vinculados.
2026-06-03 21:45:39,361 [INFO]   Pagina 622/637...
2026-06-03 21:45:40,337 [INFO]   50 compras recebidas | 50 validas
2026-06-03 21:45:41,154 [INFO]   Baixados 209 itens vinculados.
2026-06-03 21:45:57,443 [INFO]   Pagina 623/637...
2026-06-03 21:45:58,362 [INFO]   50 compras recebidas | 50 validas
2026-06-03 21:45:59,272 [INFO]   Baixados 243 itens vinculados.
2026-06-03 21:46:14,332 [INFO]   Pagina 624/637...
2026-06-03 21:46:15,382 [INFO]   50 compras recebidas | 50 validas
2026-06-03 21:46:16,219 [INFO]   Baixados 226 itens vinculados.
2026-06-03 21:46:31,982 [INFO]   Pagina 625/637...
2026-06-03 21:46:33,032 [INFO]   50 compras recebidas | 50 validas
2026-06-03 21:46:33,823 [INFO]   Baixados 228 itens vinculados.
2026-06-03 21:46:49,722 [INFO]   Pagina 626/637...
2026-06-03 21:46:50,863 [INFO]   50 compras recebidas | 50 validas
2026-06-03 21:46:51,632 [INFO]   Baixados 188 itens vinculados.
2026-06-03 21:47:08,254 [INFO]   Pagina 627/637...
2026-06-03 21:47:09,453 [INFO]   50 compras recebidas | 50 validas
2026-06-03 21:47:10,263 [INFO]   Baixados 250 itens vinculados.
2026-06-03 21:47:23,083 [INFO]   Pagina 628/637...
2026-06-03 21:47:24,272 [INFO]   50 compras recebidas | 50 validas
2026-06-03 21:47:25,133 [INFO]   Baixados 178 itens vinculados.
2026-06-03 21:47:37,604 [INFO]   Pagina 629/637...
2026-06-03 21:47:38,543 [INFO]   50 compras recebidas | 50 validas
2026-06-03 21:47:40,166 [INFO]   Baixados 204 itens vinculados.
2026-06-03 21:47:54,194 [INFO]   Pagina 630/637...
2026-06-03 21:47:55,163 [INFO]   50 compras recebidas | 50 validas
2026-06-03 21:47:55,963 [INFO]   Baixados 243 itens vinculados.
2026-06-03 21:48:12,703 [INFO]   Pagina 631/637...
2026-06-03 21:48:13,689 [INFO]   50 compras recebidas | 50 validas
2026-06-03 21:48:14,664 [INFO]   Baixados 204 itens vinculados.
2026-06-03 21:48:31,872 [INFO]   Pagina 632/637...
2026-06-03 21:48:32,823 [INFO]   50 compras recebidas | 50 validas
2026-06-03 21:48:33,513 [INFO]   Baixados 169 itens vinculados.
2026-06-03 21:48:49,895 [INFO]   Pagina 633/637...
2026-06-03 21:48:50,469 [INFO]   50 compras recebidas | 50 validas
2026-06-03 21:48:51,383 [INFO]   Baixados 195 itens vinculados.
2026-06-03 21:49:03,475 [INFO]   Pagina 634/637...
2026-06-03 21:49:04,254 [INFO]   50 compras recebidas | 50 validas
2026-06-03 21:49:05,144 [INFO]   Baixados 228 itens vinculados.
2026-06-03 21:49:18,013 [INFO]   Pagina 635/637...
2026-06-03 21:49:18,744 [INFO]   50 compras recebidas | 50 validas
2026-06-03 21:49:24,576 [INFO]   Baixados 219 itens vinculados.
2026-06-03 21:49:36,385 [INFO]   Pagina 636/637...
2026-06-03 21:49:37,474 [INFO]   50 compras recebidas | 50 validas
2026-06-03 21:49:38,284 [INFO]   Baixados 221 itens vinculados.
2026-06-03 21:49:51,945 [INFO]   Pagina 637/637...
2026-06-03 21:49:53,186 [INFO]   50 compras recebidas | 50 validas
2026-06-03 21:49:54,004 [INFO]   Baixados 275 itens vinculados.
2026-06-03 21:50:04,104 [INFO] ============================================================
2026-06-03 21:50:04,104 [INFO] Extracao concluida!
2026-06-03 21:50:04,105 [INFO]   Total compras salvas: 31850
2026-06-03 21:50:04,105 [INFO]   Total itens salvos:   139614
2026-06-03 21:50:04,113 [INFO] Checkpoint removido (execucao completa).
2026-06-03 21:50:04,113 [INFO] ============================================================
